Application,ProcessID,SwapChainAddress,PresentRuntime,SyncInterval,PresentFlags,AllowsTearing,PresentMode,CPUStartTime,FrameTime,CPUBusy,CPUWait,GPULatency,GPUTime,GPUBusy,GPUWait,DisplayLatency,DisplayedTime,AnimationError,AnimationTime,MsFlipDelay,AllInputToPhotonLatency,ClickToPhotonLatency
Code.exe,14868,0x2E094ECB090,DXGI,0,0,0,Hardware Composed: Independent Flip,5.7239,0.2652,0.2402,0.0250,6.1537,5.1597,2.3338,2.8259,13.1856,4.1701,NA,5.7239,NA,NA,NA
Code.exe,14868,0x2E094ECB090,DXGI,0,0,0,Hardware Composed: Independent Flip,5.9891,1.0694,1.0442,0.0252,11.0482,3.5286,2.4738,1.0548,17.0905,4.1509,-3.9049,5.9891,NA,NA,NA
Code.exe,14868,0x2E094ECB090,DXGI,0,0,0,Hardware Composed: Independent Flip,7.0585,9.0411,8.8799,0.1612,13.5514,4.6730,2.6539,2.0191,20.1720,4.1979,-3.0815,7.0585,NA,NA,NA
Code.exe,14868,0x2E094ECB090,DXGI,0,0,0,Hardware Composed: Independent Flip,16.0996,2.8998,2.6220,0.2778,9.1833,2.9345,1.2709,1.6636,15.3288,4.1740,4.8432,16.0996,NA,NA,NA
Code.exe,14868,0x2E094ECB090,DXGI,0,0,0,Hardware Composed: Independent Flip,18.9994,4.1534,3.7547,0.3987,9.2180,4.2326,1.0612,3.1714,16.6030,4.1355,-1.2742,18.9994,NA,NA,NA
Code.exe,14868,0x2E094ECB090,DXGI,0,0,0,Hardware Composed: Independent Flip,23.1528,4.1174,4.0553,0.0621,9.3821,4.1138,1.7063,2.4075,16.5851,8.3388,0.0179,23.1528,NA,NA,NA
Code.exe,14868,0x2E094ECB090,DXGI,0,0,0,Hardware Composed: Independent Flip,27.2702,9.0631,9.0060,0.0571,9.4583,9.8713,9.8713,0.0000,20.8065,4.1683,-4.2214,27.2702,NA,NA,NA
Code.exe,14868,0x2E094ECB090,DXGI,0,0,0,Hardware Composed: Independent Flip,36.3333,1.2642,1.1976,0.0666,10.2798,4.2421,3.1072,1.1349,15.9117,4.1552,4.8948,36.3333,NA,NA,NA
Code.exe,14868,0x2E094ECB090,DXGI,0,0,0,Hardware Composed: Independent Flip,37.5975,2.9687,2.8841,0.0846,13.5317,3.0245,2.7170,0.3075,18.8027,4.1681,-2.8910,37.5975,NA,NA,NA
Code.exe,14868,0x2E094ECB090,DXGI,0,0,0,Hardware Composed: Independent Flip,40.5662,7.5768,3.9124,3.6644,13.5875,3.9691,2.3105,1.6586,20.0021,4.1688,-1.1994,40.5662,NA,NA,NA
Code.exe,14868,0x2E094ECB090,DXGI,0,0,0,Hardware Composed: Independent Flip,48.1430,4.1769,0.5857,3.5912,9.9798,4.4981,2.8080,1.6901,16.5941,8.3183,3.4080,48.1430,NA,NA,NA
Code.exe,14868,0x2E094ECB090,DXGI,0,0,0,Hardware Composed: Independent Flip,52.3199,5.7649,5.7262,0.0387,10.3812,7.7982,7.7982,0.0000,20.7355,4.1660,-4.1414,52.3199,NA,NA,NA
Code.exe,14868,0x2E094ECB090,DXGI,0,0,0,Hardware Composed: Independent Flip,58.0848,2.5458,0.8812,1.6646,12.4446,4.8672,3.3049,1.5623,19.1366,4.1670,1.5989,58.0848,NA,NA,NA
Code.exe,14868,0x2E094ECB090,DXGI,0,0,0,Hardware Composed: Independent Flip,60.6306,4.1784,0.8567,3.3217,14.8225,3.8566,2.8280,1.0286,20.7578,4.1744,-1.6212,60.6306,NA,NA,NA
Code.exe,14868,0x2E094ECB090,DXGI,0,0,0,Hardware Composed: Independent Flip,64.8090,8.3287,0.4456,7.8831,14.5007,4.6829,3.2460,1.4369,20.7538,4.1682,0.0040,64.8090,NA,NA,NA
Code.exe,14868,0x2E094ECB090,DXGI,0,0,0,Hardware Composed: Independent Flip,73.1377,4.1411,1.7151,2.4260,10.9364,4.2576,2.9524,1.3052,16.5933,4.1554,4.1605,73.1377,NA,NA,NA
Code.exe,14868,0x2E094ECB090,DXGI,0,0,0,Hardware Composed: Independent Flip,77.2788,4.1663,1.4141,2.7522,11.1437,3.8938,3.4425,0.4513,16.6076,4.1713,-0.0143,77.2788,NA,NA,NA
Code.exe,14868,0x2E094ECB090,DXGI,0,0,0,Hardware Composed: Independent Flip,81.4451,4.2099,0.3817,3.8282,10.8712,4.2115,3.2093,1.0022,16.6126,8.3263,-0.0050,81.4451,NA,NA,NA
Code.exe,14868,0x2E094ECB090,DXGI,0,0,0,Hardware Composed: Independent Flip,85.6550,5.4725,5.3870,0.0855,11.1802,7.9299,7.9299,0.0000,20.7290,4.1675,-4.1164,85.6550,NA,NA,NA
Code.exe,14868,0x2E094ECB090,DXGI,0,0,0,Hardware Composed: Independent Flip,91.1275,2.8222,1.5198,1.3024,13.6376,5.2146,4.0440,1.1706,19.4240,4.1604,1.3050,91.1275,NA,NA,NA
Code.exe,14868,0x2E094ECB090,DXGI,0,0,0,Hardware Composed: Independent Flip,93.9497,4.1816,0.6691,3.5125,16.0300,3.8319,2.6910,1.1409,20.7622,4.1621,-1.3382,93.9497,NA,NA,NA
Code.exe,14868,0x2E094ECB090,DXGI,0,0,0,Hardware Composed: Independent Flip,98.1313,8.3257,0.5031,7.8226,15.6803,2.5939,2.3476,0.2463,20.7427,4.1711,0.0195,98.1313,NA,NA,NA
Code.exe,14868,0x2E094ECB090,DXGI,0,0,0,Hardware Composed: Independent Flip,106.4570,4.1584,0.6497,3.5087,9.9485,4.6243,2.7910,1.8333,16.5881,5.4940,4.1546,106.4570,NA,NA,NA
Code.exe,14868,0x2E094ECB090,DXGI,0,0,0,Hardware Composed: Independent Flip,110.6154,4.6987,4.6373,0.0614,10.4773,7.3046,7.3046,0.0000,17.9237,9.5852,-1.3356,110.6154,NA,NA,NA
Code.exe,14868,0x2E094ECB090,DXGI,0,0,0,Hardware Composed: Independent Flip,115.3141,3.6207,1.0323,2.5884,13.1768,3.3673,3.3673,0.0000,22.8102,4.1456,-4.8865,115.3141,NA,NA,NA
Code.exe,14868,0x2E094ECB090,DXGI,0,0,0,Hardware Composed: Independent Flip,118.9348,4.1671,1.5317,2.6354,13.8782,7.2829,2.6423,4.6406,23.3351,4.1639,-0.5249,118.9348,NA,NA,NA
Code.exe,14868,0x2E094ECB090,DXGI,0,0,0,Hardware Composed: Independent Flip,123.1019,5.5318,0.3542,5.1776,16.9940,3.6306,1.6263,2.0043,23.3319,4.1706,0.0032,123.1019,NA,NA,NA
Code.exe,14868,0x2E094ECB090,DXGI,0,0,0,Hardware Composed: Independent Flip,128.6337,9.5728,1.1612,8.4116,15.3788,3.7521,2.5014,1.2507,21.9707,4.1579,1.3612,128.6337,NA,NA,NA
Code.exe,14868,0x2E094ECB090,DXGI,0,0,0,Hardware Composed: Independent Flip,138.2065,4.1333,1.8298,2.3035,9.6492,3.8769,1.8156,2.0613,16.5558,4.1714,5.4149,138.2065,NA,NA,NA
Code.exe,14868,0x2E094ECB090,DXGI,0,0,0,Hardware Composed: Independent Flip,142.3398,4.1776,0.4681,3.7095,9.3928,4.1213,1.4670,2.6543,16.5939,5.5340,-0.0381,142.3398,NA,NA,NA
Code.exe,14868,0x2E094ECB090,DXGI,0,0,0,Hardware Composed: Independent Flip,146.5174,5.2337,5.1994,0.0343,10.3970,7.4231,7.4231,0.0000,17.9503,4.1687,-1.3564,146.5174,NA,NA,NA
Code.exe,14868,0x2E094ECB090,DXGI,0,0,0,Hardware Composed: Independent Flip,151.7511,3.0609,1.3783,1.6826,12.6592,3.1602,3.1602,0.0000,16.8853,4.1593,1.0650,151.7511,NA,NA,NA
Code.exe,14868,0x2E094ECB090,DXGI,0,0,0,Hardware Composed: Independent Flip,154.8120,4.1856,1.1410,3.0446,12.8347,2.7565,1.7347,1.0218,17.9837,4.1773,-1.0984,154.8120,NA,NA,NA
Code.exe,14868,0x2E094ECB090,DXGI,0,0,0,Hardware Composed: Independent Flip,158.9976,5.6078,0.3465,5.2613,11.4056,3.4734,2.0302,1.4432,17.9754,4.1659,0.0083,158.9976,NA,NA,NA
Code.exe,14868,0x2E094ECB090,DXGI,0,0,0,Hardware Composed: Independent Flip,164.6054,4.0942,0.5575,3.5367,9.2712,4.1353,1.5226,2.6127,16.5335,5.4625,1.4419,164.6054,NA,NA,NA
Code.exe,14868,0x2E094ECB090,DXGI,0,0,0,Hardware Composed: Independent Flip,168.6996,4.5965,4.5319,0.0646,9.3728,8.4213,8.4213,0.0000,17.9018,4.1722,-1.3683,168.6996,NA,NA,NA
Code.exe,14868,0x2E094ECB090,DXGI,0,0,0,Hardware Composed: Independent Flip,173.2961,3.7378,0.2564,3.4814,14.1401,1.7906,1.7906,0.0000,17.4775,7.0064,0.4243,173.2961,NA,NA,NA
Code.exe,14868,0x2E094ECB090,DXGI,0,0,0,Hardware Composed: Independent Flip,177.0339,4.4221,4.3801,0.0420,12.5253,8.1029,8.1029,0.0000,20.7461,4.1648,-3.2686,177.0339,NA,NA,NA
Code.exe,14868,0x2E094ECB090,DXGI,0,0,0,Hardware Composed: Independent Flip,181.4560,5.2362,0.2864,4.9498,16.3670,1.6740,1.6740,0.0000,20.4888,6.4022,0.2573,181.4560,NA,NA,NA
Code.exe,14868,0x2E094ECB090,DXGI,0,0,0,Hardware Composed: Independent Flip,186.6922,4.2349,4.1948,0.0401,12.8165,8.7694,7.6767,1.0927,21.6548,8.6049,-1.1660,186.6922,NA,NA,NA
Code.exe,14868,0x2E094ECB090,DXGI,0,0,0,Hardware Composed: Independent Flip,190.9271,6.9130,2.6008,4.3122,17.3638,7.0529,7.0529,0.0000,26.0248,4.1584,-4.3700,190.9271,NA,NA,NA
Code.exe,14868,0x2E094ECB090,DXGI,0,0,0,Hardware Composed: Independent Flip,197.8401,4.2091,0.6275,3.5816,19.1573,1.5785,1.5785,0.0000,23.2702,5.6941,2.7546,197.8401,NA,NA,NA
Code.exe,14868,0x2E094ECB090,DXGI,0,0,0,Hardware Composed: Independent Flip,202.0492,6.3587,4.3643,1.9944,16.8031,7.8379,7.8379,0.0000,24.7552,4.1653,-1.4850,202.0492,NA,NA,NA
Code.exe,14868,0x2E094ECB090,DXGI,0,0,0,Hardware Composed: Independent Flip,208.4079,8.6303,0.5751,8.0552,19.2984,1.8926,1.7461,0.1465,22.5618,5.9992,2.1934,208.4079,NA,NA,NA
Code.exe,14868,0x2E094ECB090,DXGI,0,0,0,Hardware Composed: Independent Flip,217.0382,4.1178,4.0551,0.0627,12.5607,7.2505,7.2505,0.0000,19.9307,4.1723,2.6311,217.0382,NA,NA,NA
Code.exe,14868,0x2E094ECB090,DXGI,0,0,0,Hardware Composed: Independent Flip,221.1560,5.7143,0.6906,5.0237,15.7611,1.9177,1.8914,0.0263,19.9852,4.1772,-0.0545,221.1560,NA,NA,NA
Code.exe,14868,0x2E094ECB090,DXGI,0,0,0,Hardware Composed: Independent Flip,226.8703,4.2913,0.3567,3.9346,11.9645,2.7656,0.7034,2.0622,18.4481,4.1523,1.5371,226.8703,NA,NA,NA
Code.exe,14868,0x2E094ECB090,DXGI,0,0,0,Hardware Composed: Independent Flip,231.1616,5.9509,0.7569,5.1940,11.4811,3.0959,0.5352,2.5607,18.3091,4.1823,0.1390,231.1616,NA,NA,NA
Code.exe,14868,0x2E094ECB090,DXGI,0,0,0,Hardware Composed: Independent Flip,237.1125,4.7309,4.6914,0.0395,8.7078,7.7310,7.7310,0.0000,16.5405,4.1765,1.7686,237.1125,NA,NA,NA
Code.exe,14868,0x2E094ECB090,DXGI,0,0,0,Hardware Composed: Independent Flip,241.8434,3.5901,0.3013,3.2888,11.9994,1.6116,1.6116,0.0000,15.9861,5.9224,0.5544,241.8434,NA,NA,NA
Code.exe,14868,0x2E094ECB090,DXGI,0,0,0,Hardware Composed: Independent Flip,245.4335,4.1047,3.9000,0.2047,10.0681,8.2029,7.2358,0.9671,18.3184,4.1703,-2.3323,245.4335,NA,NA,NA
Code.exe,14868,0x2E094ECB090,DXGI,0,0,0,Hardware Composed: Independent Flip,249.5382,4.1947,0.5137,3.6810,14.1663,3.3445,3.3445,0.0000,18.3840,4.1695,-0.0656,249.5382,NA,NA,NA
Code.exe,14868,0x2E094ECB090,DXGI,0,0,0,Hardware Composed: Independent Flip,253.7329,4.1551,0.8707,3.2844,13.3840,2.6452,2.0146,0.6306,18.3588,4.1667,0.0252,253.7329,NA,NA,NA
Code.exe,14868,0x2E094ECB090,DXGI,0,0,0,Hardware Composed: Independent Flip,257.8880,5.9361,0.3435,5.5926,11.9336,2.5354,0.4091,2.1263,18.3704,4.1750,-0.0116,257.8880,NA,NA,NA
Code.exe,14868,0x2E094ECB090,DXGI,0,0,0,Hardware Composed: Independent Flip,263.8241,4.1519,0.2249,3.9270,8.5329,4.1656,0.2426,3.9230,16.6093,4.1584,1.7611,263.8241,NA,NA,NA
Code.exe,14868,0x2E094ECB090,DXGI,0,0,0,Hardware Composed: Independent Flip,267.9760,4.1770,0.6117,3.5653,8.5800,4.1293,0.3840,3.7453,16.6158,4.1808,-0.0065,267.9760,NA,NA,NA
Code.exe,14868,0x2E094ECB090,DXGI,0,0,0,Hardware Composed: Independent Flip,272.1530,4.1770,0.2448,3.9322,9.7162,3.0099,0.4303,2.5796,16.6196,4.1610,-0.0038,272.1530,NA,NA,NA
Code.exe,14868,0x2E094ECB090,DXGI,0,0,0,Hardware Composed: Independent Flip,276.3300,4.1633,0.1871,3.9762,12.4932,0.2654,0.2654,0.0000,16.6036,4.1449,0.0160,276.3300,NA,NA,NA
Code.exe,14868,0x2E094ECB090,DXGI,0,0,0,Hardware Composed: Independent Flip,280.4933,4.1458,0.3329,3.8129,12.4762,0.1986,0.1986,0.0000,16.5852,4.1892,0.0184,280.4933,NA,NA,NA
Code.exe,14868,0x2E094ECB090,DXGI,0,0,0,Hardware Composed: Independent Flip,284.6391,4.2147,0.6713,3.5434,8.5958,4.0965,0.4131,3.6834,16.6286,4.1634,-0.0434,284.6391,NA,NA,NA
Code.exe,14868,0x2E094ECB090,DXGI,0,0,0,Hardware Composed: Independent Flip,288.8538,4.1262,2.0356,2.0906,8.4776,6.3641,5.4166,0.9475,16.5773,4.1479,0.0513,288.8538,NA,NA,NA
Code.exe,14868,0x2E094ECB090,DXGI,0,0,0,Hardware Composed: Independent Flip,292.9800,4.1473,0.5693,3.5780,10.7966,3.1302,1.6231,1.5071,16.5990,4.1744,-0.0217,292.9800,NA,NA,NA
Code.exe,14868,0x2E094ECB090,DXGI,0,0,0,Hardware Composed: Independent Flip,297.1273,4.2458,0.1829,4.0629,9.7795,2.9420,0.2516,2.6904,16.6261,4.1625,-0.0271,297.1273,NA,NA,NA
Code.exe,14868,0x2E094ECB090,DXGI,0,0,0,Hardware Composed: Independent Flip,301.3731,4.1489,0.7706,3.3783,8.5274,4.1287,0.4477,3.6810,16.5428,4.1951,0.0833,301.3731,NA,NA,NA
Code.exe,14868,0x2E094ECB090,DXGI,0,0,0,Hardware Composed: Independent Flip,305.5220,4.1080,0.2404,3.8676,12.4352,0.2278,0.2278,0.0000,16.5890,4.1432,-0.0462,305.5220,NA,NA,NA
Code.exe,14868,0x2E094ECB090,DXGI,0,0,0,Hardware Composed: Independent Flip,309.6300,4.1820,0.6574,3.5246,8.6204,4.1798,0.4700,3.7098,16.6242,4.1755,-0.0352,309.6300,NA,NA,NA
Code.exe,14868,0x2E094ECB090,DXGI,0,0,0,Hardware Composed: Independent Flip,313.8120,4.1469,0.3241,3.8228,12.4744,0.2035,0.2035,0.0000,16.6177,4.1481,0.0065,313.8120,NA,NA,NA
Code.exe,14868,0x2E094ECB090,DXGI,0,0,0,Hardware Composed: Independent Flip,317.9589,4.2253,0.5932,3.6321,8.5851,4.1384,0.4030,3.7354,16.6189,4.1628,-0.0012,317.9589,NA,NA,NA
Code.exe,14868,0x2E094ECB090,DXGI,0,0,0,Hardware Composed: Independent Flip,322.1842,4.1117,0.2637,3.8480,8.7515,3.8745,0.3551,3.5194,16.5564,4.1794,0.0625,322.1842,NA,NA,NA
Code.exe,14868,0x2E094ECB090,DXGI,0,0,0,Hardware Composed: Independent Flip,326.2959,4.1920,0.6070,3.5850,8.5521,4.1477,0.4325,3.7152,16.6241,4.1516,-0.0677,326.2959,NA,NA,NA
Code.exe,14868,0x2E094ECB090,DXGI,0,0,0,Hardware Composed: Independent Flip,330.4879,4.1308,0.2126,3.9182,8.5078,4.9580,0.2017,4.7563,16.5837,4.1907,0.0404,330.4879,NA,NA,NA
Code.exe,14868,0x2E094ECB090,DXGI,0,0,0,Hardware Composed: Independent Flip,334.6187,4.1702,0.5245,3.6457,9.3801,3.4199,0.4569,2.9630,16.6436,4.1614,-0.0599,334.6187,NA,NA,NA
Code.exe,14868,0x2E094ECB090,DXGI,0,0,0,Hardware Composed: Independent Flip,338.7889,4.1860,0.1846,4.0014,12.5295,0.2037,0.2037,0.0000,16.6348,4.1670,0.0088,338.7889,NA,NA,NA
Code.exe,14868,0x2E094ECB090,DXGI,0,0,0,Hardware Composed: Independent Flip,342.9749,4.2160,0.5389,3.6771,8.6102,4.1591,0.4839,3.6752,16.6158,4.1795,0.0190,342.9749,NA,NA,NA
Code.exe,14868,0x2E094ECB090,DXGI,0,0,0,Hardware Composed: Independent Flip,347.1909,4.1472,0.3150,3.8322,12.4401,0.2094,0.2094,0.0000,16.5793,4.1223,0.0365,347.1909,NA,NA,NA
Code.exe,14868,0x2E094ECB090,DXGI,0,0,0,Hardware Composed: Independent Flip,351.3381,4.1639,0.7117,3.4522,8.5764,4.1757,0.4659,3.7098,16.5544,4.1827,0.0249,351.3381,NA,NA,NA
Code.exe,14868,0x2E094ECB090,DXGI,0,0,0,Hardware Composed: Independent Flip,355.5020,4.1507,0.3507,3.8000,12.4438,0.2090,0.2090,0.0000,16.5732,4.1561,-0.0188,355.5020,NA,NA,NA
Code.exe,14868,0x2E094ECB090,DXGI,0,0,0,Hardware Composed: Independent Flip,359.6527,4.1678,3.0734,1.0944,8.5586,4.8505,2.8590,1.9915,16.5786,4.1863,-0.0054,359.6527,NA,NA,NA
Code.exe,14868,0x2E094ECB090,DXGI,0,0,0,Hardware Composed: Independent Flip,363.8205,4.1428,0.2008,3.9420,9.5164,3.5110,0.7494,2.7616,16.5971,4.1489,-0.0185,363.8205,NA,NA,NA
Code.exe,14868,0x2E094ECB090,DXGI,0,0,0,Hardware Composed: Independent Flip,367.9633,4.1728,0.1952,3.9776,8.8846,3.8627,0.2597,3.6030,16.6032,4.1756,-0.0061,367.9633,NA,NA,NA
Code.exe,14868,0x2E094ECB090,DXGI,0,0,0,Hardware Composed: Independent Flip,372.1361,4.1614,0.3712,3.7902,8.5745,4.1736,0.2960,3.8776,16.6060,4.1588,-0.0028,372.1361,NA,NA,NA
Code.exe,14868,0x2E094ECB090,DXGI,0,0,0,Hardware Composed: Independent Flip,376.2975,4.2315,0.2848,3.9467,13.3226,0.3364,0.3364,0.0000,16.6034,4.1616,0.0026,376.2975,NA,NA,NA
Code.exe,14868,0x2E094ECB090,DXGI,0,0,0,Hardware Composed: Independent Flip,380.5290,4.1163,0.2400,3.8763,12.4082,0.2491,0.2491,0.0000,16.5335,4.1574,0.0699,380.5290,NA,NA,NA
Code.exe,14868,0x2E094ECB090,DXGI,0,0,0,Hardware Composed: Independent Flip,384.6453,4.1648,0.3158,3.8490,12.4499,0.2470,0.2470,0.0000,16.5746,4.1859,-0.0411,384.6453,NA,NA,NA
Code.exe,14868,0x2E094ECB090,DXGI,0,0,0,Hardware Composed: Independent Flip,388.8101,4.1603,0.3349,3.8254,12.4434,0.2312,0.2312,0.0000,16.5957,4.1524,-0.0211,388.8101,NA,NA,NA
Code.exe,14868,0x2E094ECB090,DXGI,0,0,0,Hardware Composed: Independent Flip,392.9704,4.1469,0.3885,3.7584,8.5143,4.9604,0.2682,4.6922,16.5878,4.1621,0.0079,392.9704,NA,NA,NA
Code.exe,14868,0x2E094ECB090,DXGI,0,0,0,Hardware Composed: Independent Flip,397.1173,4.1568,0.7554,3.4014,9.6001,4.7384,2.4988,2.2396,16.6030,4.1684,-0.0152,397.1173,NA,NA,NA
Code.exe,14868,0x2E094ECB090,DXGI,0,0,0,Hardware Composed: Independent Flip,401.2741,4.1981,0.6944,3.5037,10.1890,4.0172,2.1461,1.8711,16.6146,4.1691,-0.0116,401.2741,NA,NA,NA
Code.exe,14868,0x2E094ECB090,DXGI,0,0,0,Hardware Composed: Independent Flip,405.4722,4.1365,0.8670,3.2695,10.0081,4.6057,2.5348,2.0709,16.5856,4.1661,0.0290,405.4722,NA,NA,NA
Code.exe,14868,0x2E094ECB090,DXGI,0,0,0,Hardware Composed: Independent Flip,409.6087,4.1694,0.6617,3.5077,10.4773,4.5910,1.9137,2.6773,16.6152,4.1753,-0.0296,409.6087,NA,NA,NA
Code.exe,14868,0x2E094ECB090,DXGI,0,0,0,Hardware Composed: Independent Flip,413.7781,4.1911,0.8631,3.3280,10.8989,3.3793,2.2914,1.0879,16.6211,4.1633,-0.0059,413.7781,NA,NA,NA
Code.exe,14868,0x2E094ECB090,DXGI,0,0,0,Hardware Composed: Independent Flip,417.9692,4.1553,1.1835,2.9718,10.0871,4.2101,2.3949,1.8152,16.5933,4.1581,0.0278,417.9692,NA,NA,NA
Code.exe,14868,0x2E094ECB090,DXGI,0,0,0,Hardware Composed: Independent Flip,422.1245,4.1523,1.0461,3.1062,10.1419,4.1638,2.4045,1.7593,16.5961,4.1644,-0.0028,422.1245,NA,NA,NA
Code.exe,14868,0x2E094ECB090,DXGI,0,0,0,Hardware Composed: Independent Flip,426.2768,4.1854,0.8221,3.3633,10.1534,4.0770,2.1705,1.9065,16.6082,4.1691,-0.0121,426.2768,NA,NA,NA
Code.exe,14868,0x2E094ECB090,DXGI,0,0,0,Hardware Composed: Independent Flip,430.4622,4.1614,0.7888,3.3726,10.0450,3.9829,1.7894,2.1935,16.5919,4.1678,0.0163,430.4622,NA,NA,NA
Code.exe,14868,0x2E094ECB090,DXGI,0,0,0,Hardware Composed: Independent Flip,434.6236,4.1517,0.3737,3.7780,12.4560,1.0758,1.0758,0.0000,16.5983,10.3733,-0.0064,434.6236,NA,NA,NA
Code.exe,14868,0x2E094ECB090,DXGI,0,0,0,Hardware Composed: Independent Flip,438.7753,7.7972,7.7662,0.0310,9.3801,13.3709,12.1851,1.1858,22.8199,4.1803,-6.2216,438.7753,NA,NA,NA
Code.exe,14868,0x2E094ECB090,DXGI,0,0,0,Hardware Composed: Independent Flip,446.5725,0.5257,0.2726,0.2531,15.0541,1.9927,1.9927,0.0000,19.2030,4.1588,3.6169,446.5725,NA,NA,NA
Code.exe,14868,0x2E094ECB090,DXGI,0,0,0,Hardware Composed: Independent Flip,447.0982,4.1754,0.6422,3.5332,16.5211,4.7348,2.9078,1.8270,22.8361,4.1602,-3.6331,447.0982,NA,NA,NA
Code.exe,14868,0x2E094ECB090,DXGI,0,0,0,Hardware Composed: Independent Flip,451.2736,10.4183,1.1650,9.2533,18.1240,2.7571,2.4608,0.2963,22.8209,4.1773,0.0152,451.2736,NA,NA,NA
Code.exe,14868,0x2E094ECB090,DXGI,0,0,0,Hardware Composed: Independent Flip,461.6919,4.1493,3.3781,0.7712,10.5343,4.8112,4.8112,0.0000,16.5799,4.1582,6.2410,461.6919,NA,NA,NA
Code.exe,14868,0x2E094ECB090,DXGI,0,0,0,Hardware Composed: Independent Flip,465.8412,4.1591,0.9000,3.2591,11.1962,3.5706,2.8723,0.6983,16.5888,4.1634,-0.0089,465.8412,NA,NA,NA
Code.exe,14868,0x2E094ECB090,DXGI,0,0,0,Hardware Composed: Independent Flip,470.0003,4.1638,1.9604,2.2034,10.7173,4.0830,3.2832,0.7998,16.5931,4.1720,-0.0043,470.0003,NA,NA,NA
Code.exe,14868,0x2E094ECB090,DXGI,0,0,0,Hardware Composed: Independent Flip,474.1641,4.1786,0.5765,3.6021,10.6365,4.4005,2.7221,1.6784,16.6013,4.1604,-0.0082,474.1641,NA,NA,NA
Code.exe,14868,0x2E094ECB090,DXGI,0,0,0,Hardware Composed: Independent Flip,478.3427,4.1805,1.3864,2.7941,11.1573,3.4901,2.8349,0.6552,16.5831,4.1723,0.0182,478.3427,NA,NA,NA
Code.exe,14868,0x2E094ECB090,DXGI,0,0,0,Hardware Composed: Independent Flip,482.5232,4.1528,2.5212,1.6316,10.4669,4.1660,3.3115,0.8545,16.5749,4.1621,0.0082,482.5232,NA,NA,NA
Code.exe,14868,0x2E094ECB090,DXGI,0,0,0,Hardware Composed: Independent Flip,486.6760,4.1694,1.2878,2.8816,10.4801,4.1473,2.2189,1.9284,16.5842,4.1559,-0.0093,486.6760,NA,NA,NA
Code.exe,14868,0x2E094ECB090,DXGI,0,0,0,Hardware Composed: Independent Flip,490.8454,4.1744,1.1272,3.0472,10.4580,4.1211,2.3499,1.7712,16.5707,4.1819,0.0135,490.8454,NA,NA,NA
Code.exe,14868,0x2E094ECB090,DXGI,0,0,0,Hardware Composed: Independent Flip,495.0198,4.1398,1.1620,2.9778,10.4047,4.2902,2.5555,1.7347,16.5782,4.1611,-0.0075,495.0198,NA,NA,NA
Code.exe,14868,0x2E094ECB090,DXGI,0,0,0,Hardware Composed: Independent Flip,499.1596,4.1736,3.5325,0.6411,10.5551,4.2480,1.6977,2.5503,16.5995,4.1525,-0.0213,499.1596,NA,NA,NA
Code.exe,14868,0x2E094ECB090,DXGI,0,0,0,Hardware Composed: Independent Flip,503.3332,4.1568,0.8140,3.3428,10.6295,4.0229,2.6949,1.3280,16.5784,4.1647,0.0211,503.3332,NA,NA,NA
Code.exe,14868,0x2E094ECB090,DXGI,0,0,0,Hardware Composed: Independent Flip,507.4900,4.1654,3.9107,0.2547,12.4514,1.6020,1.6020,0.0000,16.5863,4.1678,-0.0079,507.4900,NA,NA,NA
Code.exe,14868,0x2E094ECB090,DXGI,0,0,0,Hardware Composed: Independent Flip,511.6554,4.1709,0.8595,3.3114,9.8880,5.1689,3.0986,2.0703,16.5887,4.1920,-0.0024,511.6554,NA,NA,NA
Code.exe,14868,0x2E094ECB090,DXGI,0,0,0,Hardware Composed: Independent Flip,515.8263,4.1358,1.5862,2.5496,12.4698,1.7702,1.7702,0.0000,16.6098,4.1574,-0.0211,515.8263,NA,NA,NA
Code.exe,14868,0x2E094ECB090,DXGI,0,0,0,Hardware Composed: Independent Flip,519.9621,4.1708,1.7144,2.4564,10.1042,2.8409,1.8148,1.0261,16.6314,4.1580,-0.0216,519.9621,NA,NA,NA
Code.exe,14868,0x2E094ECB090,DXGI,0,0,0,Hardware Composed: Independent Flip,524.1329,4.2032,1.5837,2.6195,9.0654,4.5975,1.3633,3.2342,16.6186,4.1634,0.0128,524.1329,NA,NA,NA
Code.exe,14868,0x2E094ECB090,DXGI,0,0,0,Hardware Composed: Independent Flip,528.3361,4.1830,2.4087,1.7743,9.4597,3.9794,1.5615,2.4179,16.5788,4.1659,0.0398,528.3361,NA,NA,NA
Code.exe,14868,0x2E094ECB090,DXGI,0,0,0,Hardware Composed: Independent Flip,532.5191,4.1508,3.4105,0.7403,9.2561,4.0628,1.3378,2.7250,16.5617,4.1579,0.0171,532.5191,NA,NA,NA
Code.exe,14868,0x2E094ECB090,DXGI,0,0,0,Hardware Composed: Independent Flip,536.6699,4.1767,0.7275,3.4492,9.1681,5.6273,2.4469,3.1804,16.5688,4.1737,-0.0071,536.6699,NA,NA,NA
Code.exe,14868,0x2E094ECB090,DXGI,0,0,0,Hardware Composed: Independent Flip,540.8466,4.2562,4.2010,0.0552,10.6187,3.0921,2.3375,0.7546,16.5658,4.1597,0.0030,540.8466,NA,NA,NA
Code.exe,14868,0x2E094ECB090,DXGI,0,0,0,Hardware Composed: Independent Flip,545.1028,4.0626,0.7242,3.3384,9.4546,5.6385,3.1219,2.5166,16.4693,4.1683,0.0965,545.1028,NA,NA,NA
Code.exe,14868,0x2E094ECB090,DXGI,0,0,0,Hardware Composed: Independent Flip,549.1654,4.1292,2.2266,1.9026,11.0305,3.2597,2.2804,0.9793,16.5750,4.1695,-0.1057,549.1654,NA,NA,NA
Code.exe,14868,0x2E094ECB090,DXGI,0,0,0,Hardware Composed: Independent Flip,553.2946,4.1950,3.8589,0.3361,10.1610,3.0812,0.9083,2.1729,16.6153,4.1609,-0.0403,553.2946,NA,NA,NA
Code.exe,14868,0x2E094ECB090,DXGI,0,0,0,Hardware Composed: Independent Flip,557.4896,4.2430,0.7620,3.4810,9.0472,5.9062,2.8196,3.0866,16.5812,4.1680,0.0341,557.4896,NA,NA,NA
Code.exe,14868,0x2E094ECB090,DXGI,0,0,0,Hardware Composed: Independent Flip,561.7326,4.0771,1.9259,2.1512,10.7104,3.3381,1.8512,1.4869,16.5062,4.1657,0.0750,561.7326,NA,NA,NA
Code.exe,14868,0x2E094ECB090,DXGI,0,0,0,Hardware Composed: Independent Flip,565.8097,4.1831,1.6109,2.5722,9.9714,3.0779,0.6665,2.4114,16.5948,4.1687,-0.0886,565.8097,NA,NA,NA
Code.exe,14868,0x2E094ECB090,DXGI,0,0,0,Hardware Composed: Independent Flip,569.9928,4.1438,1.8103,2.3335,9.1743,3.9234,1.8313,2.0921,16.5804,4.1764,0.0144,569.9928,NA,NA,NA
Code.exe,14868,0x2E094ECB090,DXGI,0,0,0,Hardware Composed: Independent Flip,574.1366,4.1789,1.7857,2.3932,12.4875,0.6449,0.6449,0.0000,16.6130,4.1509,-0.0326,574.1366,NA,NA,NA
Code.exe,14868,0x2E094ECB090,DXGI,0,0,0,Hardware Composed: Independent Flip,578.3155,4.1465,1.5969,2.5496,13.1067,0.3149,0.3149,0.0000,16.5850,4.1722,0.0280,578.3155,NA,NA,NA
Code.exe,14868,0x2E094ECB090,DXGI,0,0,0,Hardware Composed: Independent Flip,582.4620,4.1959,1.4813,2.7146,12.4819,0.6250,0.6250,0.0000,16.6107,4.1516,-0.0257,582.4620,NA,NA,NA
Code.exe,14868,0x2E094ECB090,DXGI,0,0,0,Hardware Composed: Independent Flip,586.6579,4.2585,1.2778,2.9807,8.9110,4.2348,0.7437,3.4911,16.5664,4.1649,0.0443,586.6579,NA,NA,NA
Code.exe,14868,0x2E094ECB090,DXGI,0,0,0,Hardware Composed: Independent Flip,590.9164,4.0589,2.6670,1.3919,8.8873,3.7343,0.7832,2.9511,16.4728,4.1678,0.0936,590.9164,NA,NA,NA
Code.exe,14868,0x2E094ECB090,DXGI,0,0,0,Hardware Composed: Independent Flip,594.9753,4.1646,1.0723,3.0923,8.5627,4.1555,0.6375,3.5180,16.5817,4.1681,-0.1089,594.9753,NA,NA,NA
Code.exe,14868,0x2E094ECB090,DXGI,0,0,0,Hardware Composed: Independent Flip,599.1399,4.1407,1.2086,2.9321,8.5536,4.2425,0.5407,3.7018,16.5852,4.1704,-0.0035,599.1399,NA,NA,NA
Code.exe,14868,0x2E094ECB090,DXGI,0,0,0,Hardware Composed: Independent Flip,603.2806,4.1661,1.2624,2.9037,8.6554,4.0530,0.6073,3.4457,16.6149,4.1748,-0.0297,603.2806,NA,NA,NA
Code.exe,14868,0x2E094ECB090,DXGI,0,0,0,Hardware Composed: Independent Flip,607.4467,4.2098,1.1235,3.0863,12.4952,0.2451,0.2451,0.0000,16.6236,4.1577,-0.0087,607.4467,NA,NA,NA
Code.exe,14868,0x2E094ECB090,DXGI,0,0,0,Hardware Composed: Independent Flip,611.6565,4.1084,1.0055,3.1029,12.4466,0.2185,0.2185,0.0000,16.5715,4.1486,0.0521,611.6565,NA,NA,NA
Code.exe,14868,0x2E094ECB090,DXGI,0,0,0,Hardware Composed: Independent Flip,615.7649,4.1955,0.7315,3.4640,12.4991,0.2391,0.2391,0.0000,16.6117,4.1777,-0.0402,615.7649,NA,NA,NA
Code.exe,14868,0x2E094ECB090,DXGI,0,0,0,Hardware Composed: Independent Flip,619.9604,4.1688,1.0917,3.0771,12.4480,0.2218,0.2218,0.0000,16.5939,4.1570,0.0178,619.9604,NA,NA,NA
Code.exe,14868,0x2E094ECB090,DXGI,0,0,0,Hardware Composed: Independent Flip,624.1292,4.1675,0.7099,3.4576,13.0503,0.1770,0.1770,0.0000,16.5821,4.1608,0.0118,624.1292,NA,NA,NA
Code.exe,14868,0x2E094ECB090,DXGI,0,0,0,Hardware Composed: Independent Flip,628.2967,4.1241,1.0381,3.0860,12.4406,0.2183,0.2183,0.0000,16.5754,4.1796,0.0067,628.2967,NA,NA,NA
Code.exe,14868,0x2E094ECB090,DXGI,0,0,0,Hardware Composed: Independent Flip,632.4208,4.2085,0.8335,3.3750,12.4895,0.2296,0.2296,0.0000,16.6309,4.1751,-0.0555,632.4208,NA,NA,NA
Code.exe,14868,0x2E094ECB090,DXGI,0,0,0,Hardware Composed: Independent Flip,636.6293,4.1409,0.9113,3.2296,12.4533,0.2403,0.2403,0.0000,16.5975,4.1533,0.0334,636.6293,NA,NA,NA
Code.exe,14868,0x2E094ECB090,DXGI,0,0,0,Hardware Composed: Independent Flip,640.7702,4.1537,0.7933,3.3604,12.8611,0.1900,0.1900,0.0000,16.6099,4.1704,-0.0124,640.7702,NA,NA,NA
Code.exe,14868,0x2E094ECB090,DXGI,0,0,0,Hardware Composed: Independent Flip,644.9239,4.1765,0.6261,3.5504,12.4798,0.2146,0.2146,0.0000,16.6266,4.1619,-0.0167,644.9239,NA,NA,NA
Code.exe,14868,0x2E094ECB090,DXGI,0,0,0,Hardware Composed: Independent Flip,649.1004,4.2039,0.8731,3.3308,12.4901,0.2276,0.2276,0.0000,16.6120,4.1616,0.0146,649.1004,NA,NA,NA
Code.exe,14868,0x2E094ECB090,DXGI,0,0,0,Hardware Composed: Independent Flip,653.3043,4.1129,1.2494,2.8635,12.4351,0.2201,0.2201,0.0000,16.5697,4.1808,0.0423,653.3043,NA,NA,NA
Code.exe,14868,0x2E094ECB090,DXGI,0,0,0,Hardware Composed: Independent Flip,657.4172,4.1999,0.8876,3.3123,12.4889,0.2141,0.2141,0.0000,16.6376,4.1553,-0.0679,657.4172,NA,NA,NA
Code.exe,14868,0x2E094ECB090,DXGI,0,0,0,Hardware Composed: Independent Flip,661.6171,4.1876,1.0459,3.1417,12.4875,0.2449,0.2449,0.0000,16.5930,4.1696,0.0446,661.6171,NA,NA,NA
Code.exe,14868,0x2E094ECB090,DXGI,0,0,0,Hardware Composed: Independent Flip,665.8047,4.1213,0.6902,3.4311,12.4362,0.2296,0.2296,0.0000,16.5750,4.1595,0.0180,665.8047,NA,NA,NA
Code.exe,14868,0x2E094ECB090,DXGI,0,0,0,Hardware Composed: Independent Flip,669.9260,4.1874,1.0163,3.1711,12.4824,0.2288,0.2288,0.0000,16.6132,4.1825,-0.0382,669.9260,NA,NA,NA
Code.exe,14868,0x2E094ECB090,DXGI,0,0,0,Hardware Composed: Independent Flip,674.1134,4.1419,0.9914,3.1505,12.4615,0.2176,0.2176,0.0000,16.6083,4.1622,0.0049,674.1134,NA,NA,NA
Code.exe,14868,0x2E094ECB090,DXGI,0,0,0,Hardware Composed: Independent Flip,678.2553,4.1715,0.8479,3.3236,12.5081,0.2382,0.2382,0.0000,16.6286,4.1643,-0.0203,678.2553,NA,NA,NA
Code.exe,14868,0x2E094ECB090,DXGI,0,0,0,Hardware Composed: Independent Flip,682.4268,4.1565,0.8401,3.3164,12.5135,0.2651,0.2651,0.0000,16.6214,4.1562,0.0072,682.4268,NA,NA,NA
Code.exe,14868,0x2E094ECB090,DXGI,0,0,0,Hardware Composed: Independent Flip,686.5833,4.1974,0.8364,3.3610,12.5209,0.2612,0.2612,0.0000,16.6211,4.1601,0.0003,686.5833,NA,NA,NA
Code.exe,14868,0x2E094ECB090,DXGI,0,0,0,Hardware Composed: Independent Flip,690.7807,4.1663,0.8452,3.3211,12.4575,0.2561,0.2561,0.0000,16.5838,4.2024,0.0373,690.7807,NA,NA,NA
Code.exe,14868,0x2E094ECB090,DXGI,0,0,0,Hardware Composed: Independent Flip,694.9470,4.1564,1.1644,2.9920,12.4422,0.2181,0.2181,0.0000,16.6199,4.1408,-0.0361,694.9470,NA,NA,NA
Code.exe,14868,0x2E094ECB090,DXGI,0,0,0,Hardware Composed: Independent Flip,699.1034,4.1812,1.0709,3.1103,12.5258,0.2240,0.2240,0.0000,16.6043,4.1596,0.0156,699.1034,NA,NA,NA
Code.exe,14868,0x2E094ECB090,DXGI,0,0,0,Hardware Composed: Independent Flip,703.2846,4.1184,0.8203,3.2981,12.5875,0.1862,0.1862,0.0000,16.5827,4.1600,0.0216,703.2846,NA,NA,NA
Code.exe,14868,0x2E094ECB090,DXGI,0,0,0,Hardware Composed: Independent Flip,707.4030,4.2678,0.6741,3.5937,12.5003,0.2285,0.2285,0.0000,16.6243,4.1677,-0.0416,707.4030,NA,NA,NA
Code.exe,14868,0x2E094ECB090,DXGI,0,0,0,Hardware Composed: Independent Flip,711.6708,4.1867,1.5837,2.6030,12.3946,0.2225,0.2225,0.0000,16.5242,4.1659,0.1001,711.6708,NA,NA,NA
Code.exe,14868,0x2E094ECB090,DXGI,0,0,0,Hardware Composed: Independent Flip,715.8575,4.0906,0.9978,3.0928,12.3776,0.2280,0.2280,0.0000,16.5034,4.1711,0.0208,715.8575,NA,NA,NA
Code.exe,14868,0x2E094ECB090,DXGI,0,0,0,Hardware Composed: Independent Flip,719.9481,4.1265,0.7238,3.4027,12.4450,0.2181,0.2181,0.0000,16.5839,4.1646,-0.0805,719.9481,NA,NA,NA
Code.exe,14868,0x2E094ECB090,DXGI,0,0,0,Hardware Composed: Independent Flip,724.0746,4.1944,0.9307,3.2637,12.6057,0.2255,0.2255,0.0000,16.6220,4.1684,-0.0381,724.0746,NA,NA,NA
Code.exe,14868,0x2E094ECB090,DXGI,0,0,0,Hardware Composed: Independent Flip,728.2690,4.1632,1.5047,2.6585,12.4636,0.2586,0.2586,0.0000,16.5960,4.1471,0.0260,728.2690,NA,NA,NA
Code.exe,14868,0x2E094ECB090,DXGI,0,0,0,Hardware Composed: Independent Flip,732.4322,4.1537,2.9718,1.1819,8.5590,4.3816,0.5303,3.8513,16.5799,4.1701,0.0161,732.4322,NA,NA,NA
Code.exe,14868,0x2E094ECB090,DXGI,0,0,0,Hardware Composed: Independent Flip,736.5859,4.1817,1.0178,3.1639,8.7869,4.1997,0.7017,3.4980,16.5963,4.1843,-0.0164,736.5859,NA,NA,NA
Code.exe,14868,0x2E094ECB090,DXGI,0,0,0,Hardware Composed: Independent Flip,740.7676,4.1502,0.7717,3.3785,12.4545,0.3957,0.3957,0.0000,16.5989,4.1731,-0.0026,740.7676,NA,NA,NA
Code.exe,14868,0x2E094ECB090,DXGI,0,0,0,Hardware Composed: Independent Flip,744.9178,4.1320,0.4597,3.6723,12.4766,0.7580,0.7580,0.0000,16.6218,4.1387,-0.0229,744.9178,NA,NA,NA
Code.exe,14868,0x2E094ECB090,DXGI,0,0,0,Hardware Composed: Independent Flip,749.0498,4.2135,3.2066,1.0069,9.1026,7.4749,3.5384,3.9365,16.6285,4.1632,-0.0067,749.0498,NA,NA,NA
Code.exe,14868,0x2E094ECB090,DXGI,0,0,0,Hardware Composed: Independent Flip,753.2633,4.1837,0.8140,3.3697,12.3640,3.2648,2.8929,0.3719,16.5782,4.1689,0.0503,753.2633,NA,NA,NA
Code.exe,14868,0x2E094ECB090,DXGI,0,0,0,Hardware Composed: Independent Flip,757.4470,4.1650,0.5206,3.6444,11.4451,2.7412,2.1773,0.5639,16.5634,4.1645,0.0148,757.4470,NA,NA,NA
Code.exe,14868,0x2E094ECB090,DXGI,0,0,0,Hardware Composed: Independent Flip,761.6120,4.1724,0.8290,3.3434,10.0213,4.2966,2.3245,1.9721,16.5629,4.1734,0.0005,761.6120,NA,NA,NA
Code.exe,14868,0x2E094ECB090,DXGI,0,0,0,Hardware Composed: Independent Flip,765.7844,4.1254,0.5455,3.5799,10.1455,4.1529,2.0328,2.1201,16.5639,4.1729,-0.0010,765.7844,NA,NA,NA
Code.exe,14868,0x2E094ECB090,DXGI,0,0,0,Hardware Composed: Independent Flip,769.9098,4.5286,1.0121,3.5165,10.1730,3.9365,2.0756,1.8609,16.6114,4.1531,-0.0475,769.9098,NA,NA,NA
Code.exe,14868,0x2E094ECB090,DXGI,0,0,0,Hardware Composed: Independent Flip,774.4384,3.8722,0.5221,3.3501,9.5809,4.2531,2.1635,2.0896,16.2359,4.1639,0.3755,774.4384,NA,NA,NA
Code.exe,14868,0x2E094ECB090,DXGI,0,0,0,Hardware Composed: Independent Flip,778.3106,4.0981,0.6005,3.4976,9.9618,4.4271,2.3676,2.0595,16.5276,4.1781,-0.2917,778.3106,NA,NA,NA
Code.exe,14868,0x2E094ECB090,DXGI,0,0,0,Hardware Composed: Independent Flip,782.4087,4.1629,3.6149,0.5480,10.2908,3.7733,2.0550,1.7183,16.6076,4.1572,-0.0800,782.4087,NA,NA,NA
Code.exe,14868,0x2E094ECB090,DXGI,0,0,0,Hardware Composed: Independent Flip,786.5716,4.1558,1.5149,2.6409,9.9012,5.3283,4.1152,1.2131,16.6019,4.1674,0.0057,786.5716,NA,NA,NA
Code.exe,14868,0x2E094ECB090,DXGI,0,0,0,Hardware Composed: Independent Flip,790.7274,4.1701,1.5757,2.5944,11.0737,3.9956,3.0143,0.9813,16.6135,4.1669,-0.0116,790.7274,NA,NA,NA
Code.exe,14868,0x2E094ECB090,DXGI,0,0,0,Hardware Composed: Independent Flip,794.8975,4.1749,1.0630,3.1119,10.8992,3.5383,1.8190,1.7193,16.6103,4.1541,0.0032,794.8975,NA,NA,NA
Code.exe,14868,0x2E094ECB090,DXGI,0,0,0,Hardware Composed: Independent Flip,799.0724,4.1614,0.8387,3.3227,10.2626,3.8309,2.0502,1.7807,16.5895,4.1683,0.0208,799.0724,NA,NA,NA
Code.exe,14868,0x2E094ECB090,DXGI,0,0,0,Hardware Composed: Independent Flip,803.2338,4.1605,0.8119,3.3486,9.9321,4.1111,2.0157,2.0954,16.5964,4.1697,-0.0069,803.2338,NA,NA,NA
Code.exe,14868,0x2E094ECB090,DXGI,0,0,0,Hardware Composed: Independent Flip,807.3943,4.1719,0.9493,3.2226,9.8827,4.7370,2.4987,2.2383,16.6056,4.1755,-0.0092,807.3943,NA,NA,NA
Code.exe,14868,0x2E094ECB090,DXGI,0,0,0,Hardware Composed: Independent Flip,811.5662,4.1462,0.6619,3.4843,10.4478,3.7854,2.1766,1.6088,16.6092,4.1581,-0.0036,811.5662,NA,NA,NA
Code.exe,14868,0x2E094ECB090,DXGI,0,0,0,Hardware Composed: Independent Flip,815.7124,4.1808,2.3915,1.7893,10.0870,4.1136,2.1347,1.9789,16.6211,4.1650,-0.0119,815.7124,NA,NA,NA
Code.exe,14868,0x2E094ECB090,DXGI,0,0,0,Hardware Composed: Independent Flip,819.8932,4.1793,1.3204,2.8589,10.0198,3.9004,1.8020,2.0984,16.6053,4.1570,0.0158,819.8932,NA,NA,NA
Code.exe,14868,0x2E094ECB090,DXGI,0,0,0,Hardware Composed: Independent Flip,824.0725,4.1706,1.5351,2.6355,9.7409,3.9190,1.5719,2.3471,16.5830,4.1903,0.0223,824.0725,NA,NA,NA
Code.exe,14868,0x2E094ECB090,DXGI,0,0,0,Hardware Composed: Independent Flip,828.2431,4.1349,3.6878,0.4471,9.4893,4.2347,1.6023,2.6324,16.6027,4.1576,-0.0197,828.2431,NA,NA,NA
Code.exe,14868,0x2E094ECB090,DXGI,0,0,0,Hardware Composed: Independent Flip,832.3780,4.1721,0.8552,3.3169,12.5201,0.8956,0.8956,0.0000,16.6254,4.1479,-0.0227,832.3780,NA,NA,NA
Code.exe,14868,0x2E094ECB090,DXGI,0,0,0,Hardware Composed: Independent Flip,836.5501,4.2007,0.4549,3.7458,12.4853,0.4944,0.4944,0.0000,16.6012,4.1662,0.0242,836.5501,NA,NA,NA
Code.exe,14868,0x2E094ECB090,DXGI,0,0,0,Hardware Composed: Independent Flip,840.7508,4.1419,0.4478,3.6941,12.4441,0.4863,0.4863,0.0000,16.5667,4.1819,0.0345,840.7508,NA,NA,NA
Code.exe,14868,0x2E094ECB090,DXGI,0,0,0,Hardware Composed: Independent Flip,844.8927,4.1587,0.4183,3.7404,13.2765,0.2455,0.2455,0.0000,16.6067,4.1634,-0.0400,844.8927,NA,NA,NA
Code.exe,14868,0x2E094ECB090,DXGI,0,0,0,Hardware Composed: Independent Flip,849.0514,4.1510,0.4241,3.7269,12.4861,0.4931,0.4931,0.0000,16.6114,4.1616,-0.0047,849.0514,NA,NA,NA
Code.exe,14868,0x2E094ECB090,DXGI,0,0,0,Hardware Composed: Independent Flip,853.2024,4.1826,0.7208,3.4618,12.4979,0.5394,0.5394,0.0000,16.6220,4.1674,-0.0106,853.2024,NA,NA,NA
Code.exe,14868,0x2E094ECB090,DXGI,0,0,0,Hardware Composed: Independent Flip,857.3850,4.2089,0.7706,3.4383,12.9906,0.2339,0.2339,0.0000,16.6068,4.1715,0.0152,857.3850,NA,NA,NA
Code.exe,14868,0x2E094ECB090,DXGI,0,0,0,Hardware Composed: Independent Flip,861.5939,4.1222,0.7972,3.3250,12.4391,0.5441,0.5441,0.0000,16.5694,4.1493,0.0374,861.5939,NA,NA,NA
Code.exe,14868,0x2E094ECB090,DXGI,0,0,0,Hardware Composed: Independent Flip,865.7161,4.1588,0.4561,3.7027,12.4940,0.5773,0.5773,0.0000,16.5965,4.1784,-0.0271,865.7161,NA,NA,NA
Code.exe,14868,0x2E094ECB090,DXGI,0,0,0,Hardware Composed: Independent Flip,869.8749,4.1718,0.5556,3.6162,12.5211,0.7827,0.7827,0.0000,16.6161,4.1739,-0.0196,869.8749,NA,NA,NA
Code.exe,14868,0x2E094ECB090,DXGI,0,0,0,Hardware Composed: Independent Flip,874.0467,4.1738,0.3925,3.7813,12.4841,0.4620,0.4620,0.0000,16.6182,4.1446,-0.0021,874.0467,NA,NA,NA
Code.exe,14868,0x2E094ECB090,DXGI,0,0,0,Hardware Composed: Independent Flip,878.2205,4.1808,0.4643,3.7165,12.4816,0.5996,0.5996,0.0000,16.5890,4.1859,0.0292,878.2205,NA,NA,NA
Code.exe,14868,0x2E094ECB090,DXGI,0,0,0,Hardware Composed: Independent Flip,882.4013,4.1467,0.5154,3.6313,12.4495,0.6231,0.6231,0.0000,16.5941,4.1692,-0.0051,882.4013,NA,NA,NA
Code.exe,14868,0x2E094ECB090,DXGI,0,0,0,Hardware Composed: Independent Flip,886.5480,4.1725,0.4747,3.6978,12.5283,0.6903,0.6903,0.0000,16.6166,4.1645,-0.0225,886.5480,NA,NA,NA
Code.exe,14868,0x2E094ECB090,DXGI,0,0,0,Hardware Composed: Independent Flip,890.7205,4.1754,0.5394,3.6360,12.4907,0.7107,0.7107,0.0000,16.6086,4.1593,0.0080,890.7205,NA,NA,NA
Code.exe,14868,0x2E094ECB090,DXGI,0,0,0,Hardware Composed: Independent Flip,894.8959,4.2215,0.4434,3.7781,12.4872,0.6637,0.6637,0.0000,16.5925,4.1590,0.0161,894.8959,NA,NA,NA
Code.exe,14868,0x2E094ECB090,DXGI,0,0,0,Hardware Composed: Independent Flip,899.1174,4.1325,0.8056,3.3269,12.4123,0.5905,0.5905,0.0000,16.5300,4.1609,0.0625,899.1174,NA,NA,NA
Code.exe,14868,0x2E094ECB090,DXGI,0,0,0,Hardware Composed: Independent Flip,903.2499,4.1446,3.7586,0.3860,8.8703,5.9505,1.5326,4.4179,16.5584,4.1659,-0.0284,903.2499,NA,NA,NA
Code.exe,14868,0x2E094ECB090,DXGI,0,0,0,Hardware Composed: Independent Flip,907.3945,4.1582,0.9357,3.2225,10.6762,3.1704,1.7398,1.4306,16.5797,4.1891,-0.0213,907.3945,NA,NA,NA
Code.exe,14868,0x2E094ECB090,DXGI,0,0,0,Hardware Composed: Independent Flip,911.5527,4.1559,0.6059,3.5500,9.6884,4.3117,1.8903,2.4214,16.6106,4.1430,-0.0309,911.5527,NA,NA,NA
Code.exe,14868,0x2E094ECB090,DXGI,0,0,0,Hardware Composed: Independent Flip,915.7086,4.1582,0.6251,3.5331,9.8442,4.0926,1.8124,2.2802,16.5977,4.1746,0.0129,915.7086,NA,NA,NA
Code.exe,14868,0x2E094ECB090,DXGI,0,0,0,Hardware Composed: Independent Flip,919.8668,4.1686,0.9011,3.2675,9.7786,3.8431,1.4915,2.3516,16.6141,4.1570,-0.0164,919.8668,NA,NA,NA
Code.exe,14868,0x2E094ECB090,DXGI,0,0,0,Hardware Composed: Independent Flip,924.0354,4.2092,0.9083,3.3009,9.4531,4.4644,1.7718,2.6926,16.6025,4.1653,0.0116,924.0354,NA,NA,NA
Code.exe,14868,0x2E094ECB090,DXGI,0,0,0,Hardware Composed: Independent Flip,928.2446,4.1271,1.3629,2.7642,9.7083,4.0803,1.7075,2.3728,16.5586,4.1756,0.0439,928.2446,NA,NA,NA
Code.exe,14868,0x2E094ECB090,DXGI,0,0,0,Hardware Composed: Independent Flip,932.3717,4.1888,0.8737,3.3151,9.6615,4.3108,1.8659,2.4449,16.6071,4.1654,-0.0485,932.3717,NA,NA,NA
Code.exe,14868,0x2E094ECB090,DXGI,0,0,0,Hardware Composed: Independent Flip,936.5605,4.1569,0.4991,3.6578,9.7835,4.1319,1.8133,2.3186,16.5837,4.1540,0.0234,936.5605,NA,NA,NA
Code.exe,14868,0x2E094ECB090,DXGI,0,0,0,Hardware Composed: Independent Flip,940.7174,4.1509,0.7426,3.4083,9.7585,4.1786,1.8294,2.3492,16.5808,4.1944,0.0029,940.7174,NA,NA,NA
Code.exe,14868,0x2E094ECB090,DXGI,0,0,0,Hardware Composed: Independent Flip,944.8683,4.1767,0.9827,3.1940,9.7862,4.2792,1.9596,2.3196,16.6243,4.1431,-0.0435,944.8683,NA,NA,NA
Code.exe,14868,0x2E094ECB090,DXGI,0,0,0,Hardware Composed: Independent Flip,949.0450,4.1672,0.9979,3.1693,9.8887,4.2976,2.0401,2.2575,16.5907,4.1661,0.0336,949.0450,NA,NA,NA
Code.exe,14868,0x2E094ECB090,DXGI,0,0,0,Hardware Composed: Independent Flip,953.2122,4.1313,0.7376,3.3937,10.0191,3.8614,1.7555,2.1059,16.5896,4.1665,0.0011,953.2122,NA,NA,NA
Code.exe,14868,0x2E094ECB090,DXGI,0,0,0,Hardware Composed: Independent Flip,957.3435,4.2643,0.6019,3.6624,9.7492,4.1953,1.7895,2.4058,16.6248,4.1688,-0.0352,957.3435,NA,NA,NA
Code.exe,14868,0x2E094ECB090,DXGI,0,0,0,Hardware Composed: Independent Flip,961.6078,4.0989,1.0608,3.0381,9.6802,4.0850,1.7226,2.3624,16.5293,4.1587,0.0955,961.6078,NA,NA,NA
Code.exe,14868,0x2E094ECB090,DXGI,0,0,0,Hardware Composed: Independent Flip,965.7067,4.1723,1.2772,2.8951,9.6663,4.2319,1.7909,2.4410,16.5891,4.1724,-0.0598,965.7067,NA,NA,NA
Code.exe,14868,0x2E094ECB090,DXGI,0,0,0,Hardware Composed: Independent Flip,969.8790,4.1629,0.8052,3.3577,9.7259,3.9374,1.5804,2.3570,16.5892,4.1715,-0.0001,969.8790,NA,NA,NA
Code.exe,14868,0x2E094ECB090,DXGI,0,0,0,Hardware Composed: Independent Flip,974.0419,4.1694,0.6511,3.5183,9.5004,4.1940,1.5837,2.6103,16.5978,4.1590,-0.0086,974.0419,NA,NA,NA
Code.exe,14868,0x2E094ECB090,DXGI,0,0,0,Hardware Composed: Independent Flip,978.2113,4.1401,2.2966,1.8435,9.5250,4.4827,1.9095,2.5732,16.5874,4.1603,0.0104,978.2113,NA,NA,NA
Code.exe,14868,0x2E094ECB090,DXGI,0,0,0,Hardware Composed: Independent Flip,982.3514,4.2346,0.4896,3.7450,9.8676,4.9142,1.3993,3.5149,16.6076,4.1616,-0.0202,982.3514,NA,NA,NA
Code.exe,14868,0x2E094ECB090,DXGI,0,0,0,Hardware Composed: Independent Flip,986.5860,4.0955,0.4743,3.6212,10.5472,3.0880,1.5767,1.5113,16.5346,4.5415,0.0730,986.5860,NA,NA,NA
Code.exe,14868,0x2E094ECB090,DXGI,0,0,0,Hardware Composed: Independent Flip,990.6815,4.1919,0.4784,3.7135,9.5397,4.1192,1.5378,2.5814,16.9806,4.9486,-0.4460,990.6815,NA,NA,NA
Code.exe,14868,0x2E094ECB090,DXGI,0,0,0,Hardware Composed: Independent Flip,994.8734,4.1377,1.9683,2.1694,9.4670,6.7560,4.2786,2.4774,17.7373,4.1344,-0.7567,994.8734,NA,NA,NA
Code.exe,14868,0x2E094ECB090,DXGI,0,0,0,Hardware Composed: Independent Flip,999.0111,4.1559,1.3786,2.7773,14.7855,1.7824,1.7824,0.0000,17.7340,4.1605,0.0033,999.0111,NA,NA,NA
Code.exe,14868,0x2E094ECB090,DXGI,0,0,0,Hardware Composed: Independent Flip,1003.1670,4.5599,0.4990,4.0609,12.4120,2.4961,1.6593,0.8368,17.7386,4.1717,-0.0046,1003.1670,NA,NA,NA
Code.exe,14868,0x2E094ECB090,DXGI,0,0,0,Hardware Composed: Independent Flip,1007.7269,4.9428,2.6977,2.2451,10.3482,5.9594,4.0079,1.9515,17.3504,4.1732,0.3882,1007.7269,NA,NA,NA
Code.exe,14868,0x2E094ECB090,DXGI,0,0,0,Hardware Composed: Independent Flip,1012.6697,4.1388,1.0346,3.1042,11.3648,3.8882,2.5251,1.3631,16.5808,4.1546,0.7696,1012.6697,NA,NA,NA
Code.exe,14868,0x2E094ECB090,DXGI,0,0,0,Hardware Composed: Independent Flip,1016.8085,4.1610,1.5115,2.6495,11.1142,2.7797,1.7432,1.0365,16.5966,4.1720,-0.0158,1016.8085,NA,NA,NA
Code.exe,14868,0x2E094ECB090,DXGI,0,0,0,Hardware Composed: Independent Flip,1020.9695,4.1643,3.5455,0.6188,9.7329,4.0107,1.6980,2.3127,16.6076,4.1593,-0.0110,1020.9695,NA,NA,NA
Code.exe,14868,0x2E094ECB090,DXGI,0,0,0,Hardware Composed: Independent Flip,1025.1338,4.2238,0.7440,3.4798,9.5793,4.6057,1.9782,2.6275,16.6026,4.1631,0.0050,1025.1338,NA,NA,NA
Code.exe,14868,0x2E094ECB090,DXGI,0,0,0,Hardware Composed: Independent Flip,1029.3576,4.1084,1.3560,2.7524,9.9612,3.7771,1.6666,2.1105,16.5419,4.1656,0.0607,1029.3576,NA,NA,NA
Code.exe,14868,0x2E094ECB090,DXGI,0,0,0,Hardware Composed: Independent Flip,1033.4660,4.1829,0.5569,3.6260,9.6299,4.1632,1.6827,2.4805,16.5991,4.1713,-0.0572,1033.4660,NA,NA,NA
Code.exe,14868,0x2E094ECB090,DXGI,0,0,0,Hardware Composed: Independent Flip,1037.6489,4.1662,1.1043,3.0619,9.6102,4.1963,1.6940,2.5023,16.5875,4.1629,0.0116,1037.6489,NA,NA,NA
Code.exe,14868,0x2E094ECB090,DXGI,0,0,0,Hardware Composed: Independent Flip,1041.8151,4.1332,1.2007,2.9325,9.6403,4.1957,1.7285,2.4672,16.5842,4.1697,0.0033,1041.8151,NA,NA,NA
Code.exe,14868,0x2E094ECB090,DXGI,0,0,0,Hardware Composed: Independent Flip,1045.9483,4.1921,0.7512,3.4409,9.7028,4.3805,1.9539,2.4266,16.6207,4.1553,-0.0365,1045.9483,NA,NA,NA
Code.exe,14868,0x2E094ECB090,DXGI,0,0,0,Hardware Composed: Independent Flip,1050.1404,4.1992,1.0154,3.1838,9.8912,3.8960,1.6793,2.2167,16.5839,4.1891,0.0368,1050.1404,NA,NA,NA
Code.exe,14868,0x2E094ECB090,DXGI,0,0,0,Hardware Composed: Independent Flip,1054.3396,4.1286,1.1373,2.9913,9.5880,4.3197,1.8225,2.4972,16.5738,4.1557,0.0101,1054.3396,NA,NA,NA
Code.exe,14868,0x2E094ECB090,DXGI,0,0,0,Hardware Composed: Independent Flip,1058.4682,4.1844,0.9982,3.1862,9.7791,3.9514,1.3439,2.6075,16.6009,4.1769,-0.0271,1058.4682,NA,NA,NA
Code.exe,14868,0x2E094ECB090,DXGI,0,0,0,Hardware Composed: Independent Flip,1062.6526,4.1254,0.9562,3.1692,9.5461,4.2995,1.7395,2.5600,16.5934,4.1435,0.0075,1062.6526,NA,NA,NA
Code.exe,14868,0x2E094ECB090,DXGI,0,0,0,Hardware Composed: Independent Flip,1066.7780,4.2219,0.7429,3.4790,9.7202,4.0565,1.6101,2.4464,16.6115,4.1774,-0.0181,1066.7780,NA,NA,NA
Code.exe,14868,0x2E094ECB090,DXGI,0,0,0,Hardware Composed: Independent Flip,1070.9999,4.1448,1.2314,2.9134,9.5548,4.4308,1.9046,2.5262,16.5670,4.1635,0.0445,1070.9999,NA,NA,NA
Code.exe,14868,0x2E094ECB090,DXGI,0,0,0,Hardware Composed: Independent Flip,1075.1447,4.1725,0.9933,3.1792,9.8408,4.1604,1.8563,2.3041,16.5857,4.1797,-0.0187,1075.1447,NA,NA,NA
Code.exe,14868,0x2E094ECB090,DXGI,0,0,0,Hardware Composed: Independent Flip,1079.3172,4.1283,0.7783,3.3500,9.8287,4.1240,1.8285,2.2955,16.5929,4.1585,-0.0072,1079.3172,NA,NA,NA
Code.exe,14868,0x2E094ECB090,DXGI,0,0,0,Hardware Composed: Independent Flip,1083.4455,4.2437,0.7187,3.5250,9.8244,4.2802,1.9458,2.3344,16.6231,4.1604,-0.0302,1083.4455,NA,NA,NA
Code.exe,14868,0x2E094ECB090,DXGI,0,0,0,Hardware Composed: Independent Flip,1087.6892,4.1011,0.6224,3.4787,9.8609,4.7163,1.3682,3.3481,16.5398,4.1587,0.0833,1087.6892,NA,NA,NA
Code.exe,14868,0x2E094ECB090,DXGI,0,0,0,Hardware Composed: Independent Flip,1091.7903,4.2040,0.6000,3.6040,10.4761,3.3400,1.6927,1.6473,16.5974,4.1713,-0.0576,1091.7903,NA,NA,NA
Code.exe,14868,0x2E094ECB090,DXGI,0,0,0,Hardware Composed: Independent Flip,1095.9943,4.1376,0.5420,3.5956,9.6121,4.3252,1.8619,2.4633,16.5647,4.1631,0.0327,1095.9943,NA,NA,NA
Code.exe,14868,0x2E094ECB090,DXGI,0,0,0,Hardware Composed: Independent Flip,1100.1319,4.2702,4.2351,0.0351,9.7997,5.9972,4.0555,1.9417,16.5902,4.1678,-0.0255,1100.1319,NA,NA,NA
Code.exe,14868,0x2E094ECB090,DXGI,0,0,0,Hardware Composed: Independent Flip,1104.4021,4.0398,0.3437,3.6961,11.5267,3.7553,2.5401,1.2152,16.4878,4.1736,0.1024,1104.4021,NA,NA,NA
Code.exe,14868,0x2E094ECB090,DXGI,0,0,0,Hardware Composed: Independent Flip,1108.4419,4.1709,0.5423,3.6286,11.2422,2.5668,1.6028,0.9640,16.6216,4.1509,-0.1338,1108.4419,NA,NA,NA
Code.exe,14868,0x2E094ECB090,DXGI,0,0,0,Hardware Composed: Independent Flip,1112.6128,4.1593,0.6392,3.5201,9.6381,4.3655,1.7564,2.6091,16.6016,4.1601,0.0200,1112.6128,NA,NA,NA
Code.exe,14868,0x2E094ECB090,DXGI,0,0,0,Hardware Composed: Independent Flip,1116.7721,4.2033,0.6375,3.5658,9.8443,4.3402,1.9993,2.3409,16.6024,4.1673,-0.0008,1116.7721,NA,NA,NA
Code.exe,14868,0x2E094ECB090,DXGI,0,0,0,Hardware Composed: Independent Flip,1120.9754,4.1573,0.5945,3.5628,9.9812,3.8836,1.7107,2.1729,16.5664,4.1775,0.0360,1120.9754,NA,NA,NA
Code.exe,14868,0x2E094ECB090,DXGI,0,0,0,Hardware Composed: Independent Flip,1125.1327,4.1604,0.5593,3.6011,9.7075,3.9525,1.5573,2.3952,16.5866,4.1627,-0.0202,1125.1327,NA,NA,NA
Code.exe,14868,0x2E094ECB090,DXGI,0,0,0,Hardware Composed: Independent Flip,1129.2931,4.1475,1.2355,2.9120,9.4996,4.3751,1.7420,2.6331,16.5889,4.1818,-0.0023,1129.2931,NA,NA,NA
Code.exe,14868,0x2E094ECB090,DXGI,0,0,0,Hardware Composed: Independent Flip,1133.4406,4.1434,0.7378,3.4056,9.7272,4.1412,1.7177,2.4235,16.6232,4.1419,-0.0343,1133.4406,NA,NA,NA
Code.exe,14868,0x2E094ECB090,DXGI,0,0,0,Hardware Composed: Independent Flip,1137.5840,4.2019,0.5219,3.6800,9.7250,4.2295,1.7480,2.4815,16.6217,4.1754,0.0015,1137.5840,NA,NA,NA
Code.exe,14868,0x2E094ECB090,DXGI,0,0,0,Hardware Composed: Independent Flip,1141.7859,4.1603,0.5612,3.5991,9.7526,3.9614,1.6184,2.3430,16.5952,4.1814,0.0265,1141.7859,NA,NA,NA
Code.exe,14868,0x2E094ECB090,DXGI,0,0,0,Hardware Composed: Independent Flip,1145.9462,4.2082,0.7303,3.4779,9.5537,4.3515,1.8002,2.5513,16.6163,4.1371,-0.0211,1145.9462,NA,NA,NA
Code.exe,14868,0x2E094ECB090,DXGI,0,0,0,Hardware Composed: Independent Flip,1150.1544,4.0970,0.7224,3.3746,9.6970,4.0708,1.7057,2.3651,16.5452,4.1730,0.0711,1150.1544,NA,NA,NA
Code.exe,14868,0x2E094ECB090,DXGI,0,0,0,Hardware Composed: Independent Flip,1154.2514,4.1738,0.6048,3.5690,9.6708,4.2429,1.7727,2.4702,16.6212,4.1629,-0.0760,1154.2514,NA,NA,NA
Code.exe,14868,0x2E094ECB090,DXGI,0,0,0,Hardware Composed: Independent Flip,1158.4252,4.2058,2.2410,1.9648,9.7399,3.9648,1.5913,2.3735,16.6103,4.1737,0.0109,1158.4252,NA,NA,NA
Code.exe,14868,0x2E094ECB090,DXGI,0,0,0,Hardware Composed: Independent Flip,1162.6310,4.1573,1.0201,3.1372,9.4989,4.2138,1.6302,2.5836,16.5782,4.1619,0.0321,1162.6310,NA,NA,NA
Code.exe,14868,0x2E094ECB090,DXGI,0,0,0,Hardware Composed: Independent Flip,1166.7883,4.1336,2.0444,2.0892,9.5554,4.0132,1.3496,2.6636,16.5828,4.1554,-0.0046,1166.7883,NA,NA,NA
Code.exe,14868,0x2E094ECB090,DXGI,0,0,0,Hardware Composed: Independent Flip,1170.9219,4.1574,1.3510,2.8064,9.4350,4.3963,1.7748,2.6215,16.6046,4.1697,-0.0218,1170.9219,NA,NA,NA
Code.exe,14868,0x2E094ECB090,DXGI,0,0,0,Hardware Composed: Independent Flip,1175.0793,4.2416,1.3292,2.9124,9.6739,4.2163,1.7687,2.4476,16.6169,4.1718,-0.0123,1175.0793,NA,NA,NA
Code.exe,14868,0x2E094ECB090,DXGI,0,0,0,Hardware Composed: Independent Flip,1179.3209,4.1067,1.6861,2.4206,9.6486,4.2198,1.8135,2.4063,16.5471,4.1531,0.0698,1179.3209,NA,NA,NA
Code.exe,14868,0x2E094ECB090,DXGI,0,0,0,Hardware Composed: Independent Flip,1183.4276,4.1488,1.4271,2.7217,9.7617,3.9773,1.3844,2.5929,16.5935,4.1756,-0.0464,1183.4276,NA,NA,NA
Code.exe,14868,0x2E094ECB090,DXGI,0,0,0,Hardware Composed: Independent Flip,1187.5764,4.1876,1.4346,2.7530,9.5902,4.1566,1.6399,2.5167,16.6203,4.1608,-0.0268,1187.5764,NA,NA,NA
Code.exe,14868,0x2E094ECB090,DXGI,0,0,0,Hardware Composed: Independent Flip,1191.7640,4.1718,1.7043,2.4675,9.5592,4.1841,1.6409,2.5432,16.5935,4.1673,0.0268,1191.7640,NA,NA,NA
Code.exe,14868,0x2E094ECB090,DXGI,0,0,0,Hardware Composed: Independent Flip,1195.9358,4.1423,1.8239,2.3184,9.5715,4.3825,1.8561,2.5264,16.5890,4.1702,0.0045,1195.9358,NA,NA,NA
Code.exe,14868,0x2E094ECB090,DXGI,0,0,0,Hardware Composed: Independent Flip,1200.0781,4.1722,1.4381,2.7341,9.8117,3.8459,1.5436,2.3023,16.6169,4.1613,-0.0279,1200.0781,NA,NA,NA
Code.exe,14868,0x2E094ECB090,DXGI,0,0,0,Hardware Composed: Independent Flip,1204.2503,4.1705,1.3108,2.8597,9.4854,4.3395,1.7684,2.5711,16.6060,4.1734,0.0109,1204.2503,NA,NA,NA
Code.exe,14868,0x2E094ECB090,DXGI,0,0,0,Hardware Composed: Independent Flip,1208.4208,4.1561,1.8161,2.3400,9.6544,4.1137,1.6507,2.4630,16.6089,4.1661,-0.0029,1208.4208,NA,NA,NA
Code.exe,14868,0x2E094ECB090,DXGI,0,0,0,Hardware Composed: Independent Flip,1212.5769,4.1776,1.3115,2.8661,9.6120,4.4074,1.8901,2.5173,16.6189,4.1644,-0.0100,1212.5769,NA,NA,NA
Code.exe,14868,0x2E094ECB090,DXGI,0,0,0,Hardware Composed: Independent Flip,1216.7545,4.1642,1.6562,2.5080,9.8418,4.0605,1.7722,2.2883,16.6057,4.1590,0.0132,1216.7545,NA,NA,NA
Code.exe,14868,0x2E094ECB090,DXGI,0,0,0,Hardware Composed: Independent Flip,1220.9187,4.1808,1.3303,2.8505,9.7381,3.9959,1.6047,2.3912,16.6005,4.1634,0.0052,1220.9187,NA,NA,NA
Code.exe,14868,0x2E094ECB090,DXGI,0,0,0,Hardware Composed: Independent Flip,1225.0995,4.1640,2.0639,2.1001,9.5532,4.3745,1.8329,2.5416,16.5831,4.1774,0.0174,1225.0995,NA,NA,NA
Code.exe,14868,0x2E094ECB090,DXGI,0,0,0,Hardware Composed: Independent Flip,1229.2635,4.1501,2.0589,2.0912,9.7637,3.9451,1.6077,2.3374,16.5965,4.1533,-0.0134,1229.2635,NA,NA,NA
Code.exe,14868,0x2E094ECB090,DXGI,0,0,0,Hardware Composed: Independent Flip,1233.4136,4.1525,1.2474,2.9051,9.5587,4.1690,1.6176,2.5514,16.5997,4.1703,-0.0032,1233.4136,NA,NA,NA
Code.exe,14868,0x2E094ECB090,DXGI,0,0,0,Hardware Composed: Independent Flip,1237.5661,4.1632,1.6536,2.5096,9.5752,4.3095,1.7763,2.5332,16.6175,4.1595,-0.0178,1237.5661,NA,NA,NA
Code.exe,14868,0x2E094ECB090,DXGI,0,0,0,Hardware Composed: Independent Flip,1241.7293,4.1840,1.3666,2.8174,9.7215,4.1547,1.7362,2.4185,16.6138,4.1723,0.0037,1241.7293,NA,NA,NA
Code.exe,14868,0x2E094ECB090,DXGI,0,0,0,Hardware Composed: Independent Flip,1245.9133,4.1492,1.0289,3.1203,9.6922,4.1839,1.7813,2.4026,16.6021,4.1609,0.0117,1245.9133,NA,NA,NA
Code.exe,14868,0x2E094ECB090,DXGI,0,0,0,Hardware Composed: Independent Flip,1250.0625,4.1744,1.1676,3.0068,9.7269,4.0202,1.6346,2.3856,16.6138,4.1675,-0.0117,1250.0625,NA,NA,NA
Code.exe,14868,0x2E094ECB090,DXGI,0,0,0,Hardware Composed: Independent Flip,1254.2369,4.1609,1.4663,2.6946,9.5727,4.2398,1.7074,2.5324,16.6069,4.1622,0.0069,1254.2369,NA,NA,NA
Code.exe,14868,0x2E094ECB090,DXGI,0,0,0,Hardware Composed: Independent Flip,1258.3978,4.1691,1.9942,2.1749,9.6516,4.2227,1.7512,2.4715,16.6082,4.1667,-0.0013,1258.3978,NA,NA,NA
Code.exe,14868,0x2E094ECB090,DXGI,0,0,0,Hardware Composed: Independent Flip,1262.5669,4.1617,1.4217,2.7400,9.7052,4.0133,1.6096,2.4037,16.6058,4.1750,0.0024,1262.5669,NA,NA,NA
Code.exe,14868,0x2E094ECB090,DXGI,0,0,0,Hardware Composed: Independent Flip,1266.7286,4.1765,1.1445,3.0320,9.5568,4.1992,1.6489,2.5503,16.6191,4.1635,-0.0133,1266.7286,NA,NA,NA
Code.exe,14868,0x2E094ECB090,DXGI,0,0,0,Hardware Composed: Independent Flip,1270.9051,4.1675,1.5758,2.5917,9.5795,4.1604,1.6291,2.5313,16.6061,4.1654,0.0130,1270.9051,NA,NA,NA
Code.exe,14868,0x2E094ECB090,DXGI,0,0,0,Hardware Composed: Independent Flip,1275.0726,4.1566,0.9865,3.1701,9.5724,4.1652,1.4015,2.7637,16.6040,4.1592,0.0021,1275.0726,NA,NA,NA
Code.exe,14868,0x2E094ECB090,DXGI,0,0,0,Hardware Composed: Independent Flip,1279.2292,4.1595,1.1413,3.0182,9.5810,4.4150,1.8754,2.5396,16.6066,4.1770,-0.0026,1279.2292,NA,NA,NA
Code.exe,14868,0x2E094ECB090,DXGI,0,0,0,Hardware Composed: Independent Flip,1283.3887,4.1789,1.2699,2.9090,9.8365,3.8377,1.5585,2.2792,16.6241,4.1627,-0.0175,1283.3887,NA,NA,NA
Code.exe,14868,0x2E094ECB090,DXGI,0,0,0,Hardware Composed: Independent Flip,1287.5676,4.1530,1.6612,2.4918,9.4953,4.5096,1.8784,2.6312,16.6079,4.1828,0.0162,1287.5676,NA,NA,NA
Code.exe,14868,0x2E094ECB090,DXGI,0,0,0,Hardware Composed: Independent Flip,1291.7206,4.1589,1.3990,2.7599,9.8519,3.8395,1.5724,2.2671,16.6377,4.1583,-0.0298,1291.7206,NA,NA,NA
Code.exe,14868,0x2E094ECB090,DXGI,0,0,0,Hardware Composed: Independent Flip,1295.8795,4.1941,1.2449,2.9492,9.5325,4.2176,1.5840,2.6336,16.6371,4.1531,0.0006,1295.8795,NA,NA,NA
Code.exe,14868,0x2E094ECB090,DXGI,0,0,0,Hardware Composed: Independent Flip,1300.0736,4.1538,2.0585,2.0953,9.5560,4.2452,1.6767,2.5685,16.5961,4.1585,0.0410,1300.0736,NA,NA,NA
Code.exe,14868,0x2E094ECB090,DXGI,0,0,0,Hardware Composed: Independent Flip,1304.2274,4.1836,0.5004,3.6832,9.6474,4.0844,1.6066,2.4778,16.6008,4.1826,-0.0047,1304.2274,NA,NA,NA
Code.exe,14868,0x2E094ECB090,DXGI,0,0,0,Hardware Composed: Independent Flip,1308.4110,4.1641,0.6962,3.4679,9.5482,4.0374,1.4986,2.5388,16.5998,4.1597,0.0010,1308.4110,NA,NA,NA
Code.exe,14868,0x2E094ECB090,DXGI,0,0,0,Hardware Composed: Independent Flip,1312.5751,4.2068,1.1770,3.0298,9.4215,4.3762,1.6687,2.7075,16.5954,4.1547,0.0044,1312.5751,NA,NA,NA
Code.exe,14868,0x2E094ECB090,DXGI,0,0,0,Hardware Composed: Independent Flip,1316.7819,4.1033,0.6518,3.4515,9.5909,4.1763,1.7278,2.4485,16.5433,4.1889,0.0521,1316.7819,NA,NA,NA
Code.exe,14868,0x2E094ECB090,DXGI,0,0,0,Hardware Composed: Independent Flip,1320.8852,4.2240,0.5691,3.6549,9.6639,4.0720,1.5993,2.4727,16.6289,4.1374,-0.0856,1320.8852,NA,NA,NA
Code.exe,14868,0x2E094ECB090,DXGI,0,0,0,Hardware Composed: Independent Flip,1325.1092,4.1289,0.5487,3.5802,9.5119,4.1190,1.5454,2.5736,16.5423,4.1704,0.0866,1325.1092,NA,NA,NA
Code.exe,14868,0x2E094ECB090,DXGI,0,0,0,Hardware Composed: Independent Flip,1329.2381,4.1884,1.1018,3.0866,9.5020,4.1153,1.5370,2.5783,16.5838,4.1655,-0.0415,1329.2381,NA,NA,NA
Code.exe,14868,0x2E094ECB090,DXGI,0,0,0,Hardware Composed: Independent Flip,1333.4265,4.1355,0.6531,3.4824,9.4289,4.7195,1.9673,2.7522,16.5609,4.1792,0.0229,1333.4265,NA,NA,NA
Code.exe,14868,0x2E094ECB090,DXGI,0,0,0,Hardware Composed: Independent Flip,1337.5620,4.1457,0.5106,3.6351,10.0129,3.6086,1.5380,2.0706,16.6046,4.1591,-0.0437,1337.5620,NA,NA,NA
Code.exe,14868,0x2E094ECB090,DXGI,0,0,0,Hardware Composed: Independent Flip,1341.7077,4.2871,0.4836,3.8035,9.4758,4.2575,1.5725,2.6850,16.6180,4.1700,-0.0134,1341.7077,NA,NA,NA
Code.exe,14868,0x2E094ECB090,DXGI,0,0,0,Hardware Composed: Independent Flip,1345.9948,4.0427,0.4241,3.6186,9.4462,4.3538,1.8096,2.5442,16.5009,4.1874,0.1171,1345.9948,NA,NA,NA
Code.exe,14868,0x2E094ECB090,DXGI,0,0,0,Hardware Composed: Independent Flip,1350.0375,4.2072,0.7140,3.4932,9.7573,4.1723,1.7765,2.3958,16.6456,4.1357,-0.1447,1350.0375,NA,NA,NA
Code.exe,14868,0x2E094ECB090,DXGI,0,0,0,Hardware Composed: Independent Flip,1354.2447,4.1244,0.5723,3.5521,9.7224,3.9052,1.5077,2.3975,16.5741,4.1716,0.0715,1354.2447,NA,NA,NA
Code.exe,14868,0x2E094ECB090,DXGI,0,0,0,Hardware Composed: Independent Flip,1358.3691,4.2006,0.6160,3.5846,9.5032,4.1839,1.5598,2.6241,16.6213,4.1594,-0.0472,1358.3691,NA,NA,NA
Code.exe,14868,0x2E094ECB090,DXGI,0,0,0,Hardware Composed: Independent Flip,1362.5697,4.2106,1.1637,3.0469,9.4865,4.1898,1.5704,2.6194,16.5801,4.1642,0.0412,1362.5697,NA,NA,NA
Code.exe,14868,0x2E094ECB090,DXGI,0,0,0,Hardware Composed: Independent Flip,1366.7803,4.1042,0.5847,3.5195,9.4657,4.1691,1.5922,2.5769,16.5337,4.1748,0.0464,1366.7803,NA,NA,NA
Code.exe,14868,0x2E094ECB090,DXGI,0,0,0,Hardware Composed: Independent Flip,1370.8845,4.1912,0.5694,3.6218,9.5306,4.1298,1.5647,2.5651,16.6043,4.1674,-0.0706,1370.8845,NA,NA,NA
Code.exe,14868,0x2E094ECB090,DXGI,0,0,0,Hardware Composed: Independent Flip,1375.0757,4.1285,0.6012,3.5273,9.4692,4.3582,1.7292,2.6290,16.5805,4.1672,0.0238,1375.0757,NA,NA,NA
Code.exe,14868,0x2E094ECB090,DXGI,0,0,0,Hardware Composed: Independent Flip,1379.2042,4.1582,0.7883,3.3699,9.6989,4.1580,1.7181,2.4399,16.6192,4.1550,-0.0387,1379.2042,NA,NA,NA
Code.exe,14868,0x2E094ECB090,DXGI,0,0,0,Hardware Composed: Independent Flip,1383.3624,4.1760,0.6288,3.5472,9.6987,3.9856,1.4290,2.5566,16.6160,4.1733,0.0032,1383.3624,NA,NA,NA
Code.exe,14868,0x2E094ECB090,DXGI,0,0,0,Hardware Composed: Independent Flip,1387.5384,4.1906,0.6560,3.5346,9.5083,4.2573,1.6262,2.6311,16.6133,4.1500,0.0027,1387.5384,NA,NA,NA
Code.exe,14868,0x2E094ECB090,DXGI,0,0,0,Hardware Composed: Independent Flip,1391.7290,4.1820,1.2033,2.9787,9.5750,4.0654,1.5206,2.5448,16.5727,4.1770,0.0406,1391.7290,NA,NA,NA
Code.exe,14868,0x2E094ECB090,DXGI,0,0,0,Hardware Composed: Independent Flip,1395.9110,4.1298,1.0462,3.0836,9.4584,4.2277,1.6213,2.6064,16.5677,4.1637,0.0050,1395.9110,NA,NA,NA
Code.exe,14868,0x2E094ECB090,DXGI,0,0,0,Hardware Composed: Independent Flip,1400.0408,4.1857,0.4990,3.6867,9.5563,4.0540,1.5130,2.5410,16.6016,4.1582,-0.0339,1400.0408,NA,NA,NA
Code.exe,14868,0x2E094ECB090,DXGI,0,0,0,Hardware Composed: Independent Flip,1404.2265,4.1180,0.5013,3.6167,9.4246,4.2542,1.5965,2.6577,16.5741,4.1685,0.0275,1404.2265,NA,NA,NA
Code.exe,14868,0x2E094ECB090,DXGI,0,0,0,Hardware Composed: Independent Flip,1408.3445,4.1983,0.5739,3.6244,9.5608,4.1753,1.6028,2.5725,16.6246,4.1617,-0.0505,1408.3445,NA,NA,NA
Code.exe,14868,0x2E094ECB090,DXGI,0,0,0,Hardware Composed: Independent Flip,1412.5428,4.1450,0.6769,3.4681,9.5378,4.3360,1.7794,2.5566,16.5880,4.1946,0.0366,1412.5428,NA,NA,NA
Code.exe,14868,0x2E094ECB090,DXGI,0,0,0,Hardware Composed: Independent Flip,1416.6878,4.1594,0.5330,3.6264,9.7288,3.9022,1.5197,2.3825,16.6376,4.1522,-0.0496,1416.6878,NA,NA,NA
Code.exe,14868,0x2E094ECB090,DXGI,0,0,0,Hardware Composed: Independent Flip,1420.8472,4.1799,0.5197,3.6602,9.4716,4.2383,1.5679,2.6704,16.6304,4.1559,0.0072,1420.8472,NA,NA,NA
Code.exe,14868,0x2E094ECB090,DXGI,0,0,0,Hardware Composed: Independent Flip,1425.0271,4.1550,0.7733,3.3817,9.5300,4.2381,1.6250,2.6131,16.6064,4.1721,0.0240,1425.0271,NA,NA,NA
Code.exe,14868,0x2E094ECB090,DXGI,0,0,0,Hardware Composed: Independent Flip,1429.1821,4.1958,0.9005,3.2953,9.6131,4.1807,1.6441,2.5366,16.6235,4.1773,-0.0171,1429.1821,NA,NA,NA
Code.exe,14868,0x2E094ECB090,DXGI,0,0,0,Hardware Composed: Independent Flip,1433.3779,4.1635,0.5775,3.5860,9.5980,4.0135,1.5432,2.4703,16.6050,4.1704,0.0185,1433.3779,NA,NA,NA
Code.exe,14868,0x2E094ECB090,DXGI,0,0,0,Hardware Composed: Independent Flip,1437.5414,4.1479,0.6746,3.4733,9.4480,4.2393,1.5736,2.6657,16.6119,4.1343,-0.0069,1437.5414,NA,NA,NA
Code.exe,14868,0x2E094ECB090,DXGI,0,0,0,Hardware Composed: Independent Flip,1441.6893,4.1728,0.7941,3.3787,9.5394,4.1387,1.5401,2.5986,16.5983,4.1832,0.0136,1441.6893,NA,NA,NA
Code.exe,14868,0x2E094ECB090,DXGI,0,0,0,Hardware Composed: Independent Flip,1445.8621,4.1728,0.5257,3.6471,9.5053,4.3463,1.7631,2.5832,16.6087,4.1589,-0.0104,1445.8621,NA,NA,NA
Code.exe,14868,0x2E094ECB090,DXGI,0,0,0,Hardware Composed: Independent Flip,1450.0349,4.2011,0.5381,3.6630,9.6788,3.9817,1.5403,2.4414,16.5948,4.1795,0.0139,1450.0349,NA,NA,NA
Code.exe,14868,0x2E094ECB090,DXGI,0,0,0,Hardware Composed: Independent Flip,1454.2360,4.0932,0.5729,3.5203,9.4594,4.1931,1.5882,2.6049,16.5732,4.1563,0.0216,1454.2360,NA,NA,NA
Code.exe,14868,0x2E094ECB090,DXGI,0,0,0,Hardware Composed: Independent Flip,1458.3292,4.2186,0.7268,3.4918,9.5593,4.2019,1.5980,2.6039,16.6363,4.1596,-0.0631,1458.3292,NA,NA,NA
Code.exe,14868,0x2E094ECB090,DXGI,0,0,0,Hardware Composed: Independent Flip,1462.5478,4.1250,0.7548,3.3702,9.5426,4.0394,1.2901,2.7493,16.5773,4.1778,0.0590,1462.5478,NA,NA,NA
Code.exe,14868,0x2E094ECB090,DXGI,0,0,0,Hardware Composed: Independent Flip,1466.6728,4.1788,0.6235,3.5553,9.4570,4.2796,1.6002,2.6794,16.6301,4.1452,-0.0528,1466.6728,NA,NA,NA
Code.exe,14868,0x2E094ECB090,DXGI,0,0,0,Hardware Composed: Independent Flip,1470.8516,4.1766,0.4375,3.7391,9.5578,4.1404,1.5493,2.5911,16.5965,4.1808,0.0336,1470.8516,NA,NA,NA
Code.exe,14868,0x2E094ECB090,DXGI,0,0,0,Hardware Composed: Independent Flip,1475.0282,4.1713,0.8268,3.3445,9.5216,4.1719,1.5970,2.5749,16.6007,4.1930,-0.0042,1475.0282,NA,NA,NA
Code.exe,14868,0x2E094ECB090,DXGI,0,0,0,Hardware Composed: Independent Flip,1479.1995,4.1563,0.6820,3.4743,9.5222,4.2156,1.6440,2.5716,16.6224,4.1479,-0.0217,1479.1995,NA,NA,NA
Code.exe,14868,0x2E094ECB090,DXGI,0,0,0,Hardware Composed: Independent Flip,1483.3558,4.1314,0.5830,3.5484,9.5815,4.1415,1.5833,2.5582,16.6140,4.1618,0.0084,1483.3558,NA,NA,NA
Code.exe,14868,0x2E094ECB090,DXGI,0,0,0,Hardware Composed: Independent Flip,1487.4872,4.2182,0.7199,3.4983,9.5916,4.2388,1.6634,2.5754,16.6444,4.1484,-0.0304,1487.4872,NA,NA,NA
Code.exe,14868,0x2E094ECB090,DXGI,0,0,0,Hardware Composed: Independent Flip,1491.7054,4.1737,0.5396,3.6341,9.6122,5.0242,1.2411,3.7831,16.5746,4.1905,0.0698,1491.7054,NA,NA,NA
Code.exe,14868,0x2E094ECB090,DXGI,0,0,0,Hardware Composed: Independent Flip,1495.8791,4.1397,0.6328,3.5069,10.4627,3.1082,1.5023,1.6059,16.5914,4.1413,-0.0168,1495.8791,NA,NA,NA
Code.exe,14868,0x2E094ECB090,DXGI,0,0,0,Hardware Composed: Independent Flip,1500.0188,4.1581,0.6750,3.4831,9.4312,4.2437,1.5281,2.7156,16.5930,4.1686,-0.0016,1500.0188,NA,NA,NA
Code.exe,14868,0x2E094ECB090,DXGI,0,0,0,Hardware Composed: Independent Flip,1504.1769,4.1440,0.5935,3.5505,9.5168,4.2630,1.6684,2.5946,16.6035,4.1758,-0.0105,1504.1769,NA,NA,NA
Code.exe,14868,0x2E094ECB090,DXGI,0,0,0,Hardware Composed: Independent Flip,1508.3209,4.2336,0.5556,3.6780,9.6358,3.9866,1.4867,2.4999,16.6353,4.1618,-0.0318,1508.3209,NA,NA,NA
Code.exe,14868,0x2E094ECB090,DXGI,0,0,0,Hardware Composed: Independent Flip,1512.5545,4.1035,0.6192,3.4843,9.3888,4.4071,1.6937,2.7134,16.5635,4.1551,0.0718,1512.5545,NA,NA,NA
Code.exe,14868,0x2E094ECB090,DXGI,0,0,0,Hardware Composed: Independent Flip,1516.6580,4.1834,1.2231,2.9603,9.6924,4.0381,1.6004,2.4377,16.6151,4.1796,-0.0516,1516.6580,NA,NA,NA
Code.exe,14868,0x2E094ECB090,DXGI,0,0,0,Hardware Composed: Independent Flip,1520.8414,4.2074,1.1037,3.1037,9.5471,4.1988,1.6301,2.5687,16.6113,4.1861,0.0038,1520.8414,NA,NA,NA
Code.exe,14868,0x2E094ECB090,DXGI,0,0,0,Hardware Composed: Independent Flip,1525.0488,4.1354,0.8981,3.2373,9.5385,4.1385,1.5811,2.5574,16.5900,4.1700,0.0213,1525.0488,NA,NA,NA
Code.exe,14868,0x2E094ECB090,DXGI,0,0,0,Hardware Composed: Independent Flip,1529.1842,4.1330,1.1623,2.9707,9.5416,4.1829,1.6000,2.5829,16.6246,4.1527,-0.0346,1529.1842,NA,NA,NA
Code.exe,14868,0x2E094ECB090,DXGI,0,0,0,Hardware Composed: Independent Flip,1533.3172,4.2365,0.7698,3.4667,9.5915,4.2199,1.5872,2.6327,16.6443,4.1446,-0.0197,1533.3172,NA,NA,NA
Code.exe,14868,0x2E094ECB090,DXGI,0,0,0,Hardware Composed: Independent Flip,1537.5537,4.1616,1.3206,2.8410,9.5749,4.2513,1.6789,2.5724,16.5524,4.1743,0.0919,1537.5537,NA,NA,NA
Code.exe,14868,0x2E094ECB090,DXGI,0,0,0,Hardware Composed: Independent Flip,1541.7153,4.1759,0.8638,3.3121,9.6646,3.9265,1.5004,2.4261,16.5651,4.1618,-0.0127,1541.7153,NA,NA,NA
Code.exe,14868,0x2E094ECB090,DXGI,0,0,0,Hardware Composed: Independent Flip,1545.8912,4.1559,1.6276,2.5283,9.4152,4.3730,1.7073,2.6657,16.5510,4.1681,0.0141,1545.8912,NA,NA,NA
Code.exe,14868,0x2E094ECB090,DXGI,0,0,0,Hardware Composed: Independent Flip,1550.0471,4.1226,3.1185,1.0041,9.6323,4.1635,1.7059,2.4576,16.5632,4.1591,-0.0122,1550.0471,NA,NA,NA
Code.exe,14868,0x2E094ECB090,DXGI,0,0,0,Hardware Composed: Independent Flip,1554.1697,4.1956,0.6979,3.4977,12.7914,0.6081,0.6081,0.0000,16.5997,4.1654,-0.0365,1554.1697,NA,NA,NA
Code.exe,14868,0x2E094ECB090,DXGI,0,0,0,Hardware Composed: Independent Flip,1558.3653,4.1414,0.7040,3.4374,12.4485,0.5280,0.5280,0.0000,16.5695,4.1746,0.0302,1558.3653,NA,NA,NA
Code.exe,14868,0x2E094ECB090,DXGI,0,0,0,Hardware Composed: Independent Flip,1562.5067,4.1592,0.9646,3.1946,12.4724,0.4569,0.4569,0.0000,16.6027,4.1588,-0.0332,1562.5067,NA,NA,NA
Code.exe,14868,0x2E094ECB090,DXGI,0,0,0,Hardware Composed: Independent Flip,1566.6659,4.1752,0.8130,3.3622,12.4822,0.4249,0.4249,0.0000,16.6023,4.1807,0.0004,1566.6659,NA,NA,NA
Code.exe,14868,0x2E094ECB090,DXGI,0,0,0,Hardware Composed: Independent Flip,1570.8411,4.1516,1.4188,2.7328,12.4648,0.4516,0.4516,0.0000,16.6078,4.1577,-0.0055,1570.8411,NA,NA,NA
Code.exe,14868,0x2E094ECB090,DXGI,0,0,0,Hardware Composed: Independent Flip,1574.9927,4.1841,0.9385,3.2456,12.6023,0.1771,0.1771,0.0000,16.6139,4.1602,-0.0061,1574.9927,NA,NA,NA
Code.exe,14868,0x2E094ECB090,DXGI,0,0,0,Hardware Composed: Independent Flip,1579.1768,4.1522,1.2106,2.9416,12.4719,0.4499,0.4499,0.0000,16.5900,4.1804,0.0239,1579.1768,NA,NA,NA
Code.exe,14868,0x2E094ECB090,DXGI,0,0,0,Hardware Composed: Independent Flip,1583.3290,4.2352,1.2187,3.0165,12.4742,0.5029,0.5029,0.0000,16.6182,4.1453,-0.0282,1583.3290,NA,NA,NA
Code.exe,14868,0x2E094ECB090,DXGI,0,0,0,Hardware Composed: Independent Flip,1587.5642,4.1055,1.3453,2.7602,12.4151,0.4732,0.4732,0.0000,16.5283,4.1671,0.0899,1587.5642,NA,NA,NA
Code.exe,14868,0x2E094ECB090,DXGI,0,0,0,Hardware Composed: Independent Flip,1591.6697,4.1540,1.1935,2.9605,12.4529,0.5488,0.5488,0.0000,16.5899,4.1681,-0.0616,1591.6697,NA,NA,NA
Code.exe,14868,0x2E094ECB090,DXGI,0,0,0,Hardware Composed: Independent Flip,1595.8237,4.1719,0.9437,3.2282,12.4714,0.5808,0.5808,0.0000,16.6040,4.1589,-0.0141,1595.8237,NA,NA,NA
Code.exe,14868,0x2E094ECB090,DXGI,0,0,0,Hardware Composed: Independent Flip,1599.9956,4.1436,0.9919,3.1517,12.4634,0.4371,0.4371,0.0000,16.5910,4.1788,0.0130,1599.9956,NA,NA,NA
Code.exe,14868,0x2E094ECB090,DXGI,0,0,0,Hardware Composed: Independent Flip,1604.1392,4.1798,0.8474,3.3324,12.4701,0.5157,0.5157,0.0000,16.6262,4.1719,-0.0352,1604.1392,NA,NA,NA
Code.exe,14868,0x2E094ECB090,DXGI,0,0,0,Hardware Composed: Independent Flip,1608.3190,4.1610,0.8965,3.2645,12.4753,0.4643,0.4643,0.0000,16.6183,4.1591,0.0079,1608.3190,NA,NA,NA
Code.exe,14868,0x2E094ECB090,DXGI,0,0,0,Hardware Composed: Independent Flip,1612.4800,4.1439,0.9595,3.1844,12.5186,0.5773,0.5773,0.0000,16.6164,4.1518,0.0019,1612.4800,NA,NA,NA
Code.exe,14868,0x2E094ECB090,DXGI,0,0,0,Hardware Composed: Independent Flip,1616.6239,4.1888,0.8543,3.3345,12.5072,0.4350,0.4350,0.0000,16.6243,4.2002,-0.0079,1616.6239,NA,NA,NA
Code.exe,14868,0x2E094ECB090,DXGI,0,0,0,Hardware Composed: Independent Flip,1620.8127,4.2304,0.3736,3.8568,12.4728,0.4712,0.4712,0.0000,16.6357,4.1493,-0.0114,1620.8127,NA,NA,NA
Code.exe,14868,0x2E094ECB090,DXGI,0,0,0,Hardware Composed: Independent Flip,1625.0431,4.1189,0.4392,3.6797,12.4685,0.4351,0.4351,0.0000,16.5546,4.1685,0.0811,1625.0431,NA,NA,NA
Code.exe,14868,0x2E094ECB090,DXGI,0,0,0,Hardware Composed: Independent Flip,1629.1620,4.1346,0.5192,3.6154,12.4698,0.4685,0.4685,0.0000,16.6042,4.1430,-0.0496,1629.1620,NA,NA,NA
Code.exe,14868,0x2E094ECB090,DXGI,0,0,0,Hardware Composed: Independent Flip,1633.2966,4.2305,0.4256,3.8049,12.4978,0.4268,0.4268,0.0000,16.6126,4.1729,-0.0084,1633.2966,NA,NA,NA
Code.exe,14868,0x2E094ECB090,DXGI,0,0,0,Hardware Composed: Independent Flip,1637.5271,4.1318,0.4118,3.7200,12.4216,0.4571,0.4571,0.0000,16.5550,4.1736,0.0576,1637.5271,NA,NA,NA
Code.exe,14868,0x2E094ECB090,DXGI,0,0,0,Hardware Composed: Independent Flip,1641.6589,4.1425,0.5486,3.5939,12.4676,0.4875,0.4875,0.0000,16.5968,4.1955,-0.0418,1641.6589,NA,NA,NA
Code.exe,14868,0x2E094ECB090,DXGI,0,0,0,Hardware Composed: Independent Flip,1645.8014,4.1863,0.3780,3.8083,12.7104,0.1975,0.1975,0.0000,16.6498,4.1277,-0.0530,1645.8014,NA,NA,NA
Code.exe,14868,0x2E094ECB090,DXGI,0,0,0,Hardware Composed: Independent Flip,1649.9877,4.1491,0.3740,3.7751,12.5250,0.4432,0.4432,0.0000,16.5912,4.1652,0.0586,1649.9877,NA,NA,NA
Code.exe,14868,0x2E094ECB090,DXGI,0,0,0,Hardware Composed: Independent Flip,1654.1368,4.1808,0.3886,3.7922,12.5043,0.4642,0.4642,0.0000,16.6073,4.1785,-0.0161,1654.1368,NA,NA,NA
Code.exe,14868,0x2E094ECB090,DXGI,0,0,0,Hardware Composed: Independent Flip,1658.3176,4.2410,0.5773,3.6637,12.4854,0.4618,0.4618,0.0000,16.6050,4.1764,0.0023,1658.3176,NA,NA,NA
Code.exe,14868,0x2E094ECB090,DXGI,0,0,0,Hardware Composed: Independent Flip,1662.5586,4.1406,0.4946,3.6460,12.4044,0.4190,0.4190,0.0000,16.5404,4.1564,0.0646,1662.5586,NA,NA,NA
Code.exe,14868,0x2E094ECB090,DXGI,0,0,0,Hardware Composed: Independent Flip,1666.6992,4.1217,0.3357,3.7860,12.4405,0.4596,0.4596,0.0000,16.5562,4.1623,-0.0158,1666.6992,NA,NA,NA
Code.exe,14868,0x2E094ECB090,DXGI,0,0,0,Hardware Composed: Independent Flip,1670.8209,4.1565,0.9354,3.2211,12.4775,0.4531,0.4531,0.0000,16.5968,4.1531,-0.0406,1670.8209,NA,NA,NA
Code.exe,14868,0x2E094ECB090,DXGI,0,0,0,Hardware Composed: Independent Flip,1674.9774,4.1838,0.7952,3.3886,12.5806,0.4603,0.4603,0.0000,16.5934,4.1748,0.0034,1674.9774,NA,NA,NA
Code.exe,14868,0x2E094ECB090,DXGI,0,0,0,Hardware Composed: Independent Flip,1679.1612,4.1428,0.5357,3.6071,12.4421,0.4046,0.4046,0.0000,16.5844,4.1641,0.0090,1679.1612,NA,NA,NA
Code.exe,14868,0x2E094ECB090,DXGI,0,0,0,Hardware Composed: Independent Flip,1683.3040,4.1712,0.6285,3.5427,12.4837,0.4411,0.4411,0.0000,16.6057,4.1854,-0.0213,1683.3040,NA,NA,NA
Code.exe,14868,0x2E094ECB090,DXGI,0,0,0,Hardware Composed: Independent Flip,1687.4752,4.1413,0.7790,3.3623,12.4787,0.4580,0.4580,0.0000,16.6199,4.1527,-0.0142,1687.4752,NA,NA,NA
Code.exe,14868,0x2E094ECB090,DXGI,0,0,0,Hardware Composed: Independent Flip,1691.6165,4.1963,0.6363,3.5600,13.4769,0.1907,0.1907,0.0000,16.6313,4.1654,-0.0114,1691.6165,NA,NA,NA
Code.exe,14868,0x2E094ECB090,DXGI,0,0,0,Hardware Composed: Independent Flip,1695.8128,4.1687,0.7301,3.4386,12.4740,0.4574,0.4574,0.0000,16.6004,4.1523,0.0309,1695.8128,NA,NA,NA
Code.exe,14868,0x2E094ECB090,DXGI,0,0,0,Hardware Composed: Independent Flip,1699.9815,4.1952,0.8429,3.3523,12.4960,0.4677,0.4677,0.0000,16.5840,4.1728,0.0164,1699.9815,NA,NA,NA
Code.exe,14868,0x2E094ECB090,DXGI,0,0,0,Hardware Composed: Independent Flip,1704.1767,4.1517,4.0197,0.1320,12.4201,0.4895,0.4895,0.0000,16.5616,4.1707,0.0224,1704.1767,NA,NA,NA
Code.exe,14868,0x2E094ECB090,DXGI,0,0,0,Hardware Composed: Independent Flip,1708.3284,4.1762,0.5458,3.6304,12.4376,0.4337,0.4337,0.0000,16.5806,191.8484,-0.0190,1708.3284,NA,NA,NA
Code.exe,14868,0x2E094ECB090,DXGI,0,0,0,Hardware Composed: Independent Flip,1712.5046,201.4485,201.4022,0.0463,201.4378,1.7011,1.7011,0.0000,204.2528,104.0951,-187.6722,1712.5046,NA,NA,NA
Code.exe,14868,0x2E094ECB090,DXGI,0,0,0,Hardware Composed: Independent Flip,1913.9531,103.9205,103.8714,0.0491,103.8999,1.6450,1.6450,0.0000,106.8994,420.7190,97.3534,1913.9531,NA,NA,NA
Code.exe,14868,0x2E094ECB090,DXGI,0,0,0,Hardware Composed: Independent Flip,2017.8736,419.5436,419.4930,0.0506,419.1203,4.0549,4.0549,0.0000,423.6979,4.1745,-316.7985,2017.8736,NA,NA,NA
Code.exe,14868,0x2E094ECB090,DXGI,0,0,0,Hardware Composed: Independent Flip,2437.4172,2.0381,1.9504,0.0877,3.7088,3.3490,3.3230,0.0260,8.3288,8.3295,415.3691,2437.4172,NA,NA,NA
Code.exe,14868,0x2E094ECB090,DXGI,0,0,0,Hardware Composed: Independent Flip,2439.4553,7.1849,7.1321,0.0528,8.4385,2.5860,2.5510,0.0350,14.6202,4.1600,-6.2914,2439.4553,NA,NA,NA
Code.exe,14868,0x2E094ECB090,DXGI,0,0,0,Hardware Composed: Independent Flip,2446.6402,1.1107,1.0802,0.0305,3.8396,5.2888,2.1504,3.1384,11.5953,4.1689,3.0249,2446.6402,NA,NA,NA
Code.exe,14868,0x2E094ECB090,DXGI,0,0,0,Hardware Composed: Independent Flip,2447.7509,6.4235,6.3745,0.0490,8.2425,4.3752,2.4124,1.9628,14.6535,4.1678,-3.0582,2447.7509,NA,NA,NA
Code.exe,14868,0x2E094ECB090,DXGI,0,0,0,Hardware Composed: Independent Flip,2454.1744,3.9749,3.9356,0.0393,6.1942,4.0569,2.1632,1.8937,12.3978,4.1561,2.2557,2454.1744,NA,NA,NA
Code.exe,14868,0x2E094ECB090,DXGI,0,0,0,Hardware Composed: Independent Flip,2458.1493,4.9200,4.8404,0.0796,6.2762,4.3246,1.8055,2.5191,12.5790,4.1735,-0.1812,2458.1493,NA,NA,NA
Code.exe,14868,0x2E094ECB090,DXGI,0,0,0,Hardware Composed: Independent Flip,2463.0693,4.0781,4.0161,0.0620,5.7543,3.6129,2.4005,1.2124,11.8325,8.3285,0.7465,2463.0693,NA,NA,NA
Code.exe,14868,0x2E094ECB090,DXGI,0,0,0,Hardware Composed: Independent Flip,2467.1474,10.8125,10.7671,0.0454,10.6554,5.2811,5.2670,0.0141,16.0829,4.1636,-4.2504,2467.1474,NA,NA,NA
Code.exe,14868,0x2E094ECB090,DXGI,0,0,0,Hardware Composed: Independent Flip,2477.9599,5.7507,5.7028,0.0479,6.2006,2.1695,2.1695,0.0000,9.4340,4.1566,6.6489,2477.9599,NA,NA,NA
Code.exe,14868,0x2E094ECB090,DXGI,0,0,0,Hardware Composed: Independent Flip,2483.7106,0.3557,0.3330,0.0227,2.6194,2.8010,1.7387,1.0623,7.8399,4.1853,1.5941,2483.7106,NA,NA,NA
Code.exe,14868,0x2E094ECB090,DXGI,0,0,0,Hardware Composed: Independent Flip,2484.0663,7.2656,7.2184,0.0472,7.0946,1.5433,1.5177,0.0256,11.6695,4.1574,-3.8296,2484.0663,NA,NA,NA
Code.exe,14868,0x2E094ECB090,DXGI,0,0,0,Hardware Composed: Independent Flip,2491.3319,1.0179,0.9935,0.0244,1.4127,6.1404,4.0833,2.0571,8.5613,4.1686,3.1082,2491.3319,NA,NA,NA
Code.exe,14868,0x2E094ECB090,DXGI,0,0,0,Hardware Composed: Independent Flip,2492.3498,4.6762,4.5769,0.0993,6.6213,4.0025,3.1640,0.8385,11.7120,4.1705,-3.1507,2492.3498,NA,NA,NA
Code.exe,14868,0x2E094ECB090,DXGI,0,0,0,Hardware Composed: Independent Flip,2497.0260,6.4630,6.4080,0.0550,6.4702,1.1542,1.1542,0.0000,11.2063,4.1576,0.5057,2497.0260,NA,NA,NA
Code.exe,14868,0x2E094ECB090,DXGI,0,0,0,Hardware Composed: Independent Flip,2503.4890,3.2197,3.1830,0.0367,3.1830,1.8604,1.8604,0.0000,8.9009,4.1753,2.3054,2503.4890,NA,NA,NA
Code.exe,14868,0x2E094ECB090,DXGI,0,0,0,Hardware Composed: Independent Flip,2506.7087,2.9612,2.9192,0.0420,3.1479,3.0490,2.2348,0.8142,9.8565,4.1488,-0.9556,2506.7087,NA,NA,NA
Code.exe,14868,0x2E094ECB090,DXGI,0,0,0,Hardware Composed: Independent Flip,2509.6699,4.3915,4.3565,0.0350,4.4277,3.0035,0.9062,2.0973,11.0441,4.1750,-1.1876,2509.6699,NA,NA,NA
Code.exe,14868,0x2E094ECB090,DXGI,0,0,0,Hardware Composed: Independent Flip,2514.0614,3.6477,3.6128,0.0349,3.6265,3.5910,0.9455,2.6455,10.8276,4.1700,0.2165,2514.0614,NA,NA,NA
Code.exe,14868,0x2E094ECB090,DXGI,0,0,0,Hardware Composed: Independent Flip,2517.7091,4.0328,4.0026,0.0302,4.0281,3.7143,0.9635,2.7508,11.3499,4.1596,-0.5223,2517.7091,NA,NA,NA
Code.exe,14868,0x2E094ECB090,DXGI,0,0,0,Hardware Composed: Independent Flip,2521.7419,4.1778,4.1488,0.0290,4.1922,3.5996,0.7979,2.8017,11.4767,4.1666,-0.1268,2521.7419,NA,NA,NA
Code.exe,14868,0x2E094ECB090,DXGI,0,0,0,Hardware Composed: Independent Flip,2525.9197,4.3609,4.3297,0.0312,4.3489,3.1978,0.6223,2.5755,11.4655,4.1793,0.0112,2525.9197,NA,NA,NA
Code.exe,14868,0x2E094ECB090,DXGI,0,0,0,Hardware Composed: Independent Flip,2530.2806,3.8366,3.8118,0.0248,3.8171,3.5470,0.4196,3.1274,11.2839,4.1688,0.1816,2530.2806,NA,NA,NA
Code.exe,14868,0x2E094ECB090,DXGI,0,0,0,Hardware Composed: Independent Flip,2534.1172,4.2710,4.2413,0.0297,4.3211,3.3931,0.4528,2.9403,11.6161,4.1557,-0.3322,2534.1172,NA,NA,NA
Code.exe,14868,0x2E094ECB090,DXGI,0,0,0,Hardware Composed: Independent Flip,2538.3882,4.5654,4.5194,0.0460,4.5783,3.0404,0.4523,2.5881,11.5008,4.1535,0.1153,2538.3882,NA,NA,NA
Code.exe,14868,0x2E094ECB090,DXGI,0,0,0,Hardware Composed: Independent Flip,2542.9536,4.0152,3.9826,0.0326,4.0083,3.1783,0.4212,2.7571,11.0889,10.2801,0.4119,2542.9536,NA,NA,NA
Code.exe,14868,0x2E094ECB090,DXGI,0,0,0,Hardware Composed: Independent Flip,2546.9688,4.0431,4.0121,0.0310,4.0298,3.2918,0.4181,2.8737,17.3538,4.1495,-6.2649,2546.9688,NA,NA,NA
Code.exe,14868,0x2E094ECB090,DXGI,0,0,0,Hardware Composed: Independent Flip,2551.0119,4.1236,4.0982,0.0254,4.1246,9.4419,0.4230,9.0189,17.4602,8.0469,-0.1064,2551.0119,NA,NA,NA
Code.exe,14868,0x2E094ECB090,DXGI,0,0,0,Hardware Composed: Independent Flip,2555.1355,10.8449,10.8094,0.0355,10.8184,2.7707,0.4214,2.3493,21.3835,4.1712,-3.9233,2555.1355,NA,NA,NA
Code.exe,14868,0x2E094ECB090,DXGI,0,0,0,Hardware Composed: Independent Flip,2565.9804,3.4378,3.4096,0.0282,3.4296,7.4105,0.4472,6.9633,14.7098,6.6045,6.6737,2565.9804,NA,NA,NA
Code.exe,14868,0x2E094ECB090,DXGI,0,0,0,Hardware Composed: Independent Flip,2569.4182,9.1923,9.1318,0.0605,9.1623,2.3787,0.4473,1.9314,17.8765,4.1447,-3.1667,2569.4182,NA,NA,NA
Code.exe,14868,0x2E094ECB090,DXGI,0,0,0,Hardware Composed: Independent Flip,2578.6105,3.4085,3.3739,0.0346,3.3830,5.9949,0.8536,5.1413,12.8289,5.6779,5.0476,2578.6105,NA,NA,NA
Code.exe,14868,0x2E094ECB090,DXGI,0,0,0,Hardware Composed: Independent Flip,2582.0190,6.6812,6.6433,0.0379,6.6612,3.0141,0.4279,2.5862,15.0983,4.1672,-2.2694,2582.0190,NA,NA,NA
Code.exe,14868,0x2E094ECB090,DXGI,0,0,0,Hardware Composed: Independent Flip,2588.7002,3.9925,3.9611,0.0314,3.9671,4.7000,0.4226,4.2774,12.5843,5.2274,2.5140,2588.7002,NA,NA,NA
Code.exe,14868,0x2E094ECB090,DXGI,0,0,0,Hardware Composed: Independent Flip,2592.6927,7.4112,7.3824,0.0288,7.4308,1.5479,0.7703,0.7776,13.8192,4.1595,-1.2349,2592.6927,NA,NA,NA
Code.exe,14868,0x2E094ECB090,DXGI,0,0,0,Hardware Composed: Independent Flip,2600.1039,2.1762,2.1422,0.0340,6.4366,0.2837,0.2837,0.0000,10.5675,4.8132,3.2517,2600.1039,NA,NA,NA
Code.exe,14868,0x2E094ECB090,DXGI,0,0,0,Hardware Composed: Independent Flip,2602.2801,5.3856,5.3478,0.0378,8.4248,0.1944,0.1944,0.0000,13.2045,4.1728,-2.6370,2602.2801,NA,NA,NA
Code.exe,14868,0x2E094ECB090,DXGI,0,0,0,Hardware Composed: Independent Flip,2607.6657,4.2293,4.1901,0.0392,7.8515,0.1935,0.1935,0.0000,11.9917,4.1510,1.2128,2607.6657,NA,NA,NA
Code.exe,14868,0x2E094ECB090,DXGI,0,0,0,Hardware Composed: Independent Flip,2611.8950,8.1551,8.1071,0.0480,8.2588,0.2063,0.2063,0.0000,11.9134,4.1759,0.0783,2611.8950,NA,NA,NA
Code.exe,14868,0x2E094ECB090,DXGI,0,0,0,Hardware Composed: Independent Flip,2620.0501,1.6990,1.6670,0.0320,1.7694,4.3538,3.4989,0.8549,7.9342,4.8059,3.9792,2620.0501,NA,NA,NA
Code.exe,14868,0x2E094ECB090,DXGI,0,0,0,Hardware Composed: Independent Flip,2621.7491,2.9157,2.8628,0.0529,4.4242,3.9579,2.2585,1.6994,11.0411,4.1698,-3.1069,2621.7491,NA,NA,NA
Code.exe,14868,0x2E094ECB090,DXGI,0,0,0,Hardware Composed: Independent Flip,2624.6648,5.8117,5.7738,0.0379,5.9070,4.3344,2.5723,1.7621,12.2952,4.5186,-1.2541,2624.6648,NA,NA,NA
Code.exe,14868,0x2E094ECB090,DXGI,0,0,0,Hardware Composed: Independent Flip,2630.4765,5.1505,5.1141,0.0364,5.0285,4.9208,4.1010,0.8198,11.0021,4.1579,1.2931,2630.4765,NA,NA,NA
Code.exe,14868,0x2E094ECB090,DXGI,0,0,0,Hardware Composed: Independent Flip,2635.6270,5.8871,5.8197,0.0674,5.8683,1.6667,1.6667,0.0000,10.0095,4.1767,0.9926,2635.6270,NA,NA,NA
Code.exe,14868,0x2E094ECB090,DXGI,0,0,0,Hardware Composed: Independent Flip,2641.5141,3.4348,3.4053,0.0295,3.4228,0.9437,0.4273,0.5164,8.2991,4.1639,1.7104,2641.5141,NA,NA,NA
Code.exe,14868,0x2E094ECB090,DXGI,0,0,0,Hardware Composed: Independent Flip,2644.9489,3.2687,3.2391,0.0296,1.8034,6.4740,5.2054,1.2686,9.0282,4.1661,-0.7291,2644.9489,NA,NA,NA
Code.exe,14868,0x2E094ECB090,DXGI,0,0,0,Hardware Composed: Independent Flip,2648.2176,3.9194,3.8062,0.1132,5.0087,4.6444,3.8556,0.7888,9.9256,4.1658,-0.8974,2648.2176,NA,NA,NA
Code.exe,14868,0x2E094ECB090,DXGI,0,0,0,Hardware Composed: Independent Flip,2652.1370,4.1577,4.0749,0.0828,5.7337,3.4564,3.4564,0.0000,10.1720,4.1628,-0.2464,2652.1370,NA,NA,NA
Code.exe,14868,0x2E094ECB090,DXGI,0,0,0,Hardware Composed: Independent Flip,2656.2947,3.2207,3.1280,0.0927,5.0324,4.2325,3.5462,0.6863,10.1771,4.1647,-0.0051,2656.2947,NA,NA,NA
Code.exe,14868,0x2E094ECB090,DXGI,0,0,0,Hardware Composed: Independent Flip,2659.5154,4.9885,4.8744,0.1141,6.0442,3.7221,3.2660,0.4561,11.1211,4.1743,-0.9440,2659.5154,NA,NA,NA
Code.exe,14868,0x2E094ECB090,DXGI,0,0,0,Hardware Composed: Independent Flip,2664.5039,7.0801,7.0161,0.0640,7.0653,3.0294,3.0294,0.0000,10.3069,4.1509,0.8142,2664.5039,NA,NA,NA
Code.exe,14868,0x2E094ECB090,DXGI,0,0,0,Hardware Composed: Independent Flip,2671.5840,0.5067,0.4861,0.0206,3.0146,3.0474,3.0474,0.0000,7.3777,4.1689,2.9292,2671.5840,NA,NA,NA
Code.exe,14868,0x2E094ECB090,DXGI,0,0,0,Hardware Composed: Independent Flip,2672.0907,3.8854,3.8300,0.0554,5.5553,3.8924,3.0608,0.8316,11.0399,4.1668,-3.6622,2672.0907,NA,NA,NA
Code.exe,14868,0x2E094ECB090,DXGI,0,0,0,Hardware Composed: Independent Flip,2675.9761,4.7690,4.6900,0.0790,5.5623,4.3436,2.9055,1.4381,11.3213,4.1613,-0.2814,2675.9761,NA,NA,NA
Code.exe,14868,0x2E094ECB090,DXGI,0,0,0,Hardware Composed: Independent Flip,2680.7451,4.7736,4.7130,0.0606,5.3098,4.1406,3.3902,0.7504,10.7136,4.1698,0.6077,2680.7451,NA,NA,NA
Code.exe,14868,0x2E094ECB090,DXGI,0,0,0,Hardware Composed: Independent Flip,2685.5187,4.3607,4.2687,0.0920,4.6768,3.9304,3.0620,0.8684,10.1098,4.1675,0.6038,2685.5187,NA,NA,NA
Code.exe,14868,0x2E094ECB090,DXGI,0,0,0,Hardware Composed: Independent Flip,2689.8794,5.4416,5.4020,0.0396,5.5984,3.4504,3.4504,0.0000,9.9166,4.1768,0.1932,2689.8794,NA,NA,NA
Code.exe,14868,0x2E094ECB090,DXGI,0,0,0,Hardware Composed: Independent Flip,2695.3210,4.7334,4.6828,0.0506,4.9675,2.8287,2.8287,0.0000,8.6518,4.1592,1.2648,2695.3210,NA,NA,NA
Code.exe,14868,0x2E094ECB090,DXGI,0,0,0,Hardware Composed: Independent Flip,2700.0544,3.7814,3.7448,0.0366,3.8120,2.8905,2.8905,0.0000,8.0776,4.1843,0.5742,2700.0544,NA,NA,NA
Code.exe,14868,0x2E094ECB090,DXGI,0,0,0,Hardware Composed: Independent Flip,2703.8358,1.4932,1.4633,0.0299,2.9769,4.1287,3.3631,0.7656,8.4805,4.1386,-0.4029,2703.8358,NA,NA,NA
Code.exe,14868,0x2E094ECB090,DXGI,0,0,0,Hardware Composed: Independent Flip,2705.3290,6.0388,5.9803,0.0585,6.1468,3.5281,3.5281,0.0000,11.1259,4.1726,-2.6454,2705.3290,NA,NA,NA
Code.exe,14868,0x2E094ECB090,DXGI,0,0,0,Hardware Composed: Independent Flip,2711.3678,3.8367,3.8069,0.0298,4.5343,3.3745,3.3745,0.0000,9.2597,4.1583,1.8662,2711.3678,NA,NA,NA
Code.exe,14868,0x2E094ECB090,DXGI,0,0,0,Hardware Composed: Independent Flip,2715.2045,2.3427,2.2824,0.0603,5.4690,1.6601,1.6601,0.0000,9.5813,4.1818,-0.3216,2715.2045,NA,NA,NA
Code.exe,14868,0x2E094ECB090,DXGI,0,0,0,Hardware Composed: Independent Flip,2717.5472,6.8931,6.8509,0.0422,6.8942,0.6225,0.4626,0.1599,11.4204,4.1485,-1.8391,2717.5472,NA,NA,NA
Code.exe,14868,0x2E094ECB090,DXGI,0,0,0,Hardware Composed: Independent Flip,2724.4403,1.3075,1.2751,0.0324,1.3796,6.2190,3.3466,2.8724,8.6758,4.1788,2.7446,2724.4403,NA,NA,NA
Code.exe,14868,0x2E094ECB090,DXGI,0,0,0,Hardware Composed: Independent Flip,2725.7478,5.8518,5.7421,0.1097,6.4597,2.1753,1.3171,0.8582,11.5471,4.1605,-2.8713,2725.7478,NA,NA,NA
Code.exe,14868,0x2E094ECB090,DXGI,0,0,0,Hardware Composed: Independent Flip,2731.5996,5.1222,5.0867,0.0355,5.1047,0.7815,0.3392,0.4423,9.8558,4.1749,1.6913,2731.5996,NA,NA,NA
Code.exe,14868,0x2E094ECB090,DXGI,0,0,0,Hardware Composed: Independent Flip,2736.7218,1.3567,1.3325,0.0242,1.4379,5.7909,3.2455,2.5454,8.9085,4.1704,0.9473,2736.7218,NA,NA,NA
Code.exe,14868,0x2E094ECB090,DXGI,0,0,0,Hardware Composed: Independent Flip,2738.0785,4.9006,4.8390,0.0616,5.8721,3.3822,2.0842,1.2980,11.7222,4.1526,-2.8137,2738.0785,NA,NA,NA
Code.exe,14868,0x2E094ECB090,DXGI,0,0,0,Hardware Composed: Independent Flip,2742.9791,4.5209,4.4831,0.0378,4.5693,4.7516,3.2431,1.5085,10.9742,4.1946,0.7480,2742.9791,NA,NA,NA
Code.exe,14868,0x2E094ECB090,DXGI,0,0,0,Hardware Composed: Independent Flip,2747.5000,6.1275,6.0902,0.0373,6.1662,1.4251,1.2791,0.1460,10.6479,4.1592,0.3263,2747.5000,NA,NA,NA
Code.exe,14868,0x2E094ECB090,DXGI,0,0,0,Hardware Composed: Independent Flip,2753.6275,3.8881,3.8530,0.0351,2.0498,2.6627,0.7890,1.8737,8.6796,4.1432,1.9683,2753.6275,NA,NA,NA
Code.exe,14868,0x2E094ECB090,DXGI,0,0,0,Hardware Composed: Independent Flip,2757.5156,3.6756,3.6359,0.0397,3.6735,3.9253,3.8779,0.0474,8.9347,4.1743,-0.2551,2757.5156,NA,NA,NA
Code.exe,14868,0x2E094ECB090,DXGI,0,0,0,Hardware Composed: Independent Flip,2761.1912,2.2191,2.1583,0.0608,4.0045,3.0603,1.9931,1.0672,9.4334,4.1520,-0.4987,2761.1912,NA,NA,NA
Code.exe,14868,0x2E094ECB090,DXGI,0,0,0,Hardware Composed: Independent Flip,2763.4103,4.6339,4.5861,0.0478,4.8972,2.5821,0.9428,1.6393,11.3663,4.1647,-1.9329,2763.4103,NA,NA,NA
Code.exe,14868,0x2E094ECB090,DXGI,0,0,0,Hardware Composed: Independent Flip,2768.0442,4.0793,4.0446,0.0347,3.0402,3.9781,1.6263,2.3518,10.8971,4.1687,0.4692,2768.0442,NA,NA,NA
Code.exe,14868,0x2E094ECB090,DXGI,0,0,0,Hardware Composed: Independent Flip,2772.1235,3.6457,3.6163,0.0294,3.7214,3.3061,0.5696,2.7365,10.9865,4.1815,-0.0894,2772.1235,NA,NA,NA
Code.exe,14868,0x2E094ECB090,DXGI,0,0,0,Hardware Composed: Independent Flip,2775.7692,4.0921,4.0594,0.0327,4.0977,3.4614,0.3357,3.1257,11.5223,4.1538,-0.5358,2775.7692,NA,NA,NA
Code.exe,14868,0x2E094ECB090,DXGI,0,0,0,Hardware Composed: Independent Flip,2779.8613,4.0588,4.0315,0.0273,4.0488,3.6067,0.3277,3.2790,11.5840,4.1694,-0.0617,2779.8613,NA,NA,NA
Code.exe,14868,0x2E094ECB090,DXGI,0,0,0,Hardware Composed: Independent Flip,2783.9201,4.3404,4.3030,0.0374,4.3238,3.4267,0.3334,3.0933,11.6946,4.1558,-0.1106,2783.9201,NA,NA,NA
Code.exe,14868,0x2E094ECB090,DXGI,0,0,0,Hardware Composed: Independent Flip,2788.2605,4.3215,4.2855,0.0360,4.3367,3.2398,0.3450,2.8948,11.5100,4.1615,0.1846,2788.2605,NA,NA,NA
Code.exe,14868,0x2E094ECB090,DXGI,0,0,0,Hardware Composed: Independent Flip,2792.5820,4.2031,4.1678,0.0353,4.1821,3.2383,0.3502,2.8881,11.3500,4.1688,0.1600,2792.5820,NA,NA,NA
Code.exe,14868,0x2E094ECB090,DXGI,0,0,0,Hardware Composed: Independent Flip,2796.7851,3.9841,3.9507,0.0334,3.9755,3.4007,0.3509,3.0498,11.3157,4.1641,0.0343,2796.7851,NA,NA,NA
Code.exe,14868,0x2E094ECB090,DXGI,0,0,0,Hardware Composed: Independent Flip,2800.7692,4.0293,3.9987,0.0306,4.0131,3.5588,0.3597,3.1991,11.4957,4.1736,-0.1800,2800.7692,NA,NA,NA
Code.exe,14868,0x2E094ECB090,DXGI,0,0,0,Hardware Composed: Independent Flip,2804.7985,7.0652,7.0216,0.0436,7.0574,0.6211,0.3550,0.2661,11.6400,4.1708,-0.1443,2804.7985,NA,NA,NA
Code.exe,14868,0x2E094ECB090,DXGI,0,0,0,Hardware Composed: Independent Flip,2811.8637,2.9964,2.9598,0.0366,3.1223,3.8674,3.4386,0.4288,8.7456,4.1559,2.8944,2811.8637,NA,NA,NA
Code.exe,14868,0x2E094ECB090,DXGI,0,0,0,Hardware Composed: Independent Flip,2814.8601,2.5375,2.4655,0.0720,3.9933,5.2271,3.9737,1.2534,9.9051,4.4910,-1.1595,2814.8601,NA,NA,NA
Code.exe,14868,0x2E094ECB090,DXGI,0,0,0,Hardware Composed: Independent Flip,2817.3976,5.0828,4.9721,0.1107,6.6829,5.0549,3.8549,1.2000,11.8586,5.1277,-1.9535,2817.3976,NA,NA,NA
Code.exe,14868,0x2E094ECB090,DXGI,0,0,0,Hardware Composed: Independent Flip,2822.4804,3.1720,3.0854,0.0866,6.7229,1.9631,1.9631,0.0000,11.9035,4.1690,-0.0449,2822.4804,NA,NA,NA
Code.exe,14868,0x2E094ECB090,DXGI,0,0,0,Hardware Composed: Independent Flip,2825.6524,7.4582,7.4111,0.0471,7.5504,1.3785,0.3915,0.9870,12.9005,4.1565,-0.9970,2825.6524,NA,NA,NA
Code.exe,14868,0x2E094ECB090,DXGI,0,0,0,Hardware Composed: Independent Flip,2833.1106,2.1306,2.0920,0.0386,2.2415,5.7907,3.2732,2.5175,9.5988,4.1594,3.3017,2833.1106,NA,NA,NA
Code.exe,14868,0x2E094ECB090,DXGI,0,0,0,Hardware Composed: Independent Flip,2835.2412,5.2466,5.1440,0.1026,5.9703,3.5960,2.7809,0.8151,11.6276,4.1707,-2.0288,2835.2412,NA,NA,NA
Code.exe,14868,0x2E094ECB090,DXGI,0,0,0,Hardware Composed: Independent Flip,2840.4878,4.5940,4.5580,0.0360,4.6219,4.0843,2.9399,1.1444,10.5517,4.1669,1.0759,2840.4878,NA,NA,NA
Code.exe,14868,0x2E094ECB090,DXGI,0,0,0,Hardware Composed: Independent Flip,2845.0818,2.9814,2.8847,0.0967,5.9833,1.3346,1.3346,0.0000,10.1246,4.1723,0.4271,2845.0818,NA,NA,NA
Code.exe,14868,0x2E094ECB090,DXGI,0,0,0,Hardware Composed: Independent Flip,2848.0632,6.8123,6.7690,0.0433,6.8148,0.5060,0.2801,0.2259,11.3155,4.1613,-1.1909,2848.0632,NA,NA,NA
Code.exe,14868,0x2E094ECB090,DXGI,0,0,0,Hardware Composed: Independent Flip,2854.8755,1.1338,1.1063,0.0275,1.1792,6.0541,3.3408,2.7133,8.6645,4.1647,2.6510,2854.8755,NA,NA,NA
Code.exe,14868,0x2E094ECB090,DXGI,0,0,0,Hardware Composed: Independent Flip,2856.0093,4.9464,4.8552,0.0912,6.1732,3.6704,3.1301,0.5403,11.6954,4.1604,-3.0309,2856.0093,NA,NA,NA
Code.exe,14868,0x2E094ECB090,DXGI,0,0,0,Hardware Composed: Independent Flip,2860.9557,5.2928,5.2450,0.0478,5.3346,3.9937,3.3484,0.6453,10.9094,4.1626,0.7860,2860.9557,NA,NA,NA
Code.exe,14868,0x2E094ECB090,DXGI,0,0,0,Hardware Composed: Independent Flip,2866.2485,2.7540,2.6665,0.0875,4.1004,3.5887,2.6184,0.9703,9.7792,4.1755,1.1302,2866.2485,NA,NA,NA
Code.exe,14868,0x2E094ECB090,DXGI,0,0,0,Hardware Composed: Independent Flip,2869.0025,4.6583,4.5831,0.0752,7.0636,1.1452,1.1452,0.0000,11.2007,4.1868,-1.4215,2869.0025,NA,NA,NA
Code.exe,14868,0x2E094ECB090,DXGI,0,0,0,Hardware Composed: Independent Flip,2873.6608,3.7536,3.7239,0.0297,3.7694,2.9501,0.2654,2.6847,10.7292,4.1476,0.4715,2873.6608,NA,NA,NA
Code.exe,14868,0x2E094ECB090,DXGI,0,0,0,Hardware Composed: Independent Flip,2877.4144,3.6150,3.5903,0.0247,3.6270,3.5594,0.2874,3.2720,11.1232,4.1710,-0.3940,2877.4144,NA,NA,NA
Code.exe,14868,0x2E094ECB090,DXGI,0,0,0,Hardware Composed: Independent Flip,2881.0294,5.0720,5.0315,0.0405,5.0759,2.8943,0.7797,2.1146,11.6792,4.1651,-0.5560,2881.0294,NA,NA,NA
Code.exe,14868,0x2E094ECB090,DXGI,0,0,0,Hardware Composed: Independent Flip,2886.1014,3.8355,3.7956,0.0399,3.8671,3.2658,0.8587,2.4071,10.7723,4.1922,0.9069,2886.1014,NA,NA,NA
Code.exe,14868,0x2E094ECB090,DXGI,0,0,0,Hardware Composed: Independent Flip,2889.9369,3.9400,3.9031,0.0369,3.9492,3.5139,0.8735,2.6404,11.1290,4.1314,-0.3567,2889.9369,NA,NA,NA
Code.exe,14868,0x2E094ECB090,DXGI,0,0,0,Hardware Composed: Independent Flip,2893.8769,4.5068,4.4579,0.0489,4.5103,2.9328,0.5285,2.4043,11.3204,4.1627,-0.1914,2893.8769,NA,NA,NA
Code.exe,14868,0x2E094ECB090,DXGI,0,0,0,Hardware Composed: Independent Flip,2898.3837,3.9940,3.9605,0.0335,3.9992,3.3556,0.8877,2.4679,10.9763,4.1707,0.3441,2898.3837,NA,NA,NA
Code.exe,14868,0x2E094ECB090,DXGI,0,0,0,Hardware Composed: Independent Flip,2902.3777,4.1000,4.0645,0.0355,4.1236,3.4385,0.8588,2.5797,11.1530,4.1564,-0.1767,2902.3777,NA,NA,NA
Code.exe,14868,0x2E094ECB090,DXGI,0,0,0,Hardware Composed: Independent Flip,2906.4777,3.8384,3.8040,0.0344,3.8522,3.7183,0.9164,2.8019,11.2094,4.1627,-0.0564,2906.4777,NA,NA,NA
Code.exe,14868,0x2E094ECB090,DXGI,0,0,0,Hardware Composed: Independent Flip,2910.3161,4.7514,4.6873,0.0641,4.7271,3.1764,0.7135,2.4629,11.5337,4.1718,-0.3243,2910.3161,NA,NA,NA
Code.exe,14868,0x2E094ECB090,DXGI,0,0,0,Hardware Composed: Independent Flip,2915.0675,3.7427,3.7057,0.0370,3.7382,3.5988,0.9414,2.6574,10.9541,4.1865,0.5796,2915.0675,NA,NA,NA
Code.exe,14868,0x2E094ECB090,DXGI,0,0,0,Hardware Composed: Independent Flip,2918.8102,3.9231,3.8927,0.0304,3.9256,3.8539,0.9392,2.9147,11.3979,4.1476,-0.4438,2918.8102,NA,NA,NA
Code.exe,14868,0x2E094ECB090,DXGI,0,0,0,Hardware Composed: Independent Flip,2922.7333,4.3221,4.2892,0.0329,4.3411,3.7820,0.9212,2.8608,11.6224,4.1719,-0.2245,2922.7333,NA,NA,NA
Code.exe,14868,0x2E094ECB090,DXGI,0,0,0,Hardware Composed: Independent Flip,2927.0554,4.9817,4.9358,0.0459,5.5647,2.2058,0.5627,1.6431,11.4722,4.1554,0.1502,2927.0554,NA,NA,NA
Code.exe,14868,0x2E094ECB090,DXGI,0,0,0,Hardware Composed: Independent Flip,2932.0371,3.5456,3.5108,0.0348,3.5586,3.5141,0.8813,2.6328,10.6459,4.1726,0.8263,2932.0371,NA,NA,NA
Code.exe,14868,0x2E094ECB090,DXGI,0,0,0,Hardware Composed: Independent Flip,2935.5827,4.1788,4.1383,0.0405,4.1953,3.4570,0.9056,2.5514,11.2729,4.1648,-0.6270,2935.5827,NA,NA,NA
Code.exe,14868,0x2E094ECB090,DXGI,0,0,0,Hardware Composed: Independent Flip,2939.7615,3.8899,3.8550,0.0349,3.9229,4.1058,0.5324,3.5734,11.2589,4.1683,0.0140,2939.7615,NA,NA,NA
Code.exe,14868,0x2E094ECB090,DXGI,0,0,0,Hardware Composed: Independent Flip,2943.6514,4.6718,4.6318,0.0400,4.6671,3.2336,0.9679,2.2657,11.5373,4.2025,-0.2784,2943.6514,NA,NA,NA
Code.exe,14868,0x2E094ECB090,DXGI,0,0,0,Hardware Composed: Independent Flip,2948.3232,3.6996,3.6647,0.0349,3.6978,3.6922,0.9118,2.7804,11.0680,4.1237,0.4693,2948.3232,NA,NA,NA
Code.exe,14868,0x2E094ECB090,DXGI,0,0,0,Hardware Composed: Independent Flip,2952.0228,4.3002,4.2684,0.0318,4.2913,3.7542,0.9392,2.8150,11.4921,4.1677,-0.4241,2952.0228,NA,NA,NA
Code.exe,14868,0x2E094ECB090,DXGI,0,0,0,Hardware Composed: Independent Flip,2956.3230,4.3502,4.3081,0.0421,4.3748,3.2743,0.8030,2.4713,11.3596,4.1605,0.1325,2956.3230,NA,NA,NA
Code.exe,14868,0x2E094ECB090,DXGI,0,0,0,Hardware Composed: Independent Flip,2960.6732,3.8482,3.8163,0.0319,3.8509,3.6678,0.8348,2.8330,11.1699,4.1635,0.1897,2960.6732,NA,NA,NA
Code.exe,14868,0x2E094ECB090,DXGI,0,0,0,Hardware Composed: Independent Flip,2964.5214,4.1116,4.0828,0.0288,4.1441,3.6447,0.8188,2.8259,11.4852,4.1670,-0.3153,2964.5214,NA,NA,NA
Code.exe,14868,0x2E094ECB090,DXGI,0,0,0,Hardware Composed: Independent Flip,2968.6330,4.0103,3.9741,0.0362,4.0095,3.8719,0.8555,3.0164,11.5406,4.1836,-0.0554,2968.6330,NA,NA,NA
Code.exe,14868,0x2E094ECB090,DXGI,0,0,0,Hardware Composed: Independent Flip,2972.6433,4.2998,4.2715,0.0283,4.9584,3.0760,0.6484,2.4276,11.7139,4.1570,-0.1733,2972.6433,NA,NA,NA
Code.exe,14868,0x2E094ECB090,DXGI,0,0,0,Hardware Composed: Independent Flip,2976.9431,4.2710,4.2417,0.0293,4.2927,3.7148,0.9301,2.7847,11.5711,4.1529,0.1428,2976.9431,NA,NA,NA
Code.exe,14868,0x2E094ECB090,DXGI,0,0,0,Hardware Composed: Independent Flip,2981.2141,4.0208,3.9941,0.0267,4.0496,3.7682,0.8748,2.8934,11.4530,4.1643,0.1181,2981.2141,NA,NA,NA
Code.exe,14868,0x2E094ECB090,DXGI,0,0,0,Hardware Composed: Independent Flip,2985.2349,4.3035,4.2733,0.0302,4.3326,4.2532,0.6459,3.6073,11.5965,4.1681,-0.1435,2985.2349,NA,NA,NA
Code.exe,14868,0x2E094ECB090,DXGI,0,0,0,Hardware Composed: Independent Flip,2989.5384,4.0625,4.0242,0.0383,7.3392,0.5314,0.5314,0.0000,11.4611,4.1872,0.1354,2989.5384,NA,NA,NA
Code.exe,14868,0x2E094ECB090,DXGI,0,0,0,Hardware Composed: Independent Flip,2993.6009,4.1359,4.1062,0.0297,4.1598,3.7583,0.8447,2.9136,11.5858,4.1514,-0.1247,2993.6009,NA,NA,NA
Code.exe,14868,0x2E094ECB090,DXGI,0,0,0,Hardware Composed: Independent Flip,2997.7368,4.0975,4.0713,0.0262,4.1079,3.8861,0.8826,3.0035,11.6013,4.1773,-0.0155,2997.7368,NA,NA,NA
Code.exe,14868,0x2E094ECB090,DXGI,0,0,0,Hardware Composed: Independent Flip,3001.8343,4.1774,4.1540,0.0234,4.2087,3.7643,0.8427,2.9216,11.6811,4.1395,-0.0798,3001.8343,NA,NA,NA
Code.exe,14868,0x2E094ECB090,DXGI,0,0,0,Hardware Composed: Independent Flip,3006.0117,4.4603,4.4290,0.0313,4.4884,3.5952,0.9097,2.6855,11.6432,4.1691,0.0379,3006.0117,NA,NA,NA
Code.exe,14868,0x2E094ECB090,DXGI,0,0,0,Hardware Composed: Independent Flip,3010.4720,3.6843,3.6588,0.0255,3.7107,3.9668,0.8065,3.1603,11.3520,4.1712,0.2912,3010.4720,NA,NA,NA
Code.exe,14868,0x2E094ECB090,DXGI,0,0,0,Hardware Composed: Independent Flip,3014.1563,4.0064,3.9836,0.0228,4.0362,4.2842,0.8108,3.4734,11.8389,4.1908,-0.4869,3014.1563,NA,NA,NA
Code.exe,14868,0x2E094ECB090,DXGI,0,0,0,Hardware Composed: Independent Flip,3018.1627,4.1646,4.1372,0.0274,4.3140,3.9883,0.4963,3.4920,12.0233,4.1312,-0.1844,3018.1627,NA,NA,NA
Code.exe,14868,0x2E094ECB090,DXGI,0,0,0,Hardware Composed: Independent Flip,3022.3273,4.1485,4.1266,0.0219,4.1890,4.1804,0.8330,3.3474,11.9899,4.1737,0.0334,3022.3273,NA,NA,NA
Code.exe,14868,0x2E094ECB090,DXGI,0,0,0,Hardware Composed: Independent Flip,3026.4758,4.3131,4.2817,0.0314,4.3451,3.9735,0.7589,3.2146,12.0151,4.1762,-0.0252,3026.4758,NA,NA,NA
Code.exe,14868,0x2E094ECB090,DXGI,0,0,0,Hardware Composed: Independent Flip,3030.7889,4.1872,4.1591,0.0281,4.1844,3.9905,0.7787,3.2118,11.8782,4.2163,0.1369,3030.7889,NA,NA,NA
Code.exe,14868,0x2E094ECB090,DXGI,0,0,0,Hardware Composed: Independent Flip,3034.9761,4.0184,3.9924,0.0260,4.1225,4.0285,0.7481,3.2804,11.9073,4.1129,-0.0291,3034.9761,NA,NA,NA
Code.exe,14868,0x2E094ECB090,DXGI,0,0,0,Hardware Composed: Independent Flip,3038.9945,4.2667,4.2366,0.0301,4.3940,3.9574,0.5466,3.4108,12.0018,4.2066,-0.0945,3038.9945,NA,NA,NA
Code.exe,14868,0x2E094ECB090,DXGI,0,0,0,Hardware Composed: Independent Flip,3043.2612,4.1532,4.1172,0.0360,4.1411,4.0657,0.6266,3.4391,11.9417,4.1121,0.0601,3043.2612,NA,NA,NA
Code.exe,14868,0x2E094ECB090,DXGI,0,0,0,Hardware Composed: Independent Flip,3047.4144,4.0528,4.0292,0.0236,4.1093,4.4877,0.4344,4.0533,11.9006,4.1830,0.0411,3047.4144,NA,NA,NA
Code.exe,14868,0x2E094ECB090,DXGI,0,0,0,Hardware Composed: Independent Flip,3051.4672,4.2878,4.2582,0.0296,7.8754,0.4497,0.4497,0.0000,12.0308,4.1434,-0.1302,3051.4672,NA,NA,NA
Code.exe,14868,0x2E094ECB090,DXGI,0,0,0,Hardware Composed: Independent Flip,3055.7550,4.0644,4.0376,0.0268,4.1819,4.0471,0.8080,3.2391,11.8864,4.2018,0.1444,3055.7550,NA,NA,NA
Code.exe,14868,0x2E094ECB090,DXGI,0,0,0,Hardware Composed: Independent Flip,3059.8194,4.3903,4.3551,0.0352,4.3856,3.9824,0.8286,3.1538,12.0238,4.1307,-0.1374,3059.8194,NA,NA,NA
Code.exe,14868,0x2E094ECB090,DXGI,0,0,0,Hardware Composed: Independent Flip,3064.2097,3.9036,3.8785,0.0251,3.9777,3.9889,0.3882,3.6007,11.7642,4.2009,0.2596,3064.2097,NA,NA,NA
Code.exe,14868,0x2E094ECB090,DXGI,0,0,0,Hardware Composed: Independent Flip,3068.1133,4.6743,4.6371,0.0372,4.6893,3.6601,0.8102,2.8499,12.0615,4.1600,-0.2973,3068.1133,NA,NA,NA
Code.exe,14868,0x2E094ECB090,DXGI,0,0,0,Hardware Composed: Independent Flip,3072.7876,4.3944,4.3712,0.0232,4.4601,5.4044,3.7242,1.6802,11.5472,4.1448,0.5143,3072.7876,NA,NA,NA
Code.exe,14868,0x2E094ECB090,DXGI,0,0,0,Hardware Composed: Independent Flip,3077.1820,3.4783,3.4461,0.0322,7.2739,1.7090,1.7090,0.0000,11.2976,4.1673,0.2496,3077.1820,NA,NA,NA
Code.exe,14868,0x2E094ECB090,DXGI,0,0,0,Hardware Composed: Independent Flip,3080.6603,4.2326,4.2052,0.0274,7.8649,0.3762,0.3762,0.0000,11.9866,4.1814,-0.6890,3080.6603,NA,NA,NA
Code.exe,14868,0x2E094ECB090,DXGI,0,0,0,Hardware Composed: Independent Flip,3084.8929,4.1483,4.1202,0.0281,4.1549,4.1236,0.8624,3.2612,11.9354,4.1521,0.0512,3084.8929,NA,NA,NA
Code.exe,14868,0x2E094ECB090,DXGI,0,0,0,Hardware Composed: Independent Flip,3089.0412,4.2081,4.1795,0.0286,4.2751,4.0284,0.7996,3.2288,11.9392,4.1639,-0.0038,3089.0412,NA,NA,NA
Code.exe,14868,0x2E094ECB090,DXGI,0,0,0,Hardware Composed: Independent Flip,3093.2493,4.1385,4.1116,0.0269,4.1684,4.9862,0.4279,4.5583,11.8950,4.1538,0.0442,3093.2493,NA,NA,NA
Code.exe,14868,0x2E094ECB090,DXGI,0,0,0,Hardware Composed: Independent Flip,3097.3878,4.4355,4.3974,0.0381,7.7835,0.4437,0.4437,0.0000,11.9103,4.2041,-0.0153,3097.3878,NA,NA,NA
Code.exe,14868,0x2E094ECB090,DXGI,0,0,0,Hardware Composed: Independent Flip,3101.8233,3.8296,3.8031,0.0265,3.8597,4.0901,0.6297,3.4604,11.6789,4.1292,0.2314,3101.8233,NA,NA,NA
Code.exe,14868,0x2E094ECB090,DXGI,0,0,0,Hardware Composed: Independent Flip,3105.6529,4.3028,4.2785,0.0243,4.3352,3.9985,0.7960,3.2025,11.9785,4.2037,-0.2996,3105.6529,NA,NA,NA
Code.exe,14868,0x2E094ECB090,DXGI,0,0,0,Hardware Composed: Independent Flip,3109.9557,4.0268,4.0058,0.0210,4.0795,4.6922,0.4966,4.1956,11.8794,4.1334,0.0991,3109.9557,NA,NA,NA
Code.exe,14868,0x2E094ECB090,DXGI,0,0,0,Hardware Composed: Independent Flip,3113.9825,4.1634,4.1325,0.0309,7.9704,0.5254,0.5254,0.0000,11.9860,4.1801,-0.1066,3113.9825,NA,NA,NA
Code.exe,14868,0x2E094ECB090,DXGI,0,0,0,Hardware Composed: Independent Flip,3118.1459,6.8840,6.6944,0.1896,6.8664,1.4758,0.8977,0.5781,12.0027,4.1493,-0.0167,3118.1459,NA,NA,NA
Code.exe,14868,0x2E094ECB090,DXGI,0,0,0,Hardware Composed: Independent Flip,3125.0299,1.7952,1.7507,0.0445,1.7712,3.8375,0.8132,3.0243,9.2680,4.1781,2.7347,3125.0299,NA,NA,NA
Code.exe,14868,0x2E094ECB090,DXGI,0,0,0,Hardware Composed: Independent Flip,3126.8251,4.1823,4.1362,0.0461,4.1936,3.6847,0.8091,2.8756,11.6509,4.1469,-2.3829,3126.8251,NA,NA,NA
Code.exe,14868,0x2E094ECB090,DXGI,0,0,0,Hardware Composed: Independent Flip,3131.0074,3.9038,3.8742,0.0296,3.9694,3.9831,0.5743,3.4088,11.6155,4.1835,0.0354,3131.0074,NA,NA,NA
Code.exe,14868,0x2E094ECB090,DXGI,0,0,0,Hardware Composed: Independent Flip,3134.9112,4.1522,4.1213,0.0309,4.1754,4.0419,0.8261,3.2158,11.8952,4.1649,-0.2797,3134.9112,NA,NA,NA
Code.exe,14868,0x2E094ECB090,DXGI,0,0,0,Hardware Composed: Independent Flip,3139.0634,4.0180,3.9926,0.0254,4.0651,4.1742,0.6535,3.5207,11.9079,4.1492,-0.0127,3139.0634,NA,NA,NA
Code.exe,14868,0x2E094ECB090,DXGI,0,0,0,Hardware Composed: Independent Flip,3143.0814,4.2526,4.2258,0.0268,4.2706,4.1795,0.6965,3.4830,12.0391,4.1789,-0.1312,3143.0814,NA,NA,NA
Code.exe,14868,0x2E094ECB090,DXGI,0,0,0,Hardware Composed: Independent Flip,3147.3340,4.3480,4.3146,0.0334,4.3681,3.9307,0.8534,3.0773,11.9654,4.1692,0.0737,3147.3340,NA,NA,NA
Code.exe,14868,0x2E094ECB090,DXGI,0,0,0,Hardware Composed: Independent Flip,3151.6820,4.1856,4.1606,0.0250,4.2757,3.9142,1.0453,2.8689,11.7866,4.1766,0.1788,3151.6820,NA,NA,NA
Code.exe,14868,0x2E094ECB090,DXGI,0,0,0,Hardware Composed: Independent Flip,3155.8676,4.0072,3.9804,0.0268,4.1014,4.0664,0.9257,3.1407,11.7776,4.1539,0.0090,3155.8676,NA,NA,NA
Code.exe,14868,0x2E094ECB090,DXGI,0,0,0,Hardware Composed: Independent Flip,3159.8748,4.2219,4.1868,0.0351,4.2397,3.9442,0.5603,3.3839,11.9243,4.1603,-0.1467,3159.8748,NA,NA,NA
Code.exe,14868,0x2E094ECB090,DXGI,0,0,0,Hardware Composed: Independent Flip,3164.0967,4.1531,4.1241,0.0290,4.2384,3.9940,0.6349,3.3591,11.8627,4.1831,0.0616,3164.0967,NA,NA,NA
Code.exe,14868,0x2E094ECB090,DXGI,0,0,0,Hardware Composed: Independent Flip,3168.2498,4.4438,4.4038,0.0400,4.5165,3.6750,0.8447,2.8303,11.8927,4.1402,-0.0300,3168.2498,NA,NA,NA
Code.exe,14868,0x2E094ECB090,DXGI,0,0,0,Hardware Composed: Independent Flip,3172.6936,3.8940,3.8667,0.0273,3.9525,4.6776,0.5708,4.1068,11.5891,4.1635,0.3036,3172.6936,NA,NA,NA
Code.exe,14868,0x2E094ECB090,DXGI,0,0,0,Hardware Composed: Independent Flip,3176.5876,4.2418,4.2076,0.0342,7.7314,0.5250,0.5250,0.0000,11.8586,4.1723,-0.2695,3176.5876,NA,NA,NA
Code.exe,14868,0x2E094ECB090,DXGI,0,0,0,Hardware Composed: Independent Flip,3180.8294,3.9435,3.9162,0.0273,4.0146,4.0824,0.5660,3.5164,11.7891,4.1635,0.0695,3180.8294,NA,NA,NA
Code.exe,14868,0x2E094ECB090,DXGI,0,0,0,Hardware Composed: Independent Flip,3184.7729,4.1469,4.1232,0.0237,4.2382,4.0804,0.8684,3.2120,12.0091,4.1739,-0.2200,3184.7729,NA,NA,NA
Code.exe,14868,0x2E094ECB090,DXGI,0,0,0,Hardware Composed: Independent Flip,3188.9198,5.2234,5.1830,0.0404,5.2628,3.0675,0.8382,2.2293,12.0361,4.1646,-0.0270,3188.9198,NA,NA,NA
Code.exe,14868,0x2E094ECB090,DXGI,0,0,0,Hardware Composed: Independent Flip,3194.1432,3.2499,3.2236,0.0263,3.2750,4.0151,0.8073,3.2078,10.9773,4.1578,1.0588,3194.1432,NA,NA,NA
Code.exe,14868,0x2E094ECB090,DXGI,0,0,0,Hardware Composed: Independent Flip,3197.3931,4.1539,4.1292,0.0247,4.1652,4.0789,0.7984,3.2805,11.8852,4.1622,-0.9079,3197.3931,NA,NA,NA
Code.exe,14868,0x2E094ECB090,DXGI,0,0,0,Hardware Composed: Independent Flip,3201.5470,4.0443,4.0115,0.0328,4.0902,4.1136,0.6227,3.4909,11.8935,4.1814,-0.0083,3201.5470,NA,NA,NA
Code.exe,14868,0x2E094ECB090,DXGI,0,0,0,Hardware Composed: Independent Flip,3205.5913,4.1391,4.1068,0.0323,4.2365,4.0831,0.6245,3.4586,12.0306,4.1482,-0.1371,3205.5913,NA,NA,NA
Code.exe,14868,0x2E094ECB090,DXGI,0,0,0,Hardware Composed: Independent Flip,3209.7304,4.4433,4.4180,0.0253,4.4685,3.9232,0.6291,3.2941,12.0397,4.1767,-0.0091,3209.7304,NA,NA,NA
Code.exe,14868,0x2E094ECB090,DXGI,0,0,0,Hardware Composed: Independent Flip,3214.1737,4.1518,4.1284,0.0234,4.2108,3.9453,0.8458,3.0995,11.7731,4.1687,0.2666,3214.1737,NA,NA,NA
Code.exe,14868,0x2E094ECB090,DXGI,0,0,0,Hardware Composed: Independent Flip,3218.3255,3.9412,3.9169,0.0243,4.0043,4.8408,0.4143,4.4265,11.7900,4.1774,-0.0169,3218.3255,NA,NA,NA
Code.exe,14868,0x2E094ECB090,DXGI,0,0,0,Hardware Composed: Independent Flip,3222.2667,4.1887,4.1612,0.0275,7.8857,0.4938,0.4938,0.0000,12.0262,4.1487,-0.2362,3222.2667,NA,NA,NA
Code.exe,14868,0x2E094ECB090,DXGI,0,0,0,Hardware Composed: Independent Flip,3226.4554,4.2054,4.1739,0.0315,4.2474,4.0706,0.6319,3.4387,11.9862,4.1663,0.0400,3226.4554,NA,NA,NA
Code.exe,14868,0x2E094ECB090,DXGI,0,0,0,Hardware Composed: Independent Flip,3230.6608,4.1062,4.0835,0.0227,4.1587,4.1020,0.6250,3.4770,11.9471,4.1628,0.0391,3230.6608,NA,NA,NA
Code.exe,14868,0x2E094ECB090,DXGI,0,0,0,Hardware Composed: Independent Flip,3234.7670,4.1351,4.1125,0.0226,4.2300,4.0459,0.7530,3.2929,12.0037,4.1687,-0.0566,3234.7670,NA,NA,NA
Code.exe,14868,0x2E094ECB090,DXGI,0,0,0,Hardware Composed: Independent Flip,3238.9021,4.2820,4.2574,0.0246,4.2896,4.0443,0.8037,3.2406,12.0373,4.1623,-0.0336,3238.9021,NA,NA,NA
Code.exe,14868,0x2E094ECB090,DXGI,0,0,0,Hardware Composed: Independent Flip,3243.1841,4.6120,4.5852,0.0268,4.6225,3.5968,0.8228,2.7740,11.9176,4.1637,0.1197,3243.1841,NA,NA,NA
Code.exe,14868,0x2E094ECB090,DXGI,0,0,0,Hardware Composed: Independent Flip,3247.7961,3.9555,3.9305,0.0250,3.9603,3.8215,0.8029,3.0186,11.4693,4.1726,0.4483,3247.7961,NA,NA,NA
Code.exe,14868,0x2E094ECB090,DXGI,0,0,0,Hardware Composed: Independent Flip,3251.7516,4.4288,4.3938,0.0350,4.4610,3.4940,0.8018,2.6922,11.6864,4.1570,-0.2171,3251.7516,NA,NA,NA
Code.exe,14868,0x2E094ECB090,DXGI,0,0,0,Hardware Composed: Independent Flip,3256.1804,4.1414,4.1047,0.0367,4.1865,3.5463,0.8240,2.7223,11.4146,4.1717,0.2718,3256.1804,NA,NA,NA
Code.exe,14868,0x2E094ECB090,DXGI,0,0,0,Hardware Composed: Independent Flip,3260.3218,4.1714,4.1404,0.0310,4.1827,3.5714,0.8860,2.6854,11.4449,4.1595,-0.0303,3260.3218,NA,NA,NA
Code.exe,14868,0x2E094ECB090,DXGI,0,0,0,Hardware Composed: Independent Flip,3264.4932,4.0223,3.9945,0.0278,4.0310,3.7125,0.8052,2.9073,11.4330,4.1649,0.0119,3264.4932,NA,NA,NA
Code.exe,14868,0x2E094ECB090,DXGI,0,0,0,Hardware Composed: Independent Flip,3268.5155,4.1368,4.1101,0.0267,4.1500,3.7011,0.7717,2.9294,11.5756,4.1662,-0.1426,3268.5155,NA,NA,NA
Code.exe,14868,0x2E094ECB090,DXGI,0,0,0,Hardware Composed: Independent Flip,3272.6523,4.0962,4.0700,0.0262,4.1005,3.8193,0.8219,2.9974,11.6050,4.1740,-0.0294,3272.6523,NA,NA,NA
Code.exe,14868,0x2E094ECB090,DXGI,0,0,0,Hardware Composed: Independent Flip,3276.7485,4.2413,4.2149,0.0264,4.2520,3.7304,0.9072,2.8232,11.6828,4.1805,-0.0778,3276.7485,NA,NA,NA
Code.exe,14868,0x2E094ECB090,DXGI,0,0,0,Hardware Composed: Independent Flip,3280.9898,4.0530,4.0301,0.0229,4.0616,4.4714,0.5467,3.9247,11.6220,4.1492,0.0608,3280.9898,NA,NA,NA
Code.exe,14868,0x2E094ECB090,DXGI,0,0,0,Hardware Composed: Independent Flip,3285.0428,4.5453,4.5100,0.0353,4.7517,3.2882,0.5681,2.7201,11.7182,4.1631,-0.0962,3285.0428,NA,NA,NA
Code.exe,14868,0x2E094ECB090,DXGI,0,0,0,Hardware Composed: Independent Flip,3289.5881,3.8594,3.8326,0.0268,3.8765,3.7833,0.8312,2.9521,11.3360,4.1641,0.3822,3289.5881,NA,NA,NA
Code.exe,14868,0x2E094ECB090,DXGI,0,0,0,Hardware Composed: Independent Flip,3293.4475,4.3946,4.3520,0.0426,4.3947,3.5549,0.8308,2.7241,11.6407,4.1698,-0.3047,3293.4475,NA,NA,NA
Code.exe,14868,0x2E094ECB090,DXGI,0,0,0,Hardware Composed: Independent Flip,3297.8421,4.0019,3.9772,0.0247,4.0397,3.6096,0.7533,2.8563,11.4159,4.1566,0.2248,3297.8421,NA,NA,NA
Code.exe,14868,0x2E094ECB090,DXGI,0,0,0,Hardware Composed: Independent Flip,3301.8440,4.2441,4.2118,0.0323,4.2321,3.6545,0.8292,2.8253,11.5706,4.1702,-0.1547,3301.8440,NA,NA,NA
Code.exe,14868,0x2E094ECB090,DXGI,0,0,0,Hardware Composed: Independent Flip,3306.0881,4.1103,4.0839,0.0264,4.1227,3.6812,0.8213,2.8599,11.4967,4.1681,0.0739,3306.0881,NA,NA,NA
Code.exe,14868,0x2E094ECB090,DXGI,0,0,0,Hardware Composed: Independent Flip,3310.1984,3.9393,3.9136,0.0257,3.9448,4.0680,0.8954,3.1726,11.5545,4.1635,-0.0578,3310.1984,NA,NA,NA
Code.exe,14868,0x2E094ECB090,DXGI,0,0,0,Hardware Composed: Independent Flip,3314.1377,4.8548,4.8213,0.0335,4.8698,3.1826,0.7982,2.3844,11.7787,4.1774,-0.2242,3314.1377,NA,NA,NA
Code.exe,14868,0x2E094ECB090,DXGI,0,0,0,Hardware Composed: Independent Flip,3318.9925,3.8568,3.8198,0.0370,4.0252,3.3709,0.8271,2.5438,11.1013,4.1576,0.6774,3318.9925,NA,NA,NA
Code.exe,14868,0x2E094ECB090,DXGI,0,0,0,Hardware Composed: Independent Flip,3322.8493,4.0796,4.0464,0.0332,4.0825,3.6570,0.8215,2.8355,11.4021,4.1651,-0.3008,3322.8493,NA,NA,NA
Code.exe,14868,0x2E094ECB090,DXGI,0,0,0,Hardware Composed: Independent Flip,3326.9289,4.4270,4.3887,0.0383,4.4376,4.3450,0.6234,3.7216,11.4876,4.1648,-0.0855,3326.9289,NA,NA,NA
Code.exe,14868,0x2E094ECB090,DXGI,0,0,0,Hardware Composed: Independent Flip,3331.3559,3.8348,3.8051,0.0297,7.0923,0.4399,0.4399,0.0000,11.2254,4.1595,0.2622,3331.3559,NA,NA,NA
Code.exe,14868,0x2E094ECB090,DXGI,0,0,0,Hardware Composed: Independent Flip,3335.1907,6.5204,6.4857,0.0347,6.5161,3.8936,3.8936,0.0000,11.5501,4.1707,-0.3247,3335.1907,NA,NA,NA
Code.exe,14868,0x2E094ECB090,DXGI,0,0,0,Hardware Composed: Independent Flip,3341.7111,1.9711,1.8937,0.0774,5.0494,2.2170,2.2170,0.0000,9.2004,4.1613,2.3497,3341.7111,NA,NA,NA
Code.exe,14868,0x2E094ECB090,DXGI,0,0,0,Hardware Composed: Independent Flip,3343.6822,4.3979,4.3492,0.0487,7.2589,0.4667,0.4667,0.0000,11.3906,4.1715,-2.1902,3343.6822,NA,NA,NA
Code.exe,14868,0x2E094ECB090,DXGI,0,0,0,Hardware Composed: Independent Flip,3348.0801,3.9682,3.9320,0.0362,3.9403,3.5511,0.8451,2.7060,11.1642,4.1663,0.2264,3348.0801,NA,NA,NA
Code.exe,14868,0x2E094ECB090,DXGI,0,0,0,Hardware Composed: Independent Flip,3352.0483,3.9027,3.8767,0.0260,3.8836,3.8581,0.8724,2.9857,11.3623,4.1689,-0.1981,3352.0483,NA,NA,NA
Code.exe,14868,0x2E094ECB090,DXGI,0,0,0,Hardware Composed: Independent Flip,3355.9510,7.1247,7.0871,0.0376,6.9053,2.5816,2.5816,0.0000,11.6285,4.1584,-0.2662,3355.9510,NA,NA,NA
Code.exe,14868,0x2E094ECB090,DXGI,0,0,0,Hardware Composed: Independent Flip,3363.0757,2.0504,1.9459,0.1045,4.5334,1.1354,1.1354,0.0000,8.6622,4.1602,2.9663,3363.0757,NA,NA,NA
Code.exe,14868,0x2E094ECB090,DXGI,0,0,0,Hardware Composed: Independent Flip,3365.1261,3.9999,3.9664,0.0335,4.8279,2.2618,0.6191,1.6427,10.7720,4.1711,-2.1098,3365.1261,NA,NA,NA
Code.exe,14868,0x2E094ECB090,DXGI,0,0,0,Hardware Composed: Independent Flip,3369.1260,3.4968,3.4695,0.0273,3.4818,3.7921,0.8699,2.9222,10.9432,4.1695,-0.1712,3369.1260,NA,NA,NA
Code.exe,14868,0x2E094ECB090,DXGI,0,0,0,Hardware Composed: Independent Flip,3372.6228,3.9534,3.9281,0.0253,3.9337,4.0335,0.8215,3.2120,11.6159,4.1613,-0.6727,3372.6228,NA,NA,NA
Code.exe,14868,0x2E094ECB090,DXGI,0,0,0,Hardware Composed: Independent Flip,3376.5762,4.6288,4.5916,0.0372,4.6141,3.7812,0.6172,3.1640,11.8238,4.1650,-0.2079,3376.5762,NA,NA,NA
Code.exe,14868,0x2E094ECB090,DXGI,0,0,0,Hardware Composed: Independent Flip,3381.2050,4.1142,4.0810,0.0332,4.0989,3.6136,0.8886,2.7250,11.3600,4.1693,0.4638,3381.2050,NA,NA,NA
Code.exe,14868,0x2E094ECB090,DXGI,0,0,0,Hardware Composed: Independent Flip,3385.3192,3.9560,3.9267,0.0293,3.9363,3.8234,0.8586,2.9648,11.4151,4.1692,-0.0551,3385.3192,NA,NA,NA
Code.exe,14868,0x2E094ECB090,DXGI,0,0,0,Hardware Composed: Independent Flip,3389.2752,4.2404,4.2032,0.0372,4.2759,3.6940,0.8581,2.8359,11.6283,4.1654,-0.2132,3389.2752,NA,NA,NA
Code.exe,14868,0x2E094ECB090,DXGI,0,0,0,Hardware Composed: Independent Flip,3393.5156,4.4124,4.3769,0.0355,5.2981,2.5765,0.6377,1.9388,11.5533,4.1599,0.0750,3393.5156,NA,NA,NA
Code.exe,14868,0x2E094ECB090,DXGI,0,0,0,Hardware Composed: Independent Flip,3397.9280,3.9332,3.9001,0.0331,3.9116,3.7306,0.7961,2.9345,11.3008,4.1725,0.2525,3397.9280,NA,NA,NA
Code.exe,14868,0x2E094ECB090,DXGI,0,0,0,Hardware Composed: Independent Flip,3401.8612,3.8979,3.8709,0.0270,3.8855,4.0008,0.8509,3.1499,11.5401,4.1593,-0.2393,3401.8612,NA,NA,NA
Code.exe,14868,0x2E094ECB090,DXGI,0,0,0,Hardware Composed: Independent Flip,3405.7591,6.2481,6.2100,0.0381,6.2807,3.4564,2.4337,1.0227,11.8015,4.1720,-0.2614,3405.7591,NA,NA,NA
Code.exe,14868,0x2E094ECB090,DXGI,0,0,0,Hardware Composed: Independent Flip,3412.0072,2.9090,2.8459,0.0631,3.6367,3.0492,1.2554,1.7938,9.7254,4.2224,2.0761,3412.0072,NA,NA,NA
Code.exe,14868,0x2E094ECB090,DXGI,0,0,0,Hardware Composed: Independent Flip,3414.9162,3.9161,3.8817,0.0344,3.8469,3.4854,0.6800,2.8054,11.0388,4.1591,-1.3134,3414.9162,NA,NA,NA
Code.exe,14868,0x2E094ECB090,DXGI,0,0,0,Hardware Composed: Independent Flip,3418.8323,3.9153,3.8712,0.0441,3.8924,3.9302,0.9006,3.0296,11.2818,4.1388,-0.2430,3418.8323,NA,NA,NA
Code.exe,14868,0x2E094ECB090,DXGI,0,0,0,Hardware Composed: Independent Flip,3422.7476,5.0312,4.9922,0.0390,5.1314,2.7401,0.6757,2.0644,11.5053,4.1565,-0.2235,3422.7476,NA,NA,NA
Code.exe,14868,0x2E094ECB090,DXGI,0,0,0,Hardware Composed: Independent Flip,3427.7788,3.4789,3.4375,0.0414,3.8661,3.1265,0.6375,2.4890,10.6306,4.2015,0.8747,3427.7788,NA,NA,NA
Code.exe,14868,0x2E094ECB090,DXGI,0,0,0,Hardware Composed: Independent Flip,3431.2577,5.3574,5.3251,0.0323,5.3231,2.3460,0.8923,1.4537,11.3532,4.1529,-0.7226,3431.2577,NA,NA,NA
Code.exe,14868,0x2E094ECB090,DXGI,0,0,0,Hardware Composed: Independent Flip,3436.6151,2.4839,2.4454,0.0385,7.2345,0.9034,0.1975,0.7059,10.1487,4.1461,1.2045,3436.6151,NA,NA,NA
Code.exe,14868,0x2E094ECB090,DXGI,0,0,0,Hardware Composed: Independent Flip,3439.0990,4.1714,4.1368,0.0346,7.6972,0.4142,0.4142,0.0000,11.8109,4.1640,-1.6622,3439.0990,NA,NA,NA
Code.exe,14868,0x2E094ECB090,DXGI,0,0,0,Hardware Composed: Independent Flip,3443.2704,3.9689,3.9448,0.0241,7.6659,0.4555,0.4555,0.0000,11.8035,4.1713,0.0074,3443.2704,NA,NA,NA
Code.exe,14868,0x2E094ECB090,DXGI,0,0,0,Hardware Composed: Independent Flip,3447.2393,4.2106,4.1780,0.0326,7.8637,0.4445,0.4445,0.0000,12.0059,4.1922,-0.2024,3447.2393,NA,NA,NA
Code.exe,14868,0x2E094ECB090,DXGI,0,0,0,Hardware Composed: Independent Flip,3451.4499,4.1810,4.1533,0.0277,7.8223,0.3658,0.3658,0.0000,11.9875,4.1659,0.0184,3451.4499,NA,NA,NA
Code.exe,14868,0x2E094ECB090,DXGI,0,0,0,Hardware Composed: Independent Flip,3455.6309,4.1690,4.1414,0.0276,7.8431,0.4411,0.4411,0.0000,11.9724,4.1924,0.0151,3455.6309,NA,NA,NA
Code.exe,14868,0x2E094ECB090,DXGI,0,0,0,Hardware Composed: Independent Flip,3459.7999,4.2480,4.2114,0.0366,7.8542,0.4805,0.4805,0.0000,11.9958,4.1194,-0.0234,3459.7999,NA,NA,NA
Code.exe,14868,0x2E094ECB090,DXGI,0,0,0,Hardware Composed: Independent Flip,3464.0479,4.0003,3.9702,0.0301,7.8206,0.4437,0.4437,0.0000,11.8672,4.1900,0.1286,3464.0479,NA,NA,NA
Code.exe,14868,0x2E094ECB090,DXGI,0,0,0,Hardware Composed: Independent Flip,3468.0482,4.5105,4.4707,0.0398,7.9097,0.4089,0.4089,0.0000,12.0569,4.1297,-0.1897,3468.0482,NA,NA,NA
Code.exe,14868,0x2E094ECB090,DXGI,0,0,0,Hardware Composed: Independent Flip,3472.5587,3.9183,3.8876,0.0307,7.5838,0.4772,0.4772,0.0000,11.6761,4.1651,0.3808,3472.5587,NA,NA,NA
Code.exe,14868,0x2E094ECB090,DXGI,0,0,0,Hardware Composed: Independent Flip,3476.4770,4.2489,4.2208,0.0281,7.7815,0.4431,0.4431,0.0000,11.9229,4.1648,-0.2468,3476.4770,NA,NA,NA
Code.exe,14868,0x2E094ECB090,DXGI,0,0,0,Hardware Composed: Independent Flip,3480.7259,3.9346,3.9072,0.0274,7.7094,0.4404,0.4404,0.0000,11.8388,4.1843,0.0841,3480.7259,NA,NA,NA
Code.exe,14868,0x2E094ECB090,DXGI,0,0,0,Hardware Composed: Independent Flip,3484.6605,4.2154,4.1875,0.0279,7.9547,0.4271,0.4271,0.0000,12.0885,4.1790,-0.2497,3484.6605,NA,NA,NA
Code.exe,14868,0x2E094ECB090,DXGI,0,0,0,Hardware Composed: Independent Flip,3488.8759,4.2586,4.2249,0.0337,7.9156,0.4472,0.4472,0.0000,12.0521,4.1439,0.0364,3488.8759,NA,NA,NA
Code.exe,14868,0x2E094ECB090,DXGI,0,0,0,Hardware Composed: Independent Flip,3493.1345,4.2394,4.2028,0.0366,7.8262,0.6014,0.6014,0.0000,11.9374,4.1457,0.1147,3493.1345,NA,NA,NA
Code.exe,14868,0x2E094ECB090,DXGI,0,0,0,Hardware Composed: Independent Flip,3497.3739,3.9768,3.9490,0.0278,7.7290,0.4532,0.4532,0.0000,11.8437,4.1875,0.0937,3497.3739,NA,NA,NA
Code.exe,14868,0x2E094ECB090,DXGI,0,0,0,Hardware Composed: Independent Flip,3501.3507,4.3162,4.2856,0.0306,7.9203,0.4330,0.4330,0.0000,12.0544,4.1453,-0.2107,3501.3507,NA,NA,NA
Code.exe,14868,0x2E094ECB090,DXGI,0,0,0,Hardware Composed: Independent Flip,3505.6669,4.0241,3.9977,0.0264,7.7719,0.4059,0.4059,0.0000,11.8835,4.1561,0.1709,3505.6669,NA,NA,NA
Code.exe,14868,0x2E094ECB090,DXGI,0,0,0,Hardware Composed: Independent Flip,3509.6910,4.1530,4.1248,0.0282,7.8915,0.4391,0.4391,0.0000,12.0155,4.1664,-0.1320,3509.6910,NA,NA,NA
Code.exe,14868,0x2E094ECB090,DXGI,0,0,0,Hardware Composed: Independent Flip,3513.8440,4.0976,4.0712,0.0264,7.8973,0.6871,0.6871,0.0000,12.0289,4.1746,-0.0134,3513.8440,NA,NA,NA
Code.exe,14868,0x2E094ECB090,DXGI,0,0,0,Hardware Composed: Independent Flip,3517.9416,4.2222,4.1956,0.0266,7.9641,0.4513,0.4513,0.0000,12.1059,4.1551,-0.0770,3517.9416,NA,NA,NA
Code.exe,14868,0x2E094ECB090,DXGI,0,0,0,Hardware Composed: Independent Flip,3522.1638,4.1774,4.1499,0.0275,7.9401,0.4471,0.4471,0.0000,12.0388,4.1623,0.0671,3522.1638,NA,NA,NA
Code.exe,14868,0x2E094ECB090,DXGI,0,0,0,Hardware Composed: Independent Flip,3526.3412,4.1852,4.1566,0.0286,7.8991,0.4550,0.4550,0.0000,12.0237,4.1818,0.0151,3526.3412,NA,NA,NA
Code.exe,14868,0x2E094ECB090,DXGI,0,0,0,Hardware Composed: Independent Flip,3530.5264,4.2034,4.1717,0.0317,7.8662,0.4327,0.4327,0.0000,12.0203,4.1414,0.0034,3530.5264,NA,NA,NA
Code.exe,14868,0x2E094ECB090,DXGI,0,0,0,Hardware Composed: Independent Flip,3534.7298,4.1225,4.0919,0.0306,7.8427,0.4626,0.4626,0.0000,11.9583,4.1706,0.0620,3534.7298,NA,NA,NA
Code.exe,14868,0x2E094ECB090,DXGI,0,0,0,Hardware Composed: Independent Flip,3538.8523,4.1493,4.1230,0.0263,7.8727,0.4403,0.4403,0.0000,12.0064,4.1709,-0.0481,3538.8523,NA,NA,NA
Code.exe,14868,0x2E094ECB090,DXGI,0,0,0,Hardware Composed: Independent Flip,3543.0016,4.1398,4.1164,0.0234,8.5052,0.1819,0.1819,0.0000,12.0280,4.1611,-0.0216,3543.0016,NA,NA,NA
Code.exe,14868,0x2E094ECB090,DXGI,0,0,0,Hardware Composed: Independent Flip,3547.1414,4.2504,4.2151,0.0353,7.9202,0.3950,0.3950,0.0000,12.0493,4.1739,-0.0213,3547.1414,NA,NA,NA
Code.exe,14868,0x2E094ECB090,DXGI,0,0,0,Hardware Composed: Independent Flip,3551.3918,4.1991,4.1712,0.0279,7.8242,0.4724,0.4724,0.0000,11.9728,4.1554,0.0765,3551.3918,NA,NA,NA
Code.exe,14868,0x2E094ECB090,DXGI,0,0,0,Hardware Composed: Independent Flip,3555.5909,4.1224,4.0918,0.0306,7.8100,0.4611,0.4611,0.0000,11.9291,4.1625,0.0437,3555.5909,NA,NA,NA
Code.exe,14868,0x2E094ECB090,DXGI,0,0,0,Hardware Composed: Independent Flip,3559.7133,4.1666,4.1390,0.0276,7.8314,0.4531,0.4531,0.0000,11.9692,4.1645,-0.0401,3559.7133,NA,NA,NA
Code.exe,14868,0x2E094ECB090,DXGI,0,0,0,Hardware Composed: Independent Flip,3563.8799,4.0753,4.0480,0.0273,7.8294,0.4483,0.4483,0.0000,11.9671,4.1734,0.0021,3563.8799,NA,NA,NA
Code.exe,14868,0x2E094ECB090,DXGI,0,0,0,Hardware Composed: Independent Flip,3567.9552,4.1421,4.1151,0.0270,7.9145,0.4564,0.4564,0.0000,12.0652,4.1655,-0.0981,3567.9552,NA,NA,NA
Code.exe,14868,0x2E094ECB090,DXGI,0,0,0,Hardware Composed: Independent Flip,3572.0973,4.1240,4.0983,0.0257,7.9470,0.4456,0.4456,0.0000,12.0886,4.1659,-0.0234,3572.0973,NA,NA,NA
Code.exe,14868,0x2E094ECB090,DXGI,0,0,0,Hardware Composed: Independent Flip,3576.2213,4.2150,4.1863,0.0287,7.9978,0.4036,0.4036,0.0000,12.1305,4.1794,-0.0419,3576.2213,NA,NA,NA
Code.exe,14868,0x2E094ECB090,DXGI,0,0,0,Hardware Composed: Independent Flip,3580.4363,4.4147,4.3693,0.0454,7.9531,0.4452,0.4452,0.0000,12.0949,4.1664,0.0356,3580.4363,NA,NA,NA
Code.exe,14868,0x2E094ECB090,DXGI,0,0,0,Hardware Composed: Independent Flip,3584.8510,4.0369,4.0035,0.0334,7.7380,0.4514,0.4514,0.0000,11.8466,4.1595,0.2483,3584.8510,NA,NA,NA
Code.exe,14868,0x2E094ECB090,DXGI,0,0,0,Hardware Composed: Independent Flip,3588.8879,4.0703,4.0429,0.0274,7.8446,0.4619,0.4619,0.0000,11.9692,4.1532,-0.1226,3588.8879,NA,NA,NA
Code.exe,14868,0x2E094ECB090,DXGI,0,0,0,Hardware Composed: Independent Flip,3592.9582,4.6473,4.6071,0.0402,7.9283,0.4327,0.4327,0.0000,12.0521,4.1783,-0.0829,3592.9582,NA,NA,NA
Code.exe,14868,0x2E094ECB090,DXGI,0,0,0,Hardware Composed: Independent Flip,3597.6055,3.8484,3.8167,0.0317,7.4305,0.4987,0.4987,0.0000,11.5831,4.1543,0.4690,3597.6055,NA,NA,NA
Code.exe,14868,0x2E094ECB090,DXGI,0,0,0,Hardware Composed: Independent Flip,3601.4539,4.0277,3.9970,0.0307,7.7768,0.4704,0.4704,0.0000,11.8890,4.1970,-0.3059,3601.4539,NA,NA,NA
Code.exe,14868,0x2E094ECB090,DXGI,0,0,0,Hardware Composed: Independent Flip,3605.4816,4.3806,4.3445,0.0361,7.8876,0.4484,0.4484,0.0000,12.0583,4.1446,-0.1693,3605.4816,NA,NA,NA
Code.exe,14868,0x2E094ECB090,DXGI,0,0,0,Hardware Composed: Independent Flip,3609.8622,4.0192,3.9836,0.0356,7.7122,0.4182,0.4182,0.0000,11.8223,4.1829,0.2360,3609.8622,NA,NA,NA
Code.exe,14868,0x2E094ECB090,DXGI,0,0,0,Hardware Composed: Independent Flip,3613.8814,4.1807,4.1420,0.0387,7.8401,0.4365,0.4365,0.0000,11.9860,4.1681,-0.1637,3613.8814,NA,NA,NA
Code.exe,14868,0x2E094ECB090,DXGI,0,0,0,Hardware Composed: Independent Flip,3618.0621,4.2211,4.1852,0.0359,7.8381,0.4379,0.4379,0.0000,11.9734,4.1496,0.0126,3618.0621,NA,NA,NA
Code.exe,14868,0x2E094ECB090,DXGI,0,0,0,Hardware Composed: Independent Flip,3622.2832,4.2484,4.2134,0.0350,8.5594,0.1881,0.1881,0.0000,11.9019,4.1575,0.0715,3622.2832,NA,NA,NA
Code.exe,14868,0x2E094ECB090,DXGI,0,0,0,Hardware Composed: Independent Flip,3626.5316,4.4816,4.4369,0.0447,7.7090,0.4470,0.4470,0.0000,11.8110,4.1596,0.0909,3626.5316,NA,NA,NA
Code.exe,14868,0x2E094ECB090,DXGI,0,0,0,Hardware Composed: Independent Flip,3631.0132,3.7021,3.6687,0.0334,7.3755,0.4768,0.4768,0.0000,11.4890,4.1636,0.3220,3631.0132,NA,NA,NA
Code.exe,14868,0x2E094ECB090,DXGI,0,0,0,Hardware Composed: Independent Flip,3634.7153,4.2247,4.1902,0.0345,7.8199,0.4527,0.4527,0.0000,11.9505,4.1803,-0.4615,3634.7153,NA,NA,NA
Code.exe,14868,0x2E094ECB090,DXGI,0,0,0,Hardware Composed: Independent Flip,3638.9400,4.1386,4.1054,0.0332,7.7934,0.4078,0.4078,0.0000,11.9061,4.1777,0.0444,3638.9400,NA,NA,NA
Code.exe,14868,0x2E094ECB090,DXGI,0,0,0,Hardware Composed: Independent Flip,3643.0786,4.0810,4.0533,0.0277,7.8451,0.4565,0.4565,0.0000,11.9452,4.1498,-0.0391,3643.0786,NA,NA,NA
Code.exe,14868,0x2E094ECB090,DXGI,0,0,0,Hardware Composed: Independent Flip,3647.1596,4.1836,4.1524,0.0312,7.9344,0.4542,0.4542,0.0000,12.0140,4.1742,-0.0688,3647.1596,NA,NA,NA
Code.exe,14868,0x2E094ECB090,DXGI,0,0,0,Hardware Composed: Independent Flip,3651.3432,4.2437,4.2170,0.0267,7.8785,0.4800,0.4800,0.0000,12.0046,4.1463,0.0094,3651.3432,NA,NA,NA
Code.exe,14868,0x2E094ECB090,DXGI,0,0,0,Hardware Composed: Independent Flip,3655.5869,4.2409,4.2009,0.0400,7.8045,0.4738,0.4738,0.0000,11.9072,4.1696,0.0974,3655.5869,NA,NA,NA
Code.exe,14868,0x2E094ECB090,DXGI,0,0,0,Hardware Composed: Independent Flip,3659.8278,4.1227,4.0624,0.0603,7.7156,0.4708,0.4708,0.0000,11.8359,4.1875,0.0713,3659.8278,NA,NA,NA
Code.exe,14868,0x2E094ECB090,DXGI,0,0,0,Hardware Composed: Independent Flip,3663.9505,3.9765,3.9502,0.0263,7.7664,0.4500,0.4500,0.0000,11.9007,4.1579,-0.0648,3663.9505,NA,NA,NA
Code.exe,14868,0x2E094ECB090,DXGI,0,0,0,Hardware Composed: Independent Flip,3667.9270,4.1967,4.1684,0.0283,8.3329,0.1823,0.1823,0.0000,12.0821,4.1544,-0.1814,3667.9270,NA,NA,NA
Code.exe,14868,0x2E094ECB090,DXGI,0,0,0,Hardware Composed: Independent Flip,3672.1237,4.2146,4.1860,0.0286,7.9431,0.4120,0.4120,0.0000,12.0398,4.1518,0.0423,3672.1237,NA,NA,NA
Code.exe,14868,0x2E094ECB090,DXGI,0,0,0,Hardware Composed: Independent Flip,3676.3383,4.2396,4.2083,0.0313,7.8512,0.4467,0.4467,0.0000,11.9770,4.1739,0.0628,3676.3383,NA,NA,NA
Code.exe,14868,0x2E094ECB090,DXGI,0,0,0,Hardware Composed: Independent Flip,3680.5779,4.0243,3.9976,0.0267,7.7616,0.4541,0.4541,0.0000,11.9113,4.1708,0.0657,3680.5779,NA,NA,NA
Code.exe,14868,0x2E094ECB090,DXGI,0,0,0,Hardware Composed: Independent Flip,3684.6022,4.1612,4.1361,0.0251,7.9232,0.4524,0.4524,0.0000,12.0578,4.1678,-0.1465,3684.6022,NA,NA,NA
Code.exe,14868,0x2E094ECB090,DXGI,0,0,0,Hardware Composed: Independent Flip,3688.7634,4.3179,4.2834,0.0345,7.9347,0.4669,0.4669,0.0000,12.0644,4.1646,-0.0066,3688.7634,NA,NA,NA
Code.exe,14868,0x2E094ECB090,DXGI,0,0,0,Hardware Composed: Independent Flip,3693.0813,4.0357,4.0037,0.0320,7.7751,0.4564,0.4564,0.0000,11.9111,4.1703,0.1533,3693.0813,NA,NA,NA
Code.exe,14868,0x2E094ECB090,DXGI,0,0,0,Hardware Composed: Independent Flip,3697.1170,4.1960,4.1656,0.0304,7.9330,0.4372,0.4372,0.0000,12.0457,4.1820,-0.1346,3697.1170,NA,NA,NA
Code.exe,14868,0x2E094ECB090,DXGI,0,0,0,Hardware Composed: Independent Flip,3701.3130,4.2210,4.1858,0.0352,7.8960,0.4436,0.4436,0.0000,12.0317,4.1322,0.0140,3701.3130,NA,NA,NA
Code.exe,14868,0x2E094ECB090,DXGI,0,0,0,Hardware Composed: Independent Flip,3705.5340,4.1440,4.1106,0.0334,7.8543,0.4405,0.4405,0.0000,11.9429,4.1832,0.0888,3705.5340,NA,NA,NA
Code.exe,14868,0x2E094ECB090,DXGI,0,0,0,Hardware Composed: Independent Flip,3709.6780,4.2730,4.2417,0.0313,7.8352,0.4931,0.4931,0.0000,11.9821,4.1511,-0.0392,3709.6780,NA,NA,NA
Code.exe,14868,0x2E094ECB090,DXGI,0,0,0,Hardware Composed: Independent Flip,3713.9510,3.9151,3.8901,0.0250,9.0591,0.1772,0.1772,0.0000,11.8602,4.1769,0.1219,3713.9510,NA,NA,NA
Code.exe,14868,0x2E094ECB090,DXGI,0,0,0,Hardware Composed: Independent Flip,3717.8661,4.3630,4.3308,0.0322,7.9861,0.4521,0.4521,0.0000,12.1220,4.1702,-0.2618,3717.8661,NA,NA,NA
Code.exe,14868,0x2E094ECB090,DXGI,0,0,0,Hardware Composed: Independent Flip,3722.2291,4.1858,4.1576,0.0282,7.7971,0.4479,0.4479,0.0000,11.9292,4.1569,0.1928,3722.2291,NA,NA,NA
Code.exe,14868,0x2E094ECB090,DXGI,0,0,0,Hardware Composed: Independent Flip,3726.4149,4.0369,4.0043,0.0326,7.7995,0.4356,0.4356,0.0000,11.9003,4.1934,0.0289,3726.4149,NA,NA,NA
Code.exe,14868,0x2E094ECB090,DXGI,0,0,0,Hardware Composed: Independent Flip,3730.4518,4.2939,4.2399,0.0540,7.8935,0.3962,0.3962,0.0000,12.0568,4.1312,-0.1565,3730.4518,NA,NA,NA
Code.exe,14868,0x2E094ECB090,DXGI,0,0,0,Hardware Composed: Independent Flip,3734.7457,4.1226,4.0924,0.0302,7.7969,0.4482,0.4482,0.0000,11.8941,4.1797,0.1627,3734.7457,NA,NA,NA
Code.exe,14868,0x2E094ECB090,DXGI,0,0,0,Hardware Composed: Independent Flip,3738.8683,4.2340,4.2022,0.0318,7.8178,0.4378,0.4378,0.0000,11.9512,4.1663,-0.0571,3738.8683,NA,NA,NA
Code.exe,14868,0x2E094ECB090,DXGI,0,0,0,Hardware Composed: Independent Flip,3743.1023,3.9344,3.9082,0.0262,7.7753,0.4478,0.4478,0.0000,11.8835,4.1610,0.0677,3743.1023,NA,NA,NA
Code.exe,14868,0x2E094ECB090,DXGI,0,0,0,Hardware Composed: Independent Flip,3747.0367,4.2569,4.2167,0.0402,7.9928,0.4121,0.4121,0.0000,12.1101,4.1775,-0.2266,3747.0367,NA,NA,NA
Code.exe,14868,0x2E094ECB090,DXGI,0,0,0,Hardware Composed: Independent Flip,3751.2936,4.2284,4.1955,0.0329,7.8878,0.4462,0.4462,0.0000,12.0307,4.1532,0.0794,3751.2936,NA,NA,NA
Code.exe,14868,0x2E094ECB090,DXGI,0,0,0,Hardware Composed: Independent Flip,3755.5220,4.1948,4.1655,0.0293,7.8840,0.4354,0.4354,0.0000,11.9555,4.1692,0.0752,3755.5220,NA,NA,NA
Code.exe,14868,0x2E094ECB090,DXGI,0,0,0,Hardware Composed: Independent Flip,3759.7168,4.2863,4.2501,0.0362,7.7991,0.4663,0.4663,0.0000,11.9299,4.1535,0.0256,3759.7168,NA,NA,NA
Code.exe,14868,0x2E094ECB090,DXGI,0,0,0,Hardware Composed: Independent Flip,3764.0031,4.1274,4.0897,0.0377,7.6793,0.4276,0.4276,0.0000,11.7971,4.1768,0.1328,3764.0031,NA,NA,NA
Code.exe,14868,0x2E094ECB090,DXGI,0,0,0,Hardware Composed: Independent Flip,3768.1305,3.9594,3.9311,0.0283,7.7229,0.4460,0.4460,0.0000,11.8465,4.1746,-0.0494,3768.1305,NA,NA,NA
Code.exe,14868,0x2E094ECB090,DXGI,0,0,0,Hardware Composed: Independent Flip,3772.0899,4.4288,4.0957,0.3331,7.9449,0.4497,0.4497,0.0000,12.0617,4.1747,-0.2152,3772.0899,NA,NA,NA
Code.exe,14868,0x2E094ECB090,DXGI,0,0,0,Hardware Composed: Independent Flip,3776.5187,3.9570,3.9240,0.0330,7.9761,0.1864,0.1864,0.0000,11.8076,4.1633,0.2541,3776.5187,NA,NA,NA
Code.exe,14868,0x2E094ECB090,DXGI,0,0,0,Hardware Composed: Independent Flip,3780.4757,4.5608,4.5225,0.0383,7.9470,0.4513,0.4513,0.0000,12.0139,4.1918,-0.2063,3780.4757,NA,NA,NA
Code.exe,14868,0x2E094ECB090,DXGI,0,0,0,Hardware Composed: Independent Flip,3785.0365,4.1721,4.1369,0.0352,7.5224,0.4837,0.4837,0.0000,11.6449,4.2001,0.3690,3785.0365,NA,NA,NA
Code.exe,14868,0x2E094ECB090,DXGI,0,0,0,Hardware Composed: Independent Flip,3789.2086,3.9238,3.8156,0.1082,7.5256,0.4695,0.4695,0.0000,11.6729,4.1095,-0.0280,3789.2086,NA,NA,NA
Code.exe,14868,0x2E094ECB090,DXGI,0,0,0,Hardware Composed: Independent Flip,3793.1324,4.2367,4.1995,0.0372,7.7973,0.2071,0.2071,0.0000,11.8586,4.1622,-0.1857,3793.1324,NA,NA,NA
Code.exe,14868,0x2E094ECB090,DXGI,0,0,0,Hardware Composed: Independent Flip,3797.3691,4.2350,4.1988,0.0362,7.6453,0.4542,0.4542,0.0000,11.7841,4.1689,0.0745,3797.3691,NA,NA,NA
Code.exe,14868,0x2E094ECB090,DXGI,0,0,0,Hardware Composed: Independent Flip,3801.6041,4.0368,4.0048,0.0320,7.5924,0.4419,0.4419,0.0000,11.7180,4.1704,0.0661,3801.6041,NA,NA,NA
Code.exe,14868,0x2E094ECB090,DXGI,0,0,0,Hardware Composed: Independent Flip,3805.6409,4.1038,4.0670,0.0368,7.7654,0.4645,0.4645,0.0000,11.8516,4.1529,-0.1336,3805.6409,NA,NA,NA
Code.exe,14868,0x2E094ECB090,DXGI,0,0,0,Hardware Composed: Independent Flip,3809.7447,4.0882,4.0570,0.0312,7.7887,0.5900,0.5900,0.0000,11.9007,4.1656,-0.0491,3809.7447,NA,NA,NA
Code.exe,14868,0x2E094ECB090,DXGI,0,0,0,Hardware Composed: Independent Flip,3813.8329,4.3252,4.2904,0.0348,7.8667,0.4852,0.4852,0.0000,11.9781,4.2163,-0.0774,3813.8329,NA,NA,NA
Code.exe,14868,0x2E094ECB090,DXGI,0,0,0,Hardware Composed: Independent Flip,3818.1581,3.9732,3.9442,0.0290,7.7004,0.4375,0.4375,0.0000,11.8692,4.1486,0.1089,3818.1581,NA,NA,NA
Code.exe,14868,0x2E094ECB090,DXGI,0,0,0,Hardware Composed: Independent Flip,3822.1313,4.2364,4.1872,0.0492,7.9689,0.4426,0.4426,0.0000,12.0446,4.1526,-0.1754,3822.1313,NA,NA,NA
Code.exe,14868,0x2E094ECB090,DXGI,0,0,0,Hardware Composed: Independent Flip,3826.3677,4.6676,4.6238,0.0438,7.8347,0.4114,0.4114,0.0000,11.9608,4.1863,0.0838,3826.3677,NA,NA,NA
Code.exe,14868,0x2E094ECB090,DXGI,0,0,0,Hardware Composed: Independent Flip,3831.0353,3.6385,3.6116,0.0269,7.3635,0.4631,0.4631,0.0000,11.4795,4.1391,0.4813,3831.0353,NA,NA,NA
Code.exe,14868,0x2E094ECB090,DXGI,0,0,0,Hardware Composed: Independent Flip,3834.6738,4.1304,4.1007,0.0297,7.8885,0.4336,0.4336,0.0000,11.9801,4.1576,-0.5006,3834.6738,NA,NA,NA
Code.exe,14868,0x2E094ECB090,DXGI,0,0,0,Hardware Composed: Independent Flip,3838.8042,4.1606,4.1342,0.0264,7.8936,0.6502,0.6502,0.0000,12.0073,4.1494,-0.0272,3838.8042,NA,NA,NA
Code.exe,14868,0x2E094ECB090,DXGI,0,0,0,Hardware Composed: Independent Flip,3842.9648,4.5104,4.4722,0.0382,7.8809,0.4621,0.4621,0.0000,11.9961,4.1796,0.0112,3842.9648,NA,NA,NA
Code.exe,14868,0x2E094ECB090,DXGI,0,0,0,Hardware Composed: Independent Flip,3847.4752,3.9080,3.8738,0.0342,7.5336,0.4728,0.4728,0.0000,11.6653,4.2468,0.3308,3847.4752,NA,NA,NA
Code.exe,14868,0x2E094ECB090,DXGI,0,0,0,Hardware Composed: Independent Flip,3851.3832,4.0649,4.0399,0.0250,7.7972,0.4967,0.4967,0.0000,12.0041,4.1266,-0.3388,3851.3832,NA,NA,NA
Code.exe,14868,0x2E094ECB090,DXGI,0,0,0,Hardware Composed: Independent Flip,3855.4481,4.3011,4.2651,0.0360,7.9926,0.2235,0.2235,0.0000,12.0658,4.1462,-0.0617,3855.4481,NA,NA,NA
Code.exe,14868,0x2E094ECB090,DXGI,0,0,0,Hardware Composed: Independent Flip,3859.7492,4.4520,4.4151,0.0369,7.8024,0.4531,0.4531,0.0000,11.9109,4.1747,0.1549,3859.7492,NA,NA,NA
Code.exe,14868,0x2E094ECB090,DXGI,0,0,0,Hardware Composed: Independent Flip,3864.2012,4.1030,4.0651,0.0379,7.4911,0.3643,0.3643,0.0000,11.6336,4.1436,0.2773,3864.2012,NA,NA,NA
Code.exe,14868,0x2E094ECB090,DXGI,0,0,0,Hardware Composed: Independent Flip,3868.3042,3.9659,3.9309,0.0350,7.6060,0.4485,0.4485,0.0000,11.6742,4.1766,-0.0406,3868.3042,NA,NA,NA
Code.exe,14868,0x2E094ECB090,DXGI,0,0,0,Hardware Composed: Independent Flip,3872.2701,4.1717,4.1402,0.0315,7.7556,0.6409,0.6409,0.0000,11.8849,4.1660,-0.2107,3872.2701,NA,NA,NA
Code.exe,14868,0x2E094ECB090,DXGI,0,0,0,Hardware Composed: Independent Flip,3876.4418,4.1623,4.1216,0.0407,7.7488,0.4325,0.4325,0.0000,11.8792,4.1470,0.0057,3876.4418,NA,NA,NA
Code.exe,14868,0x2E094ECB090,DXGI,0,0,0,Hardware Composed: Independent Flip,3880.6041,4.0575,4.0260,0.0315,7.7548,0.4823,0.4823,0.0000,11.8639,29.2017,0.0153,3880.6041,NA,NA,NA
Code.exe,14868,0x2E094ECB090,DXGI,0,0,0,Composed: Flip,3884.6616,4.5248,4.4806,0.0442,10.7453,0.1659,0.1659,0.0000,37.0081,56.7189,-25.1442,3884.6616,NA,NA,NA
Code.exe,14868,0x2E094ECB090,DXGI,0,0,0,Composed: Flip,3899.3050,5.7404,5.5584,0.1820,37.5517,1.0603,1.0603,0.0000,79.0836,461.0824,-42.0755,3899.3050,NA,NA,NA
Code.exe,14868,0x2E094ECB090,DXGI,0,0,0,Composed: Flip,3905.0454,483.9885,483.9522,0.0363,474.6297,45.8661,12.5290,33.3371,534.4256,20.8427,-455.3420,3905.0454,NA,NA,NA
Code.exe,14868,0x2E094ECB090,DXGI,0,0,0,Composed: Flip,4389.0339,2.3444,2.2988,0.0456,42.8325,16.1202,4.1477,11.9725,71.2798,4.1489,463.1458,4389.0339,NA,NA,NA
Code.exe,14868,0x2E094ECB090,DXGI,0,0,0,Composed: Flip,4391.3783,7.3642,7.2829,0.0813,56.6083,5.1451,1.9172,3.2279,73.0843,4.1944,-1.8045,4391.3783,NA,NA,NA
Code.exe,14868,0x2E094ECB090,DXGI,0,0,0,Composed: Flip,4398.7425,30.1804,9.0341,21.1463,54.4123,5.2024,0.8463,4.3561,69.9145,8.3108,3.1698,4398.7425,NA,NA,NA
Code.exe,14868,0x2E094ECB090,DXGI,0,0,0,Composed: Flip,4428.9229,19.1304,1.5703,17.5601,29.4343,7.3945,0.6072,6.7873,48.0449,4.1653,21.8696,4428.9229,NA,NA,NA
Code.exe,14868,0x2E094ECB090,DXGI,0,0,0,Composed: Flip,4448.0533,5.1873,0.6450,4.5423,17.8267,4.0161,0.5555,3.4606,33.0798,8.4238,14.9651,4448.0533,NA,NA,NA
Code.exe,14868,0x2E094ECB090,DXGI,0,0,0,Composed: Flip,4453.2406,5.1717,0.4644,4.7073,21.4469,3.8921,0.3175,3.5746,36.3163,4.1254,-3.2365,4453.2406,NA,NA,NA
Code.exe,14868,0x2E094ECB090,DXGI,0,0,0,Composed: Flip,4458.4123,7.4697,0.7660,6.7037,23.5195,0.3420,0.3420,0.0000,35.2700,4.1059,1.0463,4458.4123,NA,NA,NA
Code.exe,14868,0x2E094ECB090,DXGI,0,0,0,Composed: Flip,4465.8820,4.0894,0.6223,3.4671,22.1618,0.1235,0.1235,0.0000,31.9062,20.8410,3.3638,4465.8820,NA,NA,NA
Code.exe,14868,0x2E094ECB090,DXGI,0,0,0,Composed: Flip,4469.9714,8.7241,0.7186,8.0055,18.1959,18.2420,0.1329,18.1091,48.6578,4.1838,-16.7516,4469.9714,NA,NA,NA
Code.exe,14868,0x2E094ECB090,DXGI,0,0,0,Composed: Flip,4478.6955,3.6585,0.7754,2.8831,31.4870,0.3115,0.3115,0.0000,44.1175,8.3202,4.5403,4478.6955,NA,NA,NA
Code.exe,14868,0x2E094ECB090,DXGI,0,0,0,Composed: Flip,4482.3540,5.9038,0.6828,5.2210,33.0909,7.2575,0.7277,6.5298,48.7792,4.1610,-4.6617,4482.3540,NA,NA,NA
Code.exe,14868,0x2E094ECB090,DXGI,0,0,0,Composed: Flip,4488.2578,18.2787,0.7983,17.4804,34.4446,0.5497,0.1833,0.3664,47.0364,4.1713,1.7428,4488.2578,NA,NA,NA
Code.exe,14868,0x2E094ECB090,DXGI,0,0,0,Composed: Flip,4506.5365,4.0149,0.6282,3.3867,21.5224,0.3329,0.3329,0.0000,32.9290,4.1479,14.1074,4506.5365,NA,NA,NA
Code.exe,14868,0x2E094ECB090,DXGI,0,0,0,Composed: Flip,4510.5514,12.2462,0.4130,11.8332,22.4061,0.1646,0.1646,0.0000,33.0620,21.0010,-0.1330,4510.5514,NA,NA,NA
