Application,ProcessID,SwapChainAddress,PresentRuntime,SyncInterval,PresentFlags,AllowsTearing,PresentMode,TimeInMs,MsBetweenSimulationStart,MsBetweenPresents,MsBetweenDisplayChange,MsInPresentAPI,MsRenderPresentLatency,MsUntilDisplayed,CPUStartTimeInMs,MsBetweenAppStart,MsCPUBusy,MsCPUWait,MsGPULatency,MsGPUTime,MsGPUBusy,MsGPUWait,MsAnimationError,AnimationTime,MsFlipDelay,MsAllInputToPhotonLatency,MsClickToPhotonLatency
dwm.exe,2532,0x0,Other,-1,0,0,Hardware: Legacy Flip,11.7274,NA,3.85880000000000,4.21670000000000,0.00000000000000,0.99230000000000,2.4178,7.8686,3.8588,3.8588,0.0000,1.8074,3.0437,1.3111,1.7326,0.9395,7.8686,NA,NA,NA
dwm.exe,2532,0x0,Other,-1,0,0,Hardware: Legacy Flip,12.8132,NA,1.08580000000000,4.15680000000000,0.00000000000000,0.87520000000000,5.4888,11.7274,1.0858,1.0858,0.0000,1.3325,0.6285,0.6285,0.0000,-0.2980,11.7274,NA,NA,NA
dwm.exe,2532,0x0,Other,-1,0,0,Hardware: Legacy Flip,15.4877,NA,2.67450000000000,4.14210000000000,0.00000000000000,0.72680000000000,6.9564,12.8132,2.6745,2.6745,0.0000,2.5440,0.8573,0.8573,0.0000,-3.0563,12.8132,NA,NA,NA
Code.exe,53416,0x267C985BC30,DXGI,0,0,0,Hardware Composed: Independent Flip,9.2516,NA,2.28620000000000,4.14200000000000,0.72000000000000,9.72830000000000,13.1928,7.0291,2.9425,2.2225,0.7200,7.3172,4.6336,1.4276,3.2060,NA,7.0291,NA,NA,NA
dwm.exe,2532,0x0,Other,-1,0,0,Hardware: Legacy Flip,20.0119,NA,4.52420000000000,4.16490000000000,0.00000000000000,0.96310000000000,6.5971,15.4877,4.5242,4.5242,0.0000,4.3872,1.1001,1.1001,0.0000,-1.4904,15.4877,NA,NA,NA
Code.exe,53416,0x267C985BC30,DXGI,0,0,0,Hardware Composed: Independent Flip,14.3706,NA,5.11900000000000,4.16480000000000,0.03590000000000,9.59390000000000,12.2386,9.9716,4.4349,4.3990,0.0359,9.0083,4.9846,1.6805,3.3041,-1.2223,9.9716,NA,NA,NA
dwm.exe,2532,0x0,Other,-1,0,0,Hardware: Legacy Flip,24.1739,NA,4.16200000000000,4.16010000000000,0.00000000000000,0.73950000000000,6.5952,20.0119,4.1620,4.1620,0.0000,4.0577,0.8438,0.8438,0.0000,0.3641,20.0119,NA,NA,NA
dwm.exe,2532,0x0,Other,-1,0,0,Hardware: Legacy Flip,28.0241,NA,3.85020000000000,4.16070000000000,0.00000000000000,1.21650000000000,6.9057,24.1739,3.8502,3.8502,0.0000,4.1919,0.8748,0.8748,0.0000,0.0013,24.1739,NA,NA,NA
dwm.exe,2532,0x0,Other,-1,0,0,Hardware: Legacy Flip,31.8810,NA,3.85690000000000,4.17740000000000,0.00000000000000,1.20590000000000,7.2262,28.0241,3.8569,3.8569,0.0000,3.7590,1.3038,1.3038,0.0000,-0.3272,28.0241,NA,NA,NA
dwm.exe,2532,0x0,Other,-1,0,0,Hardware: Legacy Flip,35.8747,NA,3.99370000000000,4.16110000000000,0.00000000000000,0.99630000000000,7.3936,31.8810,3.9937,3.9937,0.0000,3.8979,1.0921,1.0921,0.0000,-0.3042,31.8810,NA,NA,NA
dwm.exe,2532,0x0,Other,-1,0,0,Hardware: Legacy Flip,39.9036,NA,4.02890000000000,4.15910000000000,0.00000000000000,1.08690000000000,7.5238,35.8747,4.0289,4.0289,0.0000,3.9489,1.1669,1.1669,0.0000,-0.1654,35.8747,NA,NA,NA
dwm.exe,2532,0x0,Other,-1,0,0,Hardware: Legacy Flip,44.2317,NA,4.32810000000000,4.17160000000000,0.00000000000000,1.19830000000000,7.3673,39.9036,4.3281,4.3281,0.0000,4.2462,1.2802,1.2802,0.0000,-0.1427,39.9036,NA,NA,NA
dwm.exe,2532,0x0,Other,-1,0,0,Hardware: Legacy Flip,46.4685,NA,2.23680000000000,0.63090000000000,0.00000000000000,1.80890000000000,5.7614,44.2317,2.2368,2.2368,0.0000,1.4399,2.6058,2.0708,0.5350,3.6972,44.2317,NA,NA,NA
dwm.exe,2532,0x0,Other,-1,0,0,Hardware: Legacy Flip,48.2667,NA,1.79820000000000,3.53430000000000,0.00000000000000,1.10940000000000,7.4975,46.4685,1.7982,1.7982,0.0000,1.8089,1.0987,1.0987,0.0000,-1.2975,46.4685,NA,NA,NA
dwm.exe,2532,0x0,Other,-1,0,0,Hardware: Legacy Flip,52.4992,NA,4.23250000000000,4.18100000000000,0.00000000000000,1.08230000000000,7.4460,48.2667,4.2325,4.2325,0.0000,4.1477,1.1671,1.1671,0.0000,-2.3828,48.2667,NA,NA,NA
dwm.exe,2532,0x0,Other,-1,0,0,Hardware: Legacy Flip,56.6707,NA,4.17150000000000,4.14380000000000,0.00000000000000,1.16100000000000,7.4183,52.4992,4.1715,4.1715,0.0000,4.0953,1.2372,1.2372,0.0000,0.0887,52.4992,NA,NA,NA
dwm.exe,2532,0x0,Other,-1,0,0,Hardware: Legacy Flip,60.9198,NA,4.24910000000000,4.22930000000000,0.00000000000000,1.20120000000000,7.3985,56.6707,4.2491,4.2491,0.0000,4.1737,1.2766,1.2766,0.0000,-0.0578,56.6707,NA,NA,NA
dwm.exe,2532,0x0,Other,-1,0,0,Hardware: Legacy Flip,61.5376,NA,0.61780000000000,0.58830000000000,0.00000000000000,1.72010000000000,7.3690,60.9198,0.6178,0.6178,0.0000,1.2012,1.1367,1.1367,0.0000,3.6608,60.9198,NA,NA,NA
dwm.exe,2532,0x0,Other,-1,0,0,Hardware: Legacy Flip,65.5471,NA,4.00950000000000,3.54900000000000,0.00000000000000,0.84190000000000,6.9085,61.5376,4.0095,4.0095,0.0000,1.7201,3.1313,1.3178,1.8135,-2.9312,61.5376,NA,NA,NA
dwm.exe,2532,0x0,Other,-1,0,0,Hardware: Legacy Flip,69.6389,NA,4.09180000000000,4.14230000000000,0.00000000000000,0.78580000000000,6.9590,65.5471,4.0918,4.0918,0.0000,3.9924,0.8852,0.8852,0.0000,-0.1328,65.5471,NA,NA,NA
dwm.exe,2532,0x0,Other,-1,0,0,Hardware: Legacy Flip,73.3947,NA,3.75580000000000,4.15580000000000,0.00000000000000,0.96520000000000,7.3590,69.6389,3.7558,3.7558,0.0000,3.6531,1.0679,1.0679,0.0000,-0.0640,69.6389,NA,NA,NA
dwm.exe,2532,0x0,Other,-1,0,0,Hardware: Legacy Flip,77.3037,NA,3.90900000000000,4.18940000000000,0.00000000000000,0.55710000000000,7.6394,73.3947,3.9090,3.9090,0.0000,3.8308,0.6353,0.6353,0.0000,-0.4336,73.3947,NA,NA,NA
dwm.exe,2532,0x0,Other,-1,0,0,Hardware: Legacy Flip,77.8946,NA,0.59090000000000,0.60070000000000,0.00000000000000,1.88850000000000,7.6492,77.3037,0.5909,0.5909,0.0000,0.5571,1.9223,1.9223,0.0000,3.3083,77.3037,NA,NA,NA
dwm.exe,2532,0x0,Other,-1,0,0,Hardware: Legacy Flip,81.5234,NA,3.62880000000000,3.53900000000000,0.00000000000000,0.51870000000000,7.5594,77.8946,3.6288,3.6288,0.0000,1.8885,2.2590,0.6729,1.5861,-2.9481,77.8946,NA,NA,NA
dwm.exe,2532,0x0,Other,-1,0,0,Hardware: Legacy Flip,85.7492,NA,4.22580000000000,4.16980000000000,0.00000000000000,0.49920000000000,7.5034,81.5234,4.2258,4.2258,0.0000,4.1477,0.5773,0.5773,0.0000,-0.5410,81.5234,NA,NA,NA
dwm.exe,2532,0x0,Other,-1,0,0,Hardware: Legacy Flip,89.8837,NA,4.13450000000000,4.16350000000000,0.00000000000000,0.52910000000000,7.5324,85.7492,4.1345,4.1345,0.0000,4.0574,0.6062,0.6062,0.0000,0.0623,85.7492,NA,NA,NA
dwm.exe,2532,0x0,Other,-1,0,0,Hardware: Legacy Flip,94.0327,NA,4.14900000000000,4.15760000000000,0.00000000000000,0.52910000000000,7.5410,89.8837,4.1490,4.1490,0.0000,4.0803,0.5978,0.5978,0.0000,-0.0231,89.8837,NA,NA,NA
dwm.exe,2532,0x0,Other,-1,0,0,Hardware: Legacy Flip,94.4821,NA,0.44940000000000,0.64240000000000,0.00000000000000,2.98250000000000,7.7340,94.0327,0.4494,0.4494,0.0000,0.5291,2.9028,2.8955,0.0073,3.5066,94.0327,NA,NA,NA
dwm.exe,2532,0x0,Other,-1,0,0,Hardware: Legacy Flip,98.2772,NA,3.79510000000000,3.53820000000000,0.00000000000000,0.51520000000000,7.4771,94.4821,3.7951,3.7951,0.0000,2.9825,1.3278,0.8438,0.4840,-3.0888,94.4821,NA,NA,NA
dwm.exe,2532,0x0,Other,-1,0,0,Hardware: Legacy Flip,102.4538,NA,4.17660000000000,4.14880000000000,0.00000000000000,0.52460000000000,7.4493,98.2772,4.1766,4.1766,0.0000,4.0839,0.6173,0.6173,0.0000,-0.3537,98.2772,NA,NA,NA
dwm.exe,2532,0x0,Other,-1,0,0,Hardware: Legacy Flip,106.7175,NA,4.26370000000000,4.18860000000000,0.00000000000000,0.48410000000000,7.3742,102.4538,4.2637,4.2637,0.0000,4.1740,0.5738,0.5738,0.0000,-0.0120,102.4538,NA,NA,NA
dwm.exe,2532,0x0,Other,-1,0,0,Hardware: Legacy Flip,110.6477,NA,3.93020000000000,4.15680000000000,0.00000000000000,0.44640000000000,7.6008,106.7175,3.9302,3.9302,0.0000,4.0333,0.3433,0.3274,0.0159,0.1069,106.7175,NA,NA,NA
dwm.exe,2532,0x0,Other,-1,0,0,Hardware: Legacy Flip,111.1537,NA,0.50600000000000,0.65800000000000,0.00000000000000,1.36770000000000,7.7528,110.6477,0.5060,0.5060,0.0000,0.4464,1.4273,1.4273,0.0000,3.2722,110.6477,NA,NA,NA
dwm.exe,2532,0x0,Other,-1,0,0,Hardware: Legacy Flip,114.9276,NA,3.77390000000000,3.50080000000000,0.00000000000000,0.23760000000000,7.4797,111.1537,3.7739,3.7739,0.0000,1.3677,2.6438,0.6507,1.9931,-2.9948,111.1537,NA,NA,NA
dwm.exe,2532,0x0,Other,-1,0,0,Hardware: Legacy Flip,119.2398,NA,4.31220000000000,4.16760000000000,0.00000000000000,0.25810000000000,7.3351,114.9276,4.3122,4.3122,0.0000,4.2350,0.3353,0.3353,0.0000,-0.3937,114.9276,NA,NA,NA
dwm.exe,2532,0x0,Other,-1,0,0,Hardware: Legacy Flip,123.0911,NA,3.85130000000000,4.16670000000000,0.00000000000000,0.27400000000000,7.6505,119.2398,3.8513,3.8513,0.0000,3.7765,0.3488,0.3488,0.0000,0.1455,119.2398,NA,NA,NA
dwm.exe,2532,0x0,Other,-1,0,0,Hardware: Legacy Flip,127.5613,NA,4.47020000000000,4.17110000000000,0.00000000000000,0.23990000000000,7.3514,123.0911,4.4702,4.4702,0.0000,4.3668,0.3433,0.3433,0.0000,-0.3198,123.0911,NA,NA,NA
dwm.exe,2532,0x0,Other,-1,0,0,Hardware: Legacy Flip,128.1564,NA,0.59510000000000,0.64570000000000,0.00000000000000,0.33180000000000,7.4020,127.5613,0.5951,0.5951,0.0000,0.4458,0.4811,0.4811,0.0000,3.8245,127.5613,NA,NA,NA
dwm.exe,2532,0x0,Other,-1,0,0,Hardware: Legacy Flip,131.4917,NA,3.33530000000000,3.51510000000000,0.00000000000000,0.23980000000000,7.5818,128.1564,3.3353,3.3353,0.0000,0.3318,3.2433,0.4671,2.7762,-2.9200,128.1564,NA,NA,NA
dwm.exe,2532,0x0,Other,-1,0,0,Hardware: Legacy Flip,135.6367,NA,4.14500000000000,4.16420000000000,0.00000000000000,0.25100000000000,7.6010,131.4917,4.1450,4.1450,0.0000,4.0624,0.3336,0.3336,0.0000,-0.8289,131.4917,NA,NA,NA
dwm.exe,2532,0x0,Other,-1,0,0,Hardware: Legacy Flip,139.8177,NA,4.18100000000000,4.17090000000000,0.00000000000000,0.26490000000000,7.5909,135.6367,4.1810,4.1810,0.0000,4.0944,0.3515,0.3515,0.0000,-0.0259,135.6367,NA,NA,NA
dwm.exe,2532,0x0,Other,-1,0,0,Hardware: Legacy Flip,144.3120,NA,4.49430000000000,4.18570000000000,0.00000000000000,0.26200000000000,7.2823,139.8177,4.4943,4.4943,0.0000,4.3954,0.3609,0.3609,0.0000,-0.0047,139.8177,NA,NA,NA
dwm.exe,2532,0x0,Other,-1,0,0,Hardware: Legacy Flip,144.8230,NA,0.51100000000000,0.62740000000000,0.00000000000000,0.43640000000000,7.3987,144.3120,0.5110,0.5110,0.0000,0.3890,0.5584,0.5584,0.0000,3.8669,144.3120,NA,NA,NA
dwm.exe,2532,0x0,Other,-1,0,0,Hardware: Legacy Flip,148.2541,NA,3.43110000000000,3.50650000000000,0.00000000000000,0.23200000000000,7.4741,144.8230,3.4311,3.4311,0.0000,0.4364,3.2267,0.3975,2.8292,-2.9955,144.8230,NA,NA,NA
dwm.exe,2532,0x0,Other,-1,0,0,Hardware: Legacy Flip,152.4097,NA,4.15560000000000,4.17990000000000,0.00000000000000,0.23000000000000,7.4984,148.2541,4.1556,4.1556,0.0000,4.0623,0.3233,0.3233,0.0000,-0.7488,148.2541,NA,NA,NA
dwm.exe,2532,0x0,Other,-1,0,0,Hardware: Legacy Flip,156.4256,NA,4.01590000000000,4.14550000000000,0.00000000000000,0.24050000000000,7.6280,152.4097,4.0159,4.0159,0.0000,3.9464,0.3100,0.3100,0.0000,0.0101,152.4097,NA,NA,NA
dwm.exe,2532,0x0,Other,-1,0,0,Hardware: Legacy Flip,160.6451,NA,4.21950000000000,4.16390000000000,0.00000000000000,0.23490000000000,7.5724,156.4256,4.2195,4.2195,0.0000,4.1380,0.3164,0.3164,0.0000,-0.1480,156.4256,NA,NA,NA
dwm.exe,2532,0x0,Other,-1,0,0,Hardware: Legacy Flip,161.1012,NA,0.45610000000000,0.68380000000000,0.00000000000000,0.31270000000000,7.8001,160.6451,0.4561,0.4561,0.0000,0.3507,0.4181,0.4181,0.0000,3.5357,160.6451,NA,NA,NA
dwm.exe,2532,0x0,Other,-1,0,0,Hardware: Legacy Flip,164.7720,NA,3.67080000000000,3.50010000000000,0.00000000000000,0.23530000000000,7.6294,161.1012,3.6708,3.6708,0.0000,0.3127,3.5934,0.3986,3.1948,-3.0440,161.1012,NA,NA,NA
dwm.exe,2532,0x0,Other,-1,0,0,Hardware: Legacy Flip,168.9140,NA,4.14200000000000,4.15960000000000,0.00000000000000,0.31160000000000,7.6470,164.7720,4.1420,4.1420,0.0000,4.1372,0.3164,0.3164,0.0000,-0.4888,164.7720,NA,NA,NA
dwm.exe,2532,0x0,Other,-1,0,0,Hardware: Legacy Flip,173.0665,NA,4.15250000000000,4.16660000000000,0.00000000000000,0.25740000000000,7.6611,168.9140,4.1525,4.1525,0.0000,4.0798,0.3301,0.3301,0.0000,-0.0246,168.9140,NA,NA,NA
dwm.exe,2532,0x0,Other,-1,0,0,Hardware: Legacy Flip,177.3844,NA,4.31790000000000,4.16970000000000,0.00000000000000,0.25270000000000,7.5129,173.0665,4.3179,4.3179,0.0000,4.2422,0.3284,0.3284,0.0000,-0.0172,173.0665,NA,NA,NA
dwm.exe,2532,0x0,Other,-1,0,0,Hardware: Legacy Flip,177.8445,NA,0.46010000000000,0.68650000000000,0.00000000000000,0.45700000000000,7.7393,177.3844,0.4601,0.4601,0.0000,0.3369,0.5802,0.5802,0.0000,3.6314,177.3844,NA,NA,NA
dwm.exe,2532,0x0,Other,-1,0,0,Hardware: Legacy Flip,181.5825,NA,3.73800000000000,3.48180000000000,0.00000000000000,0.25720000000000,7.4831,177.8445,3.7380,3.7380,0.0000,0.4570,3.5382,0.3851,3.1531,-3.0217,177.8445,NA,NA,NA
dwm.exe,2532,0x0,Other,-1,0,0,Hardware: Legacy Flip,185.6085,NA,4.02600000000000,4.16020000000000,0.00000000000000,0.35830000000000,7.6173,181.5825,4.0260,4.0260,0.0000,4.0225,0.3618,0.3618,0.0000,-0.4222,181.5825,NA,NA,NA
dwm.exe,2532,0x0,Other,-1,0,0,Hardware: Legacy Flip,189.7849,NA,4.17640000000000,4.17240000000000,0.00000000000000,0.29440000000000,7.6133,185.6085,4.1764,4.1764,0.0000,4.1106,0.3602,0.3602,0.0000,-0.1464,185.6085,NA,NA,NA
dwm.exe,2532,0x0,Other,-1,0,0,Hardware: Legacy Flip,194.0338,NA,4.24890000000000,4.16230000000000,0.00000000000000,0.33310000000000,7.5267,189.7849,4.2489,4.2489,0.0000,4.1763,0.4057,0.3691,0.0366,0.0141,189.7849,NA,NA,NA
dwm.exe,2532,0x0,Other,-1,0,0,Hardware: Legacy Flip,194.4617,NA,0.42790000000000,0.67300000000000,0.00000000000000,2.16790000000000,7.7718,194.0338,0.4279,0.4279,0.0000,0.3331,2.2627,2.2627,0.0000,3.5759,194.0338,NA,NA,NA
dwm.exe,2532,0x0,Other,-1,0,0,Hardware: Legacy Flip,198.1213,NA,3.65960000000000,3.49130000000000,0.00000000000000,0.29660000000000,7.6035,194.4617,3.6596,3.6596,0.0000,2.1679,1.7883,0.4569,1.3314,-3.0634,194.4617,NA,NA,NA
dwm.exe,2532,0x0,Other,-1,0,0,Hardware: Legacy Flip,202.4270,NA,4.30570000000000,4.17390000000000,0.00000000000000,0.26410000000000,7.4717,198.1213,4.3057,4.3057,0.0000,4.2138,0.3560,0.3560,0.0000,-0.5143,198.1213,NA,NA,NA
dwm.exe,2532,0x0,Other,-1,0,0,Hardware: Legacy Flip,206.4608,NA,4.03380000000000,4.15710000000000,0.00000000000000,0.28520000000000,7.5950,202.4270,4.0338,4.0338,0.0000,3.9542,0.3648,0.3648,0.0000,0.1486,202.4270,NA,NA,NA
dwm.exe,2532,0x0,Other,-1,0,0,Hardware: Legacy Flip,210.6744,NA,4.21360000000000,4.16370000000000,0.00000000000000,0.28670000000000,7.5451,206.4608,4.2136,4.2136,0.0000,4.1307,0.3696,0.3696,0.0000,-0.1299,206.4608,NA,NA,NA
dwm.exe,2532,0x0,Other,-1,0,0,Hardware: Legacy Flip,211.1249,NA,0.45050000000000,0.67790000000000,0.00000000000000,0.38490000000000,7.7725,210.6744,0.4505,0.4505,0.0000,0.3564,0.4790,0.4790,0.0000,3.5357,210.6744,NA,NA,NA
dwm.exe,2532,0x0,Other,-1,0,0,Hardware: Legacy Flip,214.8009,NA,3.67600000000000,3.48680000000000,0.00000000000000,0.28370000000000,7.5833,211.1249,3.6760,3.6760,0.0000,0.3849,3.5748,0.4285,3.1463,-3.0363,211.1249,NA,NA,NA
dwm.exe,2532,0x0,Other,-1,0,0,Hardware: Legacy Flip,219.0009,NA,4.20000000000000,4.17370000000000,0.00000000000000,0.30320000000000,7.5570,214.8009,4.2000,4.2000,0.0000,4.1362,0.3670,0.3670,0.0000,-0.4977,214.8009,NA,NA,NA
dwm.exe,2532,0x0,Other,-1,0,0,Hardware: Legacy Flip,223.1567,NA,4.15580000000000,4.16910000000000,0.00000000000000,0.23490000000000,7.5703,219.0009,4.1558,4.1558,0.0000,4.0729,0.3178,0.3178,0.0000,0.0309,219.0009,NA,NA,NA
dwm.exe,2532,0x0,Other,-1,0,0,Hardware: Legacy Flip,227.3929,NA,4.23620000000000,4.15390000000000,0.00000000000000,0.35260000000000,7.4880,223.1567,4.2362,4.2362,0.0000,4.1646,0.4242,0.4070,0.0172,0.0019,223.1567,NA,NA,NA
dwm.exe,2532,0x0,Other,-1,0,0,Hardware: Legacy Flip,227.8092,NA,0.41630000000000,0.68500000000000,0.00000000000000,0.56130000000000,7.7567,227.3929,0.4163,0.4163,0.0000,0.3526,0.6250,0.6250,0.0000,3.5512,227.3929,NA,NA,NA
dwm.exe,2532,0x0,Other,-1,0,0,Hardware: Legacy Flip,231.5193,NA,3.71010000000000,3.47700000000000,0.00000000000000,0.32070000000000,7.5236,227.8092,3.7101,3.7101,0.0000,0.5613,3.4695,0.4553,3.0142,-3.0607,227.8092,NA,NA,NA
dwm.exe,2532,0x0,Other,-1,0,0,Hardware: Legacy Flip,235.6584,NA,4.13910000000000,4.17120000000000,0.00000000000000,0.30700000000000,7.5557,231.5193,4.1391,4.1391,0.0000,4.0630,0.3831,0.3831,0.0000,-0.4611,231.5193,NA,NA,NA
dwm.exe,2532,0x0,Other,-1,0,0,Hardware: Legacy Flip,239.8538,NA,4.19540000000000,4.17790000000000,0.00000000000000,0.27880000000000,7.5382,235.6584,4.1954,4.1954,0.0000,4.1287,0.3455,0.3455,0.0000,-0.0388,235.6584,NA,NA,NA
dwm.exe,2532,0x0,Other,-1,0,0,Hardware: Legacy Flip,244.1209,NA,4.26710000000000,4.15240000000000,0.00000000000000,0.34810000000000,7.4235,239.8538,4.2671,4.2671,0.0000,4.2018,0.4134,0.4070,0.0064,0.0430,239.8538,NA,NA,NA
dwm.exe,2532,0x0,Other,-1,0,0,Hardware: Legacy Flip,244.5559,NA,0.43500000000000,0.65960000000000,0.00000000000000,0.45330000000000,7.6481,244.1209,0.4350,0.4350,0.0000,0.3481,0.5402,0.5402,0.0000,3.6075,244.1209,NA,NA,NA
dwm.exe,2532,0x0,Other,-1,0,0,Hardware: Legacy Flip,248.1738,NA,3.61790000000000,3.51020000000000,0.00000000000000,0.31760000000000,7.5404,244.5559,3.6179,3.6179,0.0000,0.4533,3.4822,0.4566,3.0256,-3.0752,244.5559,NA,NA,NA
dwm.exe,2532,0x0,Other,-1,0,0,Hardware: Legacy Flip,252.3519,NA,4.17810000000000,4.16250000000000,0.00000000000000,0.30990000000000,7.5248,248.1738,4.1781,4.1781,0.0000,4.0967,0.3913,0.3913,0.0000,-0.5446,248.1738,NA,NA,NA
dwm.exe,2532,0x0,Other,-1,0,0,Hardware: Legacy Flip,256.4484,NA,4.09650000000000,4.16000000000000,0.00000000000000,0.27420000000000,7.5883,252.3519,4.0965,4.0965,0.0000,4.0162,0.3545,0.3545,0.0000,0.0181,252.3519,NA,NA,NA
dwm.exe,2532,0x0,Other,-1,0,0,Hardware: Legacy Flip,260.6596,NA,4.21120000000000,4.18810000000000,0.00000000000000,0.32950000000000,7.5652,256.4484,4.2112,4.2112,0.0000,4.1376,0.4031,0.3703,0.0328,-0.0916,256.4484,NA,NA,NA
dwm.exe,2532,0x0,Other,-1,0,0,Hardware: Legacy Flip,261.0665,NA,0.40690000000000,0.67080000000000,0.00000000000000,0.34270000000000,7.8291,260.6596,0.4069,0.4069,0.0000,0.3295,0.4201,0.4201,0.0000,3.5404,260.6596,NA,NA,NA
dwm.exe,2532,0x0,Other,-1,0,0,Hardware: Legacy Flip,264.7316,NA,3.66510000000000,3.47450000000000,0.00000000000000,0.29050000000000,7.6385,261.0665,3.6651,3.6651,0.0000,0.3427,3.6129,0.4091,3.2038,-3.0676,261.0665,NA,NA,NA
dwm.exe,2532,0x0,Other,-1,0,0,Hardware: Legacy Flip,268.9958,NA,4.26420000000000,4.15970000000000,0.00000000000000,0.59190000000000,7.5340,264.7316,4.2642,4.2642,0.0000,4.5165,0.3396,0.3396,0.0000,-0.4946,264.7316,NA,NA,NA
dwm.exe,2532,0x0,Other,-1,0,0,Hardware: Legacy Flip,273.1214,NA,4.12560000000000,4.18630000000000,0.00000000000000,0.31360000000000,7.5947,268.9958,4.1256,4.1256,0.0000,4.0606,0.3786,0.3786,0.0000,0.0779,268.9958,NA,NA,NA
dwm.exe,2532,0x0,Other,-1,0,0,Hardware: Legacy Flip,277.2570,NA,4.13560000000000,4.14590000000000,0.00000000000000,0.33350000000000,7.6050,273.1214,4.1356,4.1356,0.0000,4.0633,0.4058,0.4058,0.0000,-0.0203,273.1214,NA,NA,NA
dwm.exe,2532,0x0,Other,-1,0,0,Hardware: Legacy Flip,277.6420,NA,0.38500000000000,0.69720000000000,0.00000000000000,0.46330000000000,7.9172,277.2570,0.3850,0.3850,0.0000,0.3335,0.5148,0.5148,0.0000,3.4384,277.2570,NA,NA,NA
dwm.exe,2532,0x0,Other,-1,0,0,Hardware: Legacy Flip,281.4622,NA,3.82020000000000,3.48250000000000,0.00000000000000,0.31720000000000,7.5795,277.6420,3.8202,3.8202,0.0000,0.4633,3.6741,0.4578,3.2163,-3.0975,277.6420,NA,NA,NA
dwm.exe,2532,0x0,Other,-1,0,0,Hardware: Legacy Flip,285.7925,NA,4.33030000000000,4.16170000000000,0.00000000000000,0.29320000000000,7.4109,281.4622,4.3303,4.3303,0.0000,4.2382,0.3853,0.3853,0.0000,-0.3415,281.4622,NA,NA,NA
dwm.exe,2532,0x0,Other,-1,0,0,Hardware: Legacy Flip,290.0755,NA,4.28300000000000,4.17360000000000,0.00000000000000,0.28450000000000,7.3015,285.7925,4.2830,4.2830,0.0000,4.1818,0.3857,0.3857,0.0000,0.1567,285.7925,NA,NA,NA
dwm.exe,2532,0x0,Other,-1,0,0,Hardware: Legacy Flip,294.1388,NA,4.06330000000000,4.14840000000000,0.00000000000000,0.28040000000000,7.3866,290.0755,4.0633,4.0633,0.0000,3.9627,0.3810,0.3810,0.0000,0.1346,290.0755,NA,NA,NA
dwm.exe,2532,0x0,Other,-1,0,0,Hardware: Legacy Flip,294.7033,NA,0.56450000000000,0.71360000000000,0.00000000000000,0.27020000000000,7.5357,294.1388,0.5645,0.5645,0.0000,0.4187,0.4160,0.4160,0.0000,3.3497,294.1388,NA,NA,NA
dwm.exe,2532,0x0,Other,-1,0,0,Hardware: Legacy Flip,298.2896,NA,3.58630000000000,3.46870000000000,0.00000000000000,0.30350000000000,7.4181,294.7033,3.5863,3.5863,0.0000,0.2702,3.6196,0.4435,3.1761,-2.9042,294.7033,NA,NA,NA
dwm.exe,2532,0x0,Other,-1,0,0,Hardware: Legacy Flip,302.4325,NA,4.14290000000000,4.15130000000000,0.00000000000000,0.30380000000000,7.4265,298.2896,4.1429,4.1429,0.0000,4.0594,0.3873,0.3873,0.0000,-0.5650,298.2896,NA,NA,NA
dwm.exe,2532,0x0,Other,-1,0,0,Hardware: Legacy Flip,306.5676,NA,4.13510000000000,4.16590000000000,0.00000000000000,0.29210000000000,7.4573,302.4325,4.1351,4.1351,0.0000,4.0434,0.3838,0.3838,0.0000,-0.0230,302.4325,NA,NA,NA
dwm.exe,2532,0x0,Other,-1,0,0,Hardware: Legacy Flip,310.7179,NA,4.15030000000000,4.17330000000000,0.00000000000000,0.30760000000000,7.4803,306.5676,4.1503,4.1503,0.0000,4.0669,0.3910,0.3910,0.0000,-0.0382,306.5676,NA,NA,NA
dwm.exe,2532,0x0,Other,-1,0,0,Hardware: Legacy Flip,311.2679,NA,0.55000000000000,0.68370000000000,0.00000000000000,5.41760000000000,7.6140,310.7179,0.5500,0.5500,0.0000,4.3693,1.5983,1.5920,0.0063,3.4666,310.7179,NA,NA,NA
dwm.exe,2532,0x0,Other,-1,0,0,Hardware: Legacy Flip,314.7474,NA,3.47950000000000,3.47950000000000,0.00000000000000,0.33980000000000,7.6140,311.2679,3.4795,3.4795,0.0000,0.0000,3.9701,3.9701,0.0000,-2.9295,311.2679,NA,NA,NA
dwm.exe,2532,0x0,Other,-1,0,0,Hardware: Legacy Flip,319.0148,NA,4.26740000000000,4.16140000000000,0.00000000000000,0.30600000000000,7.5080,314.7474,4.2674,4.2674,0.0000,1.9381,2.6353,0.5096,2.1257,-0.6819,314.7474,NA,NA,NA
dwm.exe,2532,0x0,Other,-1,0,0,Hardware: Legacy Flip,323.0946,NA,4.07980000000000,4.15480000000000,0.00000000000000,0.31190000000000,7.5830,319.0148,4.0798,4.0798,0.0000,4.0022,0.3895,0.3895,0.0000,0.1126,319.0148,NA,NA,NA
dwm.exe,2532,0x0,Other,-1,0,0,Hardware: Legacy Flip,327.2771,NA,4.18250000000000,4.18670000000000,0.00000000000000,0.36160000000000,7.5872,323.0946,4.1825,4.1825,0.0000,4.1130,0.4311,0.3992,0.0319,-0.1069,323.0946,NA,NA,NA
dwm.exe,2532,0x0,Other,-1,0,0,Hardware: Legacy Flip,327.7306,NA,0.45350000000000,0.69400000000000,0.00000000000000,0.43410000000000,7.8277,327.2771,0.4535,0.4535,0.0000,0.3616,0.5260,0.5260,0.0000,3.4885,327.2771,NA,NA,NA
dwm.exe,2532,0x0,Other,-1,0,0,Hardware: Legacy Flip,331.4278,NA,3.69720000000000,3.47300000000000,0.00000000000000,0.29950000000000,7.6035,327.7306,3.6972,3.6972,0.0000,0.4341,3.5626,0.4461,3.1165,-3.0195,327.7306,NA,NA,NA
dwm.exe,2532,0x0,Other,-1,0,0,Hardware: Legacy Flip,335.6799,NA,4.25210000000000,4.16380000000000,0.00000000000000,0.32280000000000,7.5152,331.4278,4.2521,4.2521,0.0000,4.1778,0.3971,0.3971,0.0000,-0.4666,331.4278,NA,NA,NA
dwm.exe,2532,0x0,Other,-1,0,0,Hardware: Legacy Flip,339.8653,NA,4.18540000000000,4.15990000000000,0.00000000000000,0.35860000000000,7.4897,335.6799,4.1854,4.1854,0.0000,4.1205,0.4235,0.4235,0.0000,0.0922,335.6799,NA,NA,NA
dwm.exe,2532,0x0,Other,-1,0,0,Hardware: Legacy Flip,343.9468,NA,4.08150000000000,4.15700000000000,0.00000000000000,0.38300000000000,7.5652,339.8653,4.0815,4.0815,0.0000,4.0102,0.4543,0.4543,0.0000,0.0284,339.8653,NA,NA,NA
dwm.exe,2532,0x0,Other,-1,0,0,Hardware: Legacy Flip,344.3629,NA,0.41610000000000,0.74170000000000,0.00000000000000,0.43880000000000,7.8908,343.9468,0.4161,0.4161,0.0000,0.3830,0.4719,0.4719,0.0000,3.3398,343.9468,NA,NA,NA
dwm.exe,2532,0x0,Other,-1,0,0,Hardware: Legacy Flip,348.5226,NA,4.15970000000000,3.43910000000000,0.00000000000000,0.28790000000000,7.1702,344.3629,4.1597,4.1597,0.0000,0.4388,4.0088,0.4608,3.5480,-3.0230,344.3629,NA,NA,NA
dwm.exe,2532,0x0,Other,-1,0,0,Hardware: Legacy Flip,352.4560,NA,3.93340000000000,4.16910000000000,0.00000000000000,0.36270000000000,7.4059,348.5226,3.9334,3.9334,0.0000,3.8572,0.4389,0.4389,0.0000,-0.0094,348.5226,NA,NA,NA
dwm.exe,2532,0x0,Other,-1,0,0,Hardware: Legacy Flip,356.4543,NA,3.99830000000000,4.15840000000000,0.00000000000000,0.39860000000000,7.5660,352.4560,3.9983,3.9983,0.0000,3.9248,0.4721,0.4721,0.0000,-0.2250,352.4560,NA,NA,NA
dwm.exe,2532,0x0,Other,-1,0,0,Hardware: Legacy Flip,360.6486,NA,4.19430000000000,4.15690000000000,0.00000000000000,0.48940000000000,7.5286,356.4543,4.1943,4.1943,0.0000,4.1176,0.5661,0.5661,0.0000,-0.1586,356.4543,NA,NA,NA
dwm.exe,2532,0x0,Other,-1,0,0,Hardware: Legacy Flip,361.1644,NA,0.51580000000000,0.73420000000000,0.00000000000000,0.33820000000000,7.7470,360.6486,0.5158,0.5158,0.0000,0.4894,0.3646,0.3646,0.0000,3.4601,360.6486,NA,NA,NA
dwm.exe,2532,0x0,Other,-1,0,0,Hardware: Legacy Flip,364.8152,NA,3.65080000000000,3.43130000000000,0.00000000000000,0.32590000000000,7.5275,361.1644,3.6508,3.6508,0.0000,0.3382,3.6385,0.4833,3.1552,-2.9155,361.1644,NA,NA,NA
dwm.exe,2532,0x0,Other,-1,0,0,Hardware: Legacy Flip,369.0267,NA,4.21150000000000,4.17520000000000,0.00000000000000,0.36210000000000,7.4912,364.8152,4.2115,4.2115,0.0000,4.1337,0.4399,0.4399,0.0000,-0.5244,364.8152,NA,NA,NA
dwm.exe,2532,0x0,Other,-1,0,0,Hardware: Legacy Flip,373.1086,NA,4.08190000000000,4.15570000000000,0.00000000000000,0.30120000000000,7.5650,369.0267,4.0819,4.0819,0.0000,4.0173,0.3658,0.3658,0.0000,0.0558,369.0267,NA,NA,NA
dwm.exe,2532,0x0,Other,-1,0,0,Hardware: Legacy Flip,377.2699,NA,4.16130000000000,4.16900000000000,0.00000000000000,0.25490000000000,7.5727,373.1086,4.1613,4.1613,0.0000,4.0768,0.3394,0.3394,0.0000,-0.0871,373.1086,NA,NA,NA
dwm.exe,2532,0x0,Other,-1,0,0,Hardware: Legacy Flip,377.7480,NA,0.47810000000000,0.74450000000000,0.00000000000000,0.47130000000000,7.8391,377.2699,0.4781,0.4781,0.0000,0.3557,0.5937,0.5937,0.0000,3.4168,377.2699,NA,NA,NA
dwm.exe,2532,0x0,Other,-1,0,0,Hardware: Legacy Flip,381.3471,NA,3.59910000000000,3.42920000000000,0.00000000000000,0.25970000000000,7.6692,377.7480,3.5991,3.5991,0.0000,0.4713,3.3875,0.3363,3.0512,-2.9511,377.7480,NA,NA,NA
dwm.exe,2532,0x0,Other,-1,0,0,Hardware: Legacy Flip,385.5385,NA,4.19140000000000,4.16820000000000,0.00000000000000,0.25240000000000,7.6460,381.3471,4.1914,4.1914,0.0000,4.1260,0.3178,0.3178,0.0000,-0.5691,381.3471,NA,NA,NA
dwm.exe,2532,0x0,Other,-1,0,0,Hardware: Legacy Flip,389.7110,NA,4.17250000000000,4.16070000000000,0.00000000000000,0.24170000000000,7.6342,385.5385,4.1725,4.1725,0.0000,4.0944,0.3198,0.3198,0.0000,0.0307,385.5385,NA,NA,NA
dwm.exe,2532,0x0,Other,-1,0,0,Hardware: Legacy Flip,393.7982,NA,4.08720000000000,4.16370000000000,0.00000000000000,0.20040000000000,7.7107,389.7110,4.0872,4.0872,0.0000,4.0080,0.2796,0.2796,0.0000,0.0088,389.7110,NA,NA,NA
dwm.exe,2532,0x0,Other,-1,0,0,Hardware: Legacy Flip,394.2199,NA,0.42170000000000,0.72290000000000,0.00000000000000,2.26830000000000,8.0119,393.7982,0.4217,0.4217,0.0000,0.3100,2.3800,2.3800,0.0000,3.3643,393.7982,NA,NA,NA
dwm.exe,2532,0x0,Other,-1,0,0,Hardware: Legacy Flip,397.9444,NA,3.72450000000000,3.43910000000000,0.00000000000000,0.20620000000000,7.7265,394.2199,3.7245,3.7245,0.0000,2.2683,1.6624,0.2776,1.3848,-3.0174,394.2199,NA,NA,NA
dwm.exe,2532,0x0,Other,-1,0,0,Hardware: Legacy Flip,402.1459,NA,4.20150000000000,4.18600000000000,0.00000000000000,0.18870000000000,7.7110,397.9444,4.2015,4.2015,0.0000,4.1263,0.2639,0.2639,0.0000,-0.4615,397.9444,NA,NA,NA
dwm.exe,2532,0x0,Other,-1,0,0,Hardware: Legacy Flip,406.2726,NA,4.12670000000000,4.15140000000000,0.00000000000000,0.20580000000000,7.7357,402.1459,4.1267,4.1267,0.0000,4.0672,0.2653,0.2653,0.0000,0.0501,402.1459,NA,NA,NA
dwm.exe,2532,0x0,Other,-1,0,0,Hardware: Legacy Flip,410.4512,NA,4.17860000000000,4.17240000000000,0.00000000000000,0.22790000000000,7.7295,406.2726,4.1786,4.1786,0.0000,4.1108,0.2957,0.2957,0.0000,-0.0457,406.2726,NA,NA,NA
dwm.exe,2532,0x0,Other,-1,0,0,Hardware: Legacy Flip,410.7467,NA,0.29550000000000,0.72370000000000,0.00000000000000,0.39470000000000,8.1577,410.4512,0.2955,0.2955,0.0000,0.2279,0.4623,0.4623,0.0000,3.4549,410.4512,NA,NA,NA
dwm.exe,2532,0x0,Other,-1,0,0,Hardware: Legacy Flip,414.5797,NA,3.83300000000000,3.44410000000000,0.00000000000000,0.19310000000000,7.7688,410.7467,3.8330,3.8330,0.0000,0.3947,3.6314,0.3341,3.2973,-3.1486,410.7467,NA,NA,NA
dwm.exe,2532,0x0,Other,-1,0,0,Hardware: Legacy Flip,418.8512,NA,4.27150000000000,4.14190000000000,0.00000000000000,0.17060000000000,7.6392,414.5797,4.2715,4.2715,0.0000,4.1975,0.2446,0.2446,0.0000,-0.3089,414.5797,NA,NA,NA
dwm.exe,2532,0x0,Other,-1,0,0,Hardware: Legacy Flip,422.9747,NA,4.12350000000000,4.18120000000000,0.00000000000000,0.18250000000000,7.6969,418.8512,4.1235,4.1235,0.0000,4.0537,0.2523,0.2523,0.0000,0.0903,418.8512,NA,NA,NA
dwm.exe,2532,0x0,Other,-1,0,0,Hardware: Legacy Flip,427.1990,NA,4.22430000000000,4.15790000000000,0.00000000000000,0.16680000000000,7.6305,422.9747,4.2243,4.2243,0.0000,4.1334,0.2577,0.2577,0.0000,-0.0344,422.9747,NA,NA,NA
dwm.exe,2532,0x0,Other,-1,0,0,Hardware: Legacy Flip,427.5222,NA,0.32320000000000,0.72010000000000,0.00000000000000,0.39910000000000,8.0274,427.1990,0.3232,0.3232,0.0000,0.2268,0.4955,0.4955,0.0000,3.5042,427.1990,NA,NA,NA
dwm.exe,2532,0x0,Other,-1,0,0,Hardware: Legacy Flip,431.3714,NA,3.84920000000000,3.44500000000000,0.00000000000000,0.17440000000000,7.6232,427.5222,3.8492,3.8492,0.0000,0.3991,3.6245,0.3227,3.3018,-3.1218,427.5222,NA,NA,NA
dwm.exe,2532,0x0,Other,-1,0,0,Hardware: Legacy Flip,435.4143,NA,4.04290000000000,4.17040000000000,0.00000000000000,0.18900000000000,7.7507,431.3714,4.0429,4.0429,0.0000,3.9647,0.2672,0.2672,0.0000,-0.3212,431.3714,NA,NA,NA
dwm.exe,2532,0x0,Other,-1,0,0,Hardware: Legacy Flip,439.5468,NA,4.13250000000000,4.16300000000000,0.00000000000000,0.42160000000000,7.7812,435.4143,4.1325,4.1325,0.0000,4.3269,0.2272,0.2272,0.0000,-0.1201,435.4143,NA,NA,NA
dwm.exe,2532,0x0,Other,-1,0,0,Hardware: Legacy Flip,443.8094,NA,4.26260000000000,4.16340000000000,0.00000000000000,0.25590000000000,7.6820,439.5468,4.2626,4.2626,0.0000,4.1933,0.3252,0.3252,0.0000,-0.0309,439.5468,NA,NA,NA
dwm.exe,2532,0x0,Other,-1,0,0,Hardware: Legacy Flip,444.1162,NA,0.30680000000000,0.72340000000000,0.00000000000000,0.23260000000000,8.0986,443.8094,0.3068,0.3068,0.0000,0.2559,0.2835,0.2835,0.0000,3.5392,443.8094,NA,NA,NA
dwm.exe,2532,0x0,Other,-1,0,0,Hardware: Legacy Flip,447.9511,NA,3.83490000000000,3.44030000000000,0.00000000000000,0.21140000000000,7.7040,444.1162,3.8349,3.8349,0.0000,0.2326,3.8137,0.3657,3.4480,-3.1335,444.1162,NA,NA,NA
dwm.exe,2532,0x0,Other,-1,0,0,Hardware: Legacy Flip,452.0747,NA,4.12360000000000,4.17520000000000,0.00000000000000,0.20730000000000,7.7556,447.9511,4.1236,4.1236,0.0000,4.0421,0.2888,0.2888,0.0000,-0.3403,447.9511,NA,NA,NA
dwm.exe,2532,0x0,Other,-1,0,0,Hardware: Legacy Flip,456.2066,NA,4.13190000000000,4.16190000000000,0.00000000000000,0.18740000000000,7.7856,452.0747,4.1319,4.1319,0.0000,4.0670,0.2523,0.2523,0.0000,-0.0383,452.0747,NA,NA,NA
dwm.exe,2532,0x0,Other,-1,0,0,Hardware: Legacy Flip,460.3509,NA,4.14430000000000,4.16520000000000,0.00000000000000,0.22080000000000,7.8065,456.2066,4.1443,4.1443,0.0000,4.0783,0.2868,0.2868,0.0000,-0.0333,456.2066,NA,NA,NA
dwm.exe,2532,0x0,Other,-1,0,0,Hardware: Legacy Flip,460.6062,NA,0.25530000000000,0.73250000000000,0.00000000000000,0.40450000000000,8.2837,460.3509,0.2553,0.2553,0.0000,0.2208,0.4390,0.4390,0.0000,3.4118,460.3509,NA,NA,NA
dwm.exe,2532,0x0,Other,-1,0,0,Hardware: Legacy Flip,464.5026,NA,3.89640000000000,3.43610000000000,0.00000000000000,0.18760000000000,7.8234,460.6062,3.8964,3.8964,0.0000,0.4045,3.6795,0.3556,3.3239,-3.1808,460.6062,NA,NA,NA
dwm.exe,2532,0x0,Other,-1,0,0,Hardware: Legacy Flip,468.7404,NA,4.23780000000000,4.15900000000000,0.00000000000000,0.40620000000000,7.7446,464.5026,4.2378,4.2378,0.0000,4.4275,0.2165,0.2165,0.0000,-0.2626,464.5026,NA,NA,NA
dwm.exe,2532,0x0,Other,-1,0,0,Hardware: Legacy Flip,473.1316,NA,4.39120000000000,4.18080000000000,0.00000000000000,0.19640000000000,7.5342,468.7404,4.3912,4.3912,0.0000,4.3298,0.2578,0.2578,0.0000,0.0570,468.7404,NA,NA,NA
dwm.exe,2532,0x0,Other,-1,0,0,Hardware: Legacy Flip,476.9886,NA,3.85700000000000,4.15280000000000,0.00000000000000,0.21310000000000,7.8300,473.1316,3.8570,3.8570,0.0000,3.7921,0.2780,0.2780,0.0000,0.2384,473.1316,NA,NA,NA
dwm.exe,2532,0x0,Other,-1,0,0,Hardware: Legacy Flip,477.2384,NA,0.24980000000000,0.74040000000000,0.00000000000000,0.43450000000000,8.3206,476.9886,0.2498,0.2498,0.0000,0.2131,0.4712,0.4712,0.0000,3.1166,476.9886,NA,NA,NA
dwm.exe,2532,0x0,Other,-1,0,0,Hardware: Legacy Flip,481.2637,NA,4.02530000000000,3.41730000000000,0.00000000000000,0.17700000000000,7.7126,477.2384,4.0253,4.0253,0.0000,0.4345,3.7678,0.3084,3.4594,-3.1675,477.2384,NA,NA,NA
dwm.exe,2532,0x0,Other,-1,0,0,Hardware: Legacy Flip,485.4032,NA,4.13950000000000,4.17120000000000,0.00000000000000,0.29490000000000,7.7443,481.2637,4.1395,4.1395,0.0000,4.2595,0.1749,0.1749,0.0000,-0.1459,481.2637,NA,NA,NA
dwm.exe,2532,0x0,Other,-1,0,0,Hardware: Legacy Flip,489.4832,NA,4.08000000000000,4.17030000000000,0.00000000000000,0.16020000000000,7.8346,485.4032,4.0800,4.0800,0.0000,4.0103,0.2299,0.2299,0.0000,-0.0308,485.4032,NA,NA,NA
dwm.exe,2532,0x0,Other,-1,0,0,Hardware: Legacy Flip,493.6495,NA,4.16630000000000,4.16920000000000,0.00000000000000,0.20490000000000,7.8375,489.4832,4.1663,4.1663,0.0000,4.0988,0.2724,0.2724,0.0000,-0.0892,489.4832,NA,NA,NA
dwm.exe,2532,0x0,Other,-1,0,0,Hardware: Legacy Flip,493.9053,NA,0.25580000000000,0.71890000000000,0.00000000000000,4.48660000000000,8.3006,493.6495,0.2558,0.2558,0.0000,4.4810,0.2614,0.2614,0.0000,3.4474,493.6495,NA,NA,NA
dwm.exe,2532,0x0,Other,-1,0,0,Hardware: Legacy Flip,497.8946,NA,3.98930000000000,3.44420000000000,0.00000000000000,0.23590000000000,7.7555,493.9053,3.9893,3.9893,0.0000,0.0000,4.2761,4.2761,0.0000,-3.1884,493.9053,NA,NA,NA
dwm.exe,2532,0x0,Other,-1,0,0,Hardware: Legacy Flip,501.9845,NA,4.08990000000000,4.16580000000000,0.00000000000000,0.14520000000000,7.8314,497.8946,4.0899,4.0899,0.0000,0.4973,3.7378,0.2817,3.4561,-0.1765,497.8946,NA,NA,NA
dwm.exe,2532,0x0,Other,-1,0,0,Hardware: Legacy Flip,506.1672,NA,4.18270000000000,4.16340000000000,0.00000000000000,0.16070000000000,7.8121,501.9845,4.1827,4.1827,0.0000,4.1187,0.2247,0.2247,0.0000,-0.0735,501.9845,NA,NA,NA
dwm.exe,2532,0x0,Other,-1,0,0,Hardware: Legacy Flip,510.4025,NA,4.23530000000000,4.15810000000000,0.00000000000000,0.19200000000000,7.7349,506.1672,4.2353,4.2353,0.0000,4.1735,0.2538,0.2538,0.0000,0.0246,506.1672,NA,NA,NA
dwm.exe,2532,0x0,Other,-1,0,0,Hardware: Legacy Flip,510.6545,NA,0.25200000000000,0.82390000000000,0.00000000000000,0.18390000000000,8.3068,510.4025,0.2520,0.2520,0.0000,0.1920,0.2439,0.2439,0.0000,3.4114,510.4025,NA,NA,NA
dwm.exe,2532,0x0,Other,-1,0,0,Hardware: Legacy Flip,514.5030,NA,3.84850000000000,3.35260000000000,0.00000000000000,0.15290000000000,7.8109,510.6545,3.8485,3.8485,0.0000,0.1839,3.8175,0.3035,3.5140,-3.1006,510.6545,NA,NA,NA
dwm.exe,2532,0x0,Other,-1,0,0,Hardware: Legacy Flip,518.7455,NA,4.24250000000000,4.16530000000000,0.00000000000000,0.18720000000000,7.7337,514.5030,4.2425,4.2425,0.0000,4.1808,0.2489,0.2489,0.0000,-0.3168,514.5030,NA,NA,NA
dwm.exe,2532,0x0,Other,-1,0,0,Hardware: Legacy Flip,522.9781,NA,4.23260000000000,4.15300000000000,0.00000000000000,0.16830000000000,7.6541,518.7455,4.2326,4.2326,0.0000,4.1652,0.2357,0.2357,0.0000,0.0895,518.7455,NA,NA,NA
dwm.exe,2532,0x0,Other,-1,0,0,Hardware: Legacy Flip,526.9798,NA,4.00170000000000,4.17860000000000,0.00000000000000,0.29980000000000,7.8310,522.9781,4.0017,4.0017,0.0000,4.0295,0.2720,0.2720,0.0000,0.0540,522.9781,NA,NA,NA
dwm.exe,2532,0x0,Other,-1,0,0,Hardware: Legacy Flip,527.2286,NA,0.24880000000000,0.73880000000000,0.00000000000000,0.36310000000000,8.3210,526.9798,0.2488,0.2488,0.0000,0.2998,0.3121,0.3121,0.0000,3.2629,526.9798,NA,NA,NA
dwm.exe,2532,0x0,Other,-1,0,0,Hardware: Legacy Flip,531.1258,NA,3.89720000000000,3.42330000000000,0.00000000000000,0.17680000000000,7.8471,527.2286,3.8972,3.8972,0.0000,0.3631,3.7109,0.3212,3.3897,-3.1745,527.2286,NA,NA,NA
dwm.exe,2532,0x0,Other,-1,0,0,Hardware: Legacy Flip,535.2997,NA,4.17390000000000,4.16450000000000,0.00000000000000,0.15810000000000,7.8377,531.1258,4.1739,4.1739,0.0000,4.0951,0.2369,0.2369,0.0000,-0.2673,531.1258,NA,NA,NA
dwm.exe,2532,0x0,Other,-1,0,0,Hardware: Legacy Flip,539.4698,NA,4.17010000000000,4.16180000000000,0.00000000000000,0.18510000000000,7.8294,535.2997,4.1701,4.1701,0.0000,4.1066,0.2486,0.2486,0.0000,0.0121,535.2997,NA,NA,NA
dwm.exe,2532,0x0,Other,-1,0,0,Hardware: Legacy Flip,543.6311,NA,4.16130000000000,4.17160000000000,0.00000000000000,0.19980000000000,7.8397,539.4698,4.1613,4.1613,0.0000,4.0854,0.2757,0.2757,0.0000,-0.0015,539.4698,NA,NA,NA
dwm.exe,2532,0x0,Other,-1,0,0,Hardware: Legacy Flip,543.9422,NA,0.31110000000000,0.76280000000000,0.00000000000000,0.33590000000000,8.2914,543.6311,0.3111,0.3111,0.0000,0.1998,0.4472,0.4472,0.0000,3.3985,543.6311,NA,NA,NA
dwm.exe,2532,0x0,Other,-1,0,0,Hardware: Legacy Flip,547.7824,NA,3.84020000000000,3.40530000000000,0.00000000000000,0.12190000000000,7.8565,543.9422,3.8402,3.8402,0.0000,0.3359,3.6262,0.2768,3.3494,-3.0942,543.9422,NA,NA,NA
dwm.exe,2532,0x0,Other,-1,0,0,Hardware: Legacy Flip,551.9578,NA,4.17540000000000,4.16840000000000,0.00000000000000,0.15100000000000,7.8495,547.7824,4.1754,4.1754,0.0000,4.0987,0.2277,0.2277,0.0000,-0.3282,547.7824,NA,NA,NA
dwm.exe,2532,0x0,Other,-1,0,0,Hardware: Legacy Flip,556.1258,NA,4.16800000000000,4.17360000000000,0.00000000000000,0.17410000000000,7.8551,551.9578,4.1680,4.1680,0.0000,4.0996,0.2425,0.2425,0.0000,0.0018,551.9578,NA,NA,NA
dwm.exe,2532,0x0,Other,-1,0,0,Hardware: Legacy Flip,560.3418,NA,4.21600000000000,4.15550000000000,0.00000000000000,0.21610000000000,7.7946,556.1258,4.2160,4.2160,0.0000,4.1494,0.2827,0.2827,0.0000,0.0125,556.1258,NA,NA,NA
dwm.exe,2532,0x0,Other,-1,0,0,Hardware: Legacy Flip,560.5870,NA,0.24520000000000,0.74710000000000,0.00000000000000,0.42890000000000,8.2965,560.3418,0.2452,0.2452,0.0000,0.2161,0.4580,0.4580,0.0000,3.4689,560.3418,NA,NA,NA
dwm.exe,2532,0x0,Other,-1,0,0,Hardware: Legacy Flip,564.4654,NA,3.87840000000000,3.41100000000000,0.00000000000000,0.08510000000000,7.8291,560.5870,3.8784,3.8784,0.0000,0.4289,3.5346,0.2152,3.3194,-3.1658,560.5870,NA,NA,NA
dwm.exe,2532,0x0,Other,-1,0,0,Hardware: Legacy Flip,568.6319,NA,4.16650000000000,4.15910000000000,0.00000000000000,0.15650000000000,7.8217,564.4654,4.1665,4.1665,0.0000,4.0925,0.2305,0.2305,0.0000,-0.2807,564.4654,NA,NA,NA
dwm.exe,2532,0x0,Other,-1,0,0,Hardware: Legacy Flip,572.7613,NA,4.12940000000000,4.16470000000000,0.00000000000000,0.17270000000000,7.8570,568.6319,4.1294,4.1294,0.0000,4.0537,0.2484,0.2484,0.0000,0.0018,568.6319,NA,NA,NA
dwm.exe,2532,0x0,Other,-1,0,0,Hardware: Legacy Flip,576.9582,NA,4.19690000000000,4.18040000000000,0.00000000000000,0.35260000000000,7.8405,572.7613,4.1969,4.1969,0.0000,4.2657,0.2838,0.2838,0.0000,-0.0510,572.7613,NA,NA,NA
dwm.exe,2532,0x0,Other,-1,0,0,Hardware: Legacy Flip,577.2107,NA,0.25250000000000,0.77030000000000,0.00000000000000,0.39420000000000,8.3583,576.9582,0.2525,0.2525,0.0000,0.3526,0.2941,0.2941,0.0000,3.4266,576.9582,NA,NA,NA
dwm.exe,2532,0x0,Other,-1,0,0,Hardware: Legacy Flip,581.1340,NA,3.92330000000000,3.39200000000000,0.00000000000000,0.14910000000000,7.8270,577.2107,3.9233,3.9233,0.0000,0.3942,3.6782,0.2928,3.3854,-3.1395,577.2107,NA,NA,NA
dwm.exe,2532,0x0,Other,-1,0,0,Hardware: Legacy Flip,585.3460,NA,4.21200000000000,4.15490000000000,0.00000000000000,0.14050000000000,7.7699,581.1340,4.2120,4.2120,0.0000,4.1416,0.2109,0.2109,0.0000,-0.2316,581.1340,NA,NA,NA
dwm.exe,2532,0x0,Other,-1,0,0,Hardware: Legacy Flip,589.5126,NA,4.16660000000000,4.19350000000000,0.00000000000000,0.14540000000000,7.7968,585.3460,4.1666,4.1666,0.0000,4.0971,0.2149,0.2149,0.0000,0.0185,585.3460,NA,NA,NA
dwm.exe,2532,0x0,Other,-1,0,0,Hardware: Legacy Flip,593.6195,NA,4.10690000000000,4.14930000000000,0.00000000000000,0.16050000000000,7.8392,589.5126,4.1069,4.1069,0.0000,4.0356,0.2318,0.2318,0.0000,0.0173,589.5126,NA,NA,NA
dwm.exe,2532,0x0,Other,-1,0,0,Hardware: Legacy Flip,593.8374,NA,0.21790000000000,0.76620000000000,0.00000000000000,2.61120000000000,8.3875,593.6195,0.2179,0.2179,0.0000,0.1605,2.6686,2.6686,0.0000,3.3407,593.6195,NA,NA,NA
dwm.exe,2532,0x0,Other,-1,0,0,Hardware: Legacy Flip,597.8189,NA,3.98150000000000,3.39930000000000,0.00000000000000,0.13520000000000,7.8053,593.8374,3.9815,3.9815,0.0000,2.6112,1.5055,0.3079,1.1976,-3.1814,593.8374,NA,NA,NA
dwm.exe,2532,0x0,Other,-1,0,0,Hardware: Legacy Flip,601.9518,NA,4.13290000000000,4.15090000000000,0.00000000000000,0.15560000000000,7.8233,597.8189,4.1329,4.1329,0.0000,4.0714,0.2171,0.2171,0.0000,-0.1694,597.8189,NA,NA,NA
dwm.exe,2532,0x0,Other,-1,0,0,Hardware: Legacy Flip,606.1022,NA,4.15040000000000,4.19840000000000,0.00000000000000,0.16640000000000,7.8713,601.9518,4.1504,4.1504,0.0000,4.0950,0.2218,0.2218,0.0000,-0.0655,601.9518,NA,NA,NA
dwm.exe,2532,0x0,Other,-1,0,0,Hardware: Legacy Flip,610.2657,NA,4.16350000000000,4.14390000000000,0.00000000000000,0.35290000000000,7.8517,606.1022,4.1635,4.1635,0.0000,4.3172,0.1992,0.1992,0.0000,0.0065,606.1022,NA,NA,NA
dwm.exe,2532,0x0,Other,-1,0,0,Hardware: Legacy Flip,610.6225,NA,0.35680000000000,0.76460000000000,0.00000000000000,0.29610000000000,8.2595,610.2657,0.3568,0.3568,0.0000,0.3529,0.3000,0.3000,0.0000,3.3989,610.2657,NA,NA,NA
dwm.exe,2532,0x0,Other,-1,0,0,Hardware: Legacy Flip,614.4422,NA,3.81970000000000,3.40180000000000,0.00000000000000,0.16680000000000,7.8416,610.6225,3.8197,3.8197,0.0000,0.2961,3.6904,0.3126,3.3778,-3.0450,610.6225,NA,NA,NA
dwm.exe,2532,0x0,Other,-1,0,0,Hardware: Legacy Flip,618.6259,NA,4.18370000000000,4.16430000000000,0.00000000000000,0.14450000000000,7.8222,614.4422,4.1837,4.1837,0.0000,4.1122,0.2160,0.2160,0.0000,-0.3446,614.4422,NA,NA,NA
dwm.exe,2532,0x0,Other,-1,0,0,Hardware: Legacy Flip,622.7107,NA,4.08480000000000,4.17430000000000,0.00000000000000,0.15160000000000,7.9117,618.6259,4.0848,4.0848,0.0000,4.0164,0.2200,0.2200,0.0000,0.0094,618.6259,NA,NA,NA
dwm.exe,2532,0x0,Other,-1,0,0,Hardware: Legacy Flip,626.9479,NA,4.23720000000000,4.16130000000000,0.00000000000000,0.15970000000000,7.8358,622.7107,4.2372,4.2372,0.0000,4.1665,0.2304,0.2184,0.0120,-0.0765,622.7107,NA,NA,NA
dwm.exe,2532,0x0,Other,-1,0,0,Hardware: Legacy Flip,627.1660,NA,0.21810000000000,0.77180000000000,0.00000000000000,0.43760000000000,8.3895,626.9479,0.2181,0.2181,0.0000,0.1597,0.4960,0.4960,0.0000,3.4654,626.9479,NA,NA,NA
dwm.exe,2532,0x0,Other,-1,0,0,Hardware: Legacy Flip,631.1472,NA,3.98120000000000,3.38040000000000,0.00000000000000,0.16940000000000,7.7887,627.1660,3.9812,3.9812,0.0000,0.4376,3.7130,0.3049,3.4081,-3.1623,627.1660,NA,NA,NA
dwm.exe,2532,0x0,Other,-1,0,0,Hardware: Legacy Flip,635.2460,NA,4.09880000000000,4.16880000000000,0.00000000000000,0.16510000000000,7.8587,631.1472,4.0988,4.0988,0.0000,4.0317,0.2322,0.2322,0.0000,-0.1876,631.1472,NA,NA,NA
dwm.exe,2532,0x0,Other,-1,0,0,Hardware: Legacy Flip,639.4276,NA,4.18160000000000,4.17380000000000,0.00000000000000,0.14220000000000,7.8509,635.2460,4.1816,4.1816,0.0000,4.1085,0.2153,0.2153,0.0000,-0.0750,635.2460,NA,NA,NA
dwm.exe,2532,0x0,Other,-1,0,0,Hardware: Legacy Flip,643.6111,NA,4.18350000000000,4.16160000000000,0.00000000000000,0.20460000000000,7.8290,639.4276,4.1835,4.1835,0.0000,4.1206,0.2675,0.2675,0.0000,0.0200,639.4276,NA,NA,NA
dwm.exe,2532,0x0,Other,-1,0,0,Hardware: Legacy Flip,643.8438,NA,0.23270000000000,0.77190000000000,0.00000000000000,0.33080000000000,8.3682,643.6111,0.2327,0.2327,0.0000,0.2046,0.3589,0.3589,0.0000,3.4116,643.6111,NA,NA,NA
dwm.exe,2532,0x0,Other,-1,0,0,Hardware: Legacy Flip,647.7921,NA,3.94830000000000,3.39090000000000,0.00000000000000,0.16470000000000,7.8108,643.8438,3.9483,3.9483,0.0000,0.3308,3.7822,0.3036,3.4786,-3.1582,643.8438,NA,NA,NA
dwm.exe,2532,0x0,Other,-1,0,0,Hardware: Legacy Flip,651.9163,NA,4.12420000000000,4.18460000000000,0.00000000000000,0.15580000000000,7.8712,647.7921,4.1242,4.1242,0.0000,4.0579,0.2221,0.2221,0.0000,-0.2363,647.7921,NA,NA,NA
dwm.exe,2532,0x0,Other,-1,0,0,Hardware: Legacy Flip,656.0867,NA,4.17040000000000,4.15640000000000,0.00000000000000,0.16590000000000,7.8572,651.9163,4.1704,4.1704,0.0000,4.1037,0.2326,0.2326,0.0000,-0.0322,651.9163,NA,NA,NA
dwm.exe,2532,0x0,Other,-1,0,0,Hardware: Legacy Flip,660.2810,NA,4.19430000000000,4.16210000000000,0.00000000000000,0.15940000000000,7.8250,656.0867,4.1943,4.1943,0.0000,4.1281,0.2256,0.2147,0.0109,0.0083,656.0867,NA,NA,NA
dwm.exe,2532,0x0,Other,-1,0,0,Hardware: Legacy Flip,660.5008,NA,0.21980000000000,0.78670000000000,0.00000000000000,0.42030000000000,8.3919,660.2810,0.2198,0.2198,0.0000,0.1594,0.4807,0.4807,0.0000,3.4076,660.2810,NA,NA,NA
dwm.exe,2532,0x0,Other,-1,0,0,Hardware: Legacy Flip,664.4355,NA,3.93470000000000,3.37960000000000,0.00000000000000,0.18020000000000,7.8368,660.5008,3.9347,3.9347,0.0000,0.4203,3.6946,0.3195,3.3751,-3.1598,660.5008,NA,NA,NA
dwm.exe,2532,0x0,Other,-1,0,0,Hardware: Legacy Flip,668.6164,NA,4.18090000000000,4.17070000000000,0.00000000000000,0.18290000000000,7.8266,664.4355,4.1809,4.1809,0.0000,4.1040,0.2598,0.2598,0.0000,-0.2360,664.4355,NA,NA,NA
dwm.exe,2532,0x0,Other,-1,0,0,Hardware: Legacy Flip,672.8698,NA,4.25340000000000,4.16590000000000,0.00000000000000,0.63590000000000,7.7391,668.6164,4.2534,4.2534,0.0000,4.6752,0.2141,0.2141,0.0000,0.0150,668.6164,NA,NA,NA
dwm.exe,2532,0x0,Other,-1,0,0,Hardware: Legacy Flip,677.0141,NA,4.14430000000000,4.16490000000000,0.00000000000000,0.21590000000000,7.7597,672.8698,4.1443,4.1443,0.0000,4.0648,0.2954,0.2954,0.0000,0.0885,672.8698,NA,NA,NA
dwm.exe,2532,0x0,Other,-1,0,0,Hardware: Legacy Flip,677.2627,NA,0.24860000000000,0.77490000000000,0.00000000000000,0.38940000000000,8.2860,677.0141,0.2486,0.2486,0.0000,0.2159,0.4221,0.4221,0.0000,3.3694,677.0141,NA,NA,NA
dwm.exe,2532,0x0,Other,-1,0,0,Hardware: Legacy Flip,681.1349,NA,3.87220000000000,3.38600000000000,0.00000000000000,0.20880000000000,7.7998,677.2627,3.8722,3.8722,0.0000,0.3894,3.6916,0.3479,3.3437,-3.1374,677.2627,NA,NA,NA
dwm.exe,2532,0x0,Other,-1,0,0,Hardware: Legacy Flip,685.3162,NA,4.18130000000000,4.16390000000000,0.00000000000000,0.19330000000000,7.7824,681.1349,4.1813,4.1813,0.0000,4.1111,0.2635,0.2635,0.0000,-0.2917,681.1349,NA,NA,NA
dwm.exe,2532,0x0,Other,-1,0,0,Hardware: Legacy Flip,689.4036,NA,4.08740000000000,4.16720000000000,0.00000000000000,0.13560000000000,7.8622,685.3162,4.0874,4.0874,0.0000,4.0202,0.2028,0.2028,0.0000,0.0141,685.3162,NA,NA,NA
dwm.exe,2532,0x0,Other,-1,0,0,Hardware: Legacy Flip,693.6073,NA,4.20370000000000,4.16880000000000,0.00000000000000,0.19870000000000,7.8273,689.4036,4.2037,4.2037,0.0000,4.1341,0.2683,0.2683,0.0000,-0.0814,689.4036,NA,NA,NA
dwm.exe,2532,0x0,Other,-1,0,0,Hardware: Legacy Flip,693.8376,NA,0.23030000000000,0.77790000000000,0.00000000000000,4.62220000000000,8.3749,693.6073,0.2303,0.2303,0.0000,4.3839,0.4686,0.4686,0.0000,3.4258,693.6073,NA,NA,NA
dwm.exe,2532,0x0,Other,-1,0,0,Hardware: Legacy Flip,697.7981,NA,3.96050000000000,3.38570000000000,0.00000000000000,0.19310000000000,7.8001,693.8376,3.9605,3.9605,0.0000,0.0000,4.1852,4.1852,0.0000,-3.1554,693.8376,NA,NA,NA
dwm.exe,2532,0x0,Other,-1,0,0,Hardware: Legacy Flip,701.9288,NA,4.13070000000000,4.16330000000000,0.00000000000000,0.15580000000000,7.8327,697.7981,4.1307,4.1307,0.0000,0.6617,3.6248,0.2856,3.3392,-0.2028,697.7981,NA,NA,NA
dwm.exe,2532,0x0,Other,-1,0,0,Hardware: Legacy Flip,706.1137,NA,4.18490000000000,4.16820000000000,0.00000000000000,0.15290000000000,7.8160,701.9288,4.1849,4.1849,0.0000,4.1161,0.2217,0.2217,0.0000,-0.0375,701.9288,NA,NA,NA
dwm.exe,2532,0x0,Other,-1,0,0,Hardware: Legacy Flip,710.2712,NA,4.15750000000000,4.15070000000000,0.00000000000000,0.17250000000000,7.8092,706.1137,4.1575,4.1575,0.0000,4.0907,0.2393,0.2393,0.0000,0.0342,706.1137,NA,NA,NA
dwm.exe,2532,0x0,Other,-1,0,0,Hardware: Legacy Flip,710.4930,NA,0.22180000000000,0.80110000000000,0.00000000000000,0.31500000000000,8.3885,710.2712,0.2218,0.2218,0.0000,0.1725,0.3643,0.3643,0.0000,3.3564,710.2712,NA,NA,NA
dwm.exe,2532,0x0,Other,-1,0,0,Hardware: Legacy Flip,714.4524,NA,3.95940000000000,3.36530000000000,0.00000000000000,0.20600000000000,7.7944,710.4930,3.9594,3.9594,0.0000,0.3150,3.8504,0.3425,3.5079,-3.1435,710.4930,NA,NA,NA
dwm.exe,2532,0x0,Other,-1,0,0,Hardware: Legacy Flip,718.5718,NA,4.11940000000000,4.17690000000000,0.00000000000000,0.17040000000000,7.8519,714.4524,4.1194,4.1194,0.0000,4.0477,0.2421,0.2421,0.0000,-0.2175,714.4524,NA,NA,NA
dwm.exe,2532,0x0,Other,-1,0,0,Hardware: Legacy Flip,722.7593,NA,4.18750000000000,4.16630000000000,0.00000000000000,0.16950000000000,7.8307,718.5718,4.1875,4.1875,0.0000,4.1141,0.2429,0.2429,0.0000,-0.0469,718.5718,NA,NA,NA
dwm.exe,2532,0x0,Other,-1,0,0,Hardware: Legacy Flip,727.0202,NA,4.26090000000000,4.17080000000000,0.00000000000000,0.16640000000000,7.7406,722.7593,4.2609,4.2609,0.0000,4.1884,0.2389,0.2389,0.0000,0.0167,722.7593,NA,NA,NA
dwm.exe,2532,0x0,Other,-1,0,0,Hardware: Legacy Flip,727.6077,NA,0.58750000000000,0.79250000000000,0.00000000000000,0.47980000000000,7.9456,727.0202,0.5875,0.5875,0.0000,0.1993,0.8680,0.7270,0.1410,3.4684,727.0202,NA,NA,NA
dwm.exe,2532,0x0,Other,-1,0,0,Hardware: Legacy Flip,731.0435,NA,3.43580000000000,3.37140000000000,0.00000000000000,0.17950000000000,7.8812,727.6077,3.4358,3.4358,0.0000,0.4798,3.1355,0.2413,2.8942,-2.7839,727.6077,NA,NA,NA
dwm.exe,2532,0x0,Other,-1,0,0,Hardware: Legacy Flip,735.2623,NA,4.21880000000000,4.16150000000000,0.00000000000000,0.14800000000000,7.8239,731.0435,4.2188,4.2188,0.0000,4.1451,0.2217,0.2217,0.0000,-0.7257,731.0435,NA,NA,NA
dwm.exe,2532,0x0,Other,-1,0,0,Hardware: Legacy Flip,739.3934,NA,4.13110000000000,4.16900000000000,0.00000000000000,0.16810000000000,7.8618,735.2623,4.1311,4.1311,0.0000,4.0564,0.2428,0.2428,0.0000,0.0498,735.2623,NA,NA,NA
dwm.exe,2532,0x0,Other,-1,0,0,Hardware: Legacy Flip,743.6126,NA,4.21920000000000,4.16620000000000,0.00000000000000,0.18730000000000,7.8088,739.3934,4.2192,4.2192,0.0000,4.1471,0.2594,0.2594,0.0000,-0.0351,739.3934,NA,NA,NA
dwm.exe,2532,0x0,Other,-1,0,0,Hardware: Legacy Flip,743.8368,NA,0.22420000000000,0.79200000000000,0.00000000000000,0.39360000000000,8.3766,743.6126,0.2242,0.2242,0.0000,0.1873,0.4305,0.4305,0.0000,3.4272,743.6126,NA,NA,NA
dwm.exe,2532,0x0,Other,-1,0,0,Hardware: Legacy Flip,747.7504,NA,3.91360000000000,3.36810000000000,0.00000000000000,0.15260000000000,7.8311,743.8368,3.9136,3.9136,0.0000,0.3936,3.6726,0.3163,3.3563,-3.1439,743.8368,NA,NA,NA
dwm.exe,2532,0x0,Other,-1,0,0,Hardware: Legacy Flip,751.8834,NA,4.13300000000000,4.16800000000000,0.00000000000000,0.15680000000000,7.8661,747.7504,4.1330,4.1330,0.0000,4.0602,0.2296,0.2296,0.0000,-0.2544,747.7504,NA,NA,NA
dwm.exe,2532,0x0,Other,-1,0,0,Hardware: Legacy Flip,756.0986,NA,4.21520000000000,4.14980000000000,0.00000000000000,0.16090000000000,7.8007,751.8834,4.2152,4.2152,0.0000,4.1375,0.2386,0.2386,0.0000,-0.0168,751.8834,NA,NA,NA
dwm.exe,2532,0x0,Other,-1,0,0,Hardware: Legacy Flip,760.2512,NA,4.15260000000000,4.17630000000000,0.00000000000000,0.21080000000000,7.8244,756.0986,4.1526,4.1526,0.0000,4.0940,0.2694,0.2694,0.0000,0.0389,756.0986,NA,NA,NA
dwm.exe,2532,0x0,Other,-1,0,0,Hardware: Legacy Flip,760.4671,NA,0.21590000000000,0.81320000000000,0.00000000000000,0.42120000000000,8.4217,760.2512,0.2159,0.2159,0.0000,0.2108,0.4263,0.4263,0.0000,3.3394,760.2512,NA,NA,NA
dwm.exe,2532,0x0,Other,-1,0,0,Hardware: Legacy Flip,764.4084,NA,3.94130000000000,3.36660000000000,0.00000000000000,0.15600000000000,7.8470,760.4671,3.9413,3.9413,0.0000,0.4212,3.6761,0.3012,3.3749,-3.1507,760.4671,NA,NA,NA
dwm.exe,2532,0x0,Other,-1,0,0,Hardware: Legacy Flip,768.6304,NA,4.22200000000000,4.16210000000000,0.00000000000000,0.11620000000000,7.7871,764.4084,4.2220,4.2220,0.0000,4.1465,0.1917,0.1917,0.0000,-0.2208,764.4084,NA,NA,NA
dwm.exe,2532,0x0,Other,-1,0,0,Hardware: Legacy Flip,772.8356,NA,4.20520000000000,4.14960000000000,0.00000000000000,0.19670000000000,7.7315,768.6304,4.2052,4.2052,0.0000,4.1419,0.2600,0.2600,0.0000,0.0724,768.6304,NA,NA,NA
dwm.exe,2532,0x0,Other,-1,0,0,Hardware: Legacy Flip,776.9566,NA,4.12100000000000,4.16200000000000,0.00000000000000,0.26840000000000,7.7725,772.8356,4.1210,4.1210,0.0000,4.0547,0.3347,0.3347,0.0000,0.0432,772.8356,NA,NA,NA
dwm.exe,2532,0x0,Other,-1,0,0,Hardware: Legacy Flip,777.1970,NA,0.24040000000000,0.84210000000000,0.00000000000000,0.39590000000000,8.3742,776.9566,0.2404,0.2404,0.0000,0.2684,0.3679,0.3679,0.0000,3.2789,776.9566,NA,NA,NA
dwm.exe,2532,0x0,Other,-1,0,0,Hardware: Legacy Flip,781.0715,NA,3.87450000000000,3.34490000000000,0.00000000000000,0.44460000000000,7.8446,777.1970,3.8745,3.8745,0.0000,0.3959,3.9232,0.3004,3.6228,-3.1045,777.1970,NA,NA,NA
dwm.exe,2532,0x0,Other,-1,0,0,Hardware: Legacy Flip,785.2475,NA,4.17600000000000,4.16980000000000,0.00000000000000,0.19500000000000,7.8384,781.0715,4.1760,4.1760,0.0000,4.1129,0.2581,0.2581,0.0000,-0.2953,781.0715,NA,NA,NA
dwm.exe,2532,0x0,Other,-1,0,0,Hardware: Legacy Flip,789.4630,NA,4.21550000000000,4.16010000000000,0.00000000000000,0.29490000000000,7.7830,785.2475,4.2155,4.2155,0.0000,4.1503,0.3601,0.3601,0.0000,0.0159,785.2475,NA,NA,NA
dwm.exe,2532,0x0,Other,-1,0,0,Hardware: Legacy Flip,793.5940,NA,4.13100000000000,4.15990000000000,0.00000000000000,0.24380000000000,7.8119,789.4630,4.1310,4.1310,0.0000,4.0724,0.3024,0.3024,0.0000,0.0556,789.4630,NA,NA,NA
dwm.exe,2532,0x0,Other,-1,0,0,Hardware: Legacy Flip,793.8166,NA,0.22260000000000,0.82390000000000,0.00000000000000,1.00240000000000,8.4132,793.5940,0.2226,0.2226,0.0000,0.2438,0.9812,0.9812,0.0000,3.3071,793.5940,NA,NA,NA
dwm.exe,2532,0x0,Other,-1,0,0,Hardware: Legacy Flip,797.7853,NA,3.96870000000000,3.33520000000000,0.00000000000000,0.16770000000000,7.7797,793.8166,3.9687,3.9687,0.0000,1.0024,3.1340,0.3064,2.8276,-3.1126,793.8166,NA,NA,NA
dwm.exe,2532,0x0,Other,-1,0,0,Hardware: Legacy Flip,801.9380,NA,4.15270000000000,4.17160000000000,0.00000000000000,0.18760000000000,7.7986,797.7853,4.1527,4.1527,0.0000,4.0833,0.2570,0.2570,0.0000,-0.2029,797.7853,NA,NA,NA
dwm.exe,2532,0x0,Other,-1,0,0,Hardware: Legacy Flip,806.1264,NA,4.18840000000000,4.17000000000000,0.00000000000000,0.20090000000000,7.7802,801.9380,4.1884,4.1884,0.0000,4.1276,0.2617,0.2617,0.0000,-0.0173,801.9380,NA,NA,NA
dwm.exe,2532,0x0,Other,-1,0,0,Hardware: Legacy Flip,810.2439,NA,4.11750000000000,4.17010000000000,0.00000000000000,0.21170000000000,7.8328,806.1264,4.1175,4.1175,0.0000,4.0577,0.2715,0.2715,0.0000,0.0183,806.1264,NA,NA,NA
dwm.exe,2532,0x0,Other,-1,0,0,Hardware: Legacy Flip,810.4598,NA,0.21590000000000,0.81610000000000,0.00000000000000,0.30350000000000,8.4330,810.2439,0.2159,0.2159,0.0000,0.2117,0.3077,0.3077,0.0000,3.3014,810.2439,NA,NA,NA
dwm.exe,2532,0x0,Other,-1,0,0,Hardware: Legacy Flip,814.4899,NA,4.03010000000000,3.33620000000000,0.00000000000000,0.14590000000000,7.7391,810.4598,4.0301,4.0301,0.0000,0.3035,3.8725,0.2954,3.5771,-3.1203,810.4598,NA,NA,NA
dwm.exe,2532,0x0,Other,-1,0,0,Hardware: Legacy Flip,818.6424,NA,4.15250000000000,4.17610000000000,0.00000000000000,0.14910000000000,7.7627,814.4899,4.1525,4.1525,0.0000,4.0763,0.2253,0.2253,0.0000,-0.1460,814.4899,NA,NA,NA
dwm.exe,2532,0x0,Other,-1,0,0,Hardware: Legacy Flip,822.7893,NA,4.14690000000000,4.17560000000000,0.00000000000000,0.14000000000000,7.7914,818.6424,4.1469,4.1469,0.0000,4.0684,0.2185,0.2185,0.0000,-0.0231,818.6424,NA,NA,NA
dwm.exe,2532,0x0,Other,-1,0,0,Hardware: Legacy Flip,826.8669,NA,4.07760000000000,4.14950000000000,0.00000000000000,0.15630000000000,7.8633,822.7893,4.0776,4.0776,0.0000,3.9989,0.2350,0.2350,0.0000,-0.0026,822.7893,NA,NA,NA
dwm.exe,2532,0x0,Other,-1,0,0,Hardware: Legacy Flip,827.1977,NA,0.33080000000000,0.84060000000000,0.00000000000000,0.34320000000000,8.3731,826.8669,0.3308,0.3308,0.0000,0.2010,0.4730,0.4730,0.0000,3.2370,826.8669,NA,NA,NA
dwm.exe,2532,0x0,Other,-1,0,0,Hardware: Legacy Flip,831.1009,NA,3.90320000000000,3.32260000000000,0.00000000000000,0.14760000000000,7.7925,827.1977,3.9032,3.9032,0.0000,0.3432,3.7076,0.2959,3.4117,-2.9918,827.1977,NA,NA,NA
dwm.exe,2532,0x0,Other,-1,0,0,Hardware: Legacy Flip,835.2353,NA,4.13440000000000,4.16710000000000,0.00000000000000,0.14230000000000,7.8252,831.1009,4.1344,4.1344,0.0000,4.0593,0.2174,0.2174,0.0000,-0.2639,831.1009,NA,NA,NA
dwm.exe,2532,0x0,Other,-1,0,0,Hardware: Legacy Flip,839.4000,NA,4.16470000000000,4.16630000000000,0.00000000000000,0.14310000000000,7.8268,835.2353,4.1647,4.1647,0.0000,4.0915,0.2163,0.2163,0.0000,-0.0319,835.2353,NA,NA,NA
dwm.exe,2532,0x0,Other,-1,0,0,Hardware: Legacy Flip,843.5385,NA,4.13850000000000,4.17010000000000,0.00000000000000,0.36660000000000,7.8584,839.4000,4.1385,4.1385,0.0000,4.2860,0.2191,0.2191,0.0000,-0.0054,839.4000,NA,NA,NA
dwm.exe,2532,0x0,Other,-1,0,0,Hardware: Legacy Flip,843.8111,NA,0.27260000000000,0.81740000000000,0.00000000000000,0.38210000000000,8.4032,843.5385,0.2726,0.2726,0.0000,0.3666,0.2881,0.2881,0.0000,3.3211,843.5385,NA,NA,NA
dwm.exe,2532,0x0,Other,-1,0,0,Hardware: Legacy Flip,847.7626,NA,3.95150000000000,3.34670000000000,0.00000000000000,0.16220000000000,7.7984,843.8111,3.9515,3.9515,0.0000,0.3821,3.7316,0.3037,3.4279,-3.0741,843.8111,NA,NA,NA
dwm.exe,2532,0x0,Other,-1,0,0,Hardware: Legacy Flip,851.9092,NA,4.14660000000000,4.15830000000000,0.00000000000000,0.15480000000000,7.8101,847.7626,4.1466,4.1466,0.0000,4.0812,0.2202,0.2202,0.0000,-0.2068,847.7626,NA,NA,NA
dwm.exe,2532,0x0,Other,-1,0,0,Hardware: Legacy Flip,856.1213,NA,4.21210000000000,4.15840000000000,0.00000000000000,0.16310000000000,7.7564,851.9092,4.2121,4.2121,0.0000,4.1474,0.2278,0.2278,0.0000,-0.0118,851.9092,NA,NA,NA
dwm.exe,2532,0x0,Other,-1,0,0,Hardware: Legacy Flip,860.2303,NA,4.10900000000000,4.17620000000000,0.00000000000000,0.20270000000000,7.8236,856.1213,4.1090,4.1090,0.0000,4.0425,0.2692,0.2692,0.0000,0.0359,856.1213,NA,NA,NA
dwm.exe,2532,0x0,Other,-1,0,0,Hardware: Legacy Flip,860.4459,NA,0.21560000000000,0.83710000000000,0.00000000000000,0.40970000000000,8.4451,860.2303,0.2156,0.2156,0.0000,0.2027,0.4226,0.4226,0.0000,3.2719,860.2303,NA,NA,NA
dwm.exe,2532,0x0,Other,-1,0,0,Hardware: Legacy Flip,864.3165,NA,3.87060000000000,3.31940000000000,0.00000000000000,0.18430000000000,7.8939,860.4459,3.8706,3.8706,0.0000,0.4097,3.6452,0.3389,3.3063,-3.1038,860.4459,NA,NA,NA
dwm.exe,2532,0x0,Other,-1,0,0,Hardware: Legacy Flip,868.4777,NA,4.16120000000000,4.18610000000000,0.00000000000000,0.15720000000000,7.9188,864.3165,4.1612,4.1612,0.0000,4.0997,0.2187,0.2187,0.0000,-0.3155,864.3165,NA,NA,NA
dwm.exe,2532,0x0,Other,-1,0,0,Hardware: Legacy Flip,872.6273,NA,4.14960000000000,4.15750000000000,0.00000000000000,0.14720000000000,7.9267,868.4777,4.1496,4.1496,0.0000,4.0833,0.2135,0.2135,0.0000,0.0037,868.4777,NA,NA,NA
dwm.exe,2532,0x0,Other,-1,0,0,Hardware: Legacy Flip,877.1632,NA,4.53590000000000,4.16720000000000,0.00000000000000,0.10770000000000,7.5580,872.6273,4.5359,4.5359,0.0000,4.4389,0.2047,0.2047,0.0000,-0.0176,872.6273,NA,NA,NA
dwm.exe,2532,0x0,Other,-1,0,0,Hardware: Legacy Flip,877.4470,NA,0.28380000000000,0.84750000000000,0.00000000000000,0.41640000000000,8.1217,877.1632,0.2838,0.2838,0.0000,0.1691,0.5311,0.5311,0.0000,3.6884,877.1632,NA,NA,NA
dwm.exe,2532,0x0,Other,-1,0,0,Hardware: Legacy Flip,881.2878,NA,3.84080000000000,3.31280000000000,0.00000000000000,0.15300000000000,7.5937,877.4470,3.8408,3.8408,0.0000,0.4164,3.5774,0.2945,3.2829,-3.0290,877.4470,NA,NA,NA
dwm.exe,2532,0x0,Other,-1,0,0,Hardware: Legacy Flip,885.2875,NA,3.99970000000000,4.18180000000000,0.00000000000000,0.18000000000000,7.7758,881.2878,3.9997,3.9997,0.0000,3.9230,0.2567,0.2567,0.0000,-0.3410,881.2878,NA,NA,NA
dwm.exe,2532,0x0,Other,-1,0,0,Hardware: Legacy Flip,889.5139,NA,4.22640000000000,4.15500000000000,0.00000000000000,0.12240000000000,7.7044,885.2875,4.2264,4.2264,0.0000,4.1367,0.2121,0.2121,0.0000,-0.1553,885.2875,NA,NA,NA
dwm.exe,2532,0x0,Other,-1,0,0,Hardware: Legacy Flip,893.7955,NA,4.28160000000000,4.16470000000000,0.00000000000000,0.20030000000000,7.5875,889.5139,4.2816,4.2816,0.0000,4.1954,0.2865,0.2865,0.0000,0.0617,889.5139,NA,NA,NA
dwm.exe,2532,0x0,Other,-1,0,0,Hardware: Legacy Flip,894.0414,NA,0.24590000000000,0.83040000000000,0.00000000000000,4.80710000000000,8.1720,893.7955,0.2459,0.2459,0.0000,4.1196,0.9334,0.9212,0.0122,3.4512,893.7955,NA,NA,NA
dwm.exe,2532,0x0,Other,-1,0,0,Hardware: Legacy Flip,897.6936,NA,3.65220000000000,3.35160000000000,0.00000000000000,0.22150000000000,7.8714,894.0414,3.6522,3.6522,0.0000,0.0000,3.9193,3.9193,0.0000,-3.1057,894.0414,NA,NA,NA
dwm.exe,2532,0x0,Other,-1,0,0,Hardware: Legacy Flip,901.9160,NA,4.22240000000000,4.15410000000000,0.00000000000000,0.17960000000000,7.8031,897.6936,4.2224,4.2224,0.0000,1.1549,3.2471,0.3791,2.8680,-0.5019,897.6936,NA,NA,NA
dwm.exe,2532,0x0,Other,-1,0,0,Hardware: Legacy Flip,906.1157,NA,4.19970000000000,4.15480000000000,0.00000000000000,0.09190000000000,7.7582,901.9160,4.1997,4.1997,0.0000,4.1229,0.1687,0.1687,0.0000,0.0676,901.9160,NA,NA,NA
dwm.exe,2532,0x0,Other,-1,0,0,Hardware: Legacy Flip,910.2866,NA,4.17090000000000,4.16760000000000,0.00000000000000,0.20500000000000,7.7549,906.1157,4.1709,4.1709,0.0000,4.0959,0.2800,0.2792,0.0008,0.0321,906.1157,NA,NA,NA
dwm.exe,2532,0x0,Other,-1,0,0,Hardware: Legacy Flip,910.5443,NA,0.25770000000000,0.84270000000000,0.00000000000000,0.28860000000000,8.3399,910.2866,0.2577,0.2577,0.0000,0.2050,0.3413,0.3413,0.0000,3.3282,910.2866,NA,NA,NA
dwm.exe,2532,0x0,Other,-1,0,0,Hardware: Legacy Flip,914.3420,NA,3.79770000000000,3.33530000000000,0.00000000000000,0.15870000000000,7.8775,910.5443,3.7977,3.7977,0.0000,0.2886,3.6678,0.2992,3.3686,-3.0776,910.5443,NA,NA,NA
dwm.exe,2532,0x0,Other,-1,0,0,Hardware: Legacy Flip,918.5250,NA,4.18300000000000,4.15940000000000,0.00000000000000,0.14170000000000,7.8539,914.3420,4.1830,4.1830,0.0000,4.1102,0.2145,0.2145,0.0000,-0.3617,914.3420,NA,NA,NA
dwm.exe,2532,0x0,Other,-1,0,0,Hardware: Legacy Flip,922.7363,NA,4.21130000000000,4.16060000000000,0.00000000000000,0.16630000000000,7.8032,918.5250,4.2113,4.2113,0.0000,4.1494,0.2282,0.2282,0.0000,0.0224,918.5250,NA,NA,NA
dwm.exe,2532,0x0,Other,-1,0,0,Hardware: Legacy Flip,926.8978,NA,4.16150000000000,4.15900000000000,0.00000000000000,0.17860000000000,7.8007,922.7363,4.1615,4.1615,0.0000,4.1000,0.2401,0.2401,0.0000,0.0523,922.7363,NA,NA,NA
dwm.exe,2532,0x0,Other,-1,0,0,Hardware: Legacy Flip,927.1137,NA,0.21590000000000,0.89090000000000,0.00000000000000,0.40800000000000,8.4757,926.8978,0.2159,0.2159,0.0000,0.1786,0.4453,0.4453,0.0000,3.2706,926.8978,NA,NA,NA
dwm.exe,2532,0x0,Other,-1,0,0,Hardware: Legacy Flip,931.0425,NA,3.92880000000000,3.28490000000000,0.00000000000000,0.14510000000000,7.8318,927.1137,3.9288,3.9288,0.0000,0.4080,3.6659,0.2867,3.3792,-3.0690,927.1137,NA,NA,NA
dwm.exe,2532,0x0,Other,-1,0,0,Hardware: Legacy Flip,935.1400,NA,4.09750000000000,4.17220000000000,0.00000000000000,0.15460000000000,7.9065,931.0425,4.0975,4.0975,0.0000,4.0347,0.2174,0.2174,0.0000,-0.2434,931.0425,NA,NA,NA
dwm.exe,2532,0x0,Other,-1,0,0,Hardware: Legacy Flip,939.4000,NA,4.26000000000000,4.15870000000000,0.00000000000000,0.14280000000000,7.8052,935.1400,4.2600,4.2600,0.0000,4.1822,0.2206,0.2206,0.0000,-0.0612,935.1400,NA,NA,NA
dwm.exe,2532,0x0,Other,-1,0,0,Hardware: Legacy Flip,943.5824,NA,4.18240000000000,4.16180000000000,0.00000000000000,0.18420000000000,7.7846,939.4000,4.1824,4.1824,0.0000,4.1156,0.2510,0.2510,0.0000,0.0982,939.4000,NA,NA,NA
dwm.exe,2532,0x0,Other,-1,0,0,Hardware: Legacy Flip,943.8175,NA,0.23510000000000,0.87220000000000,0.00000000000000,0.24470000000000,8.4217,943.5824,0.2351,0.2351,0.0000,0.1842,0.2956,0.2956,0.0000,3.3102,943.5824,NA,NA,NA
dwm.exe,2532,0x0,Other,-1,0,0,Hardware: Legacy Flip,947.6933,NA,3.87580000000000,3.30900000000000,0.00000000000000,0.14810000000000,7.8549,943.8175,3.8758,3.8758,0.0000,0.2447,3.7792,0.2937,3.4855,-3.0739,943.8175,NA,NA,NA
dwm.exe,2532,0x0,Other,-1,0,0,Hardware: Legacy Flip,951.8334,NA,4.14010000000000,4.14210000000000,0.00000000000000,0.16930000000000,7.8569,947.6933,4.1401,4.1401,0.0000,4.1090,0.2004,0.2004,0.0000,-0.2663,947.6933,NA,NA,NA
dwm.exe,2532,0x0,Other,-1,0,0,Hardware: Legacy Flip,956.0986,NA,4.26520000000000,4.16470000000000,0.00000000000000,0.14570000000000,7.7564,951.8334,4.2652,4.2652,0.0000,4.1929,0.2180,0.2180,0.0000,-0.0246,951.8334,NA,NA,NA
dwm.exe,2532,0x0,Other,-1,0,0,Hardware: Legacy Flip,960.1842,NA,4.08560000000000,4.17040000000000,0.00000000000000,0.19990000000000,7.8412,956.0986,4.0856,4.0856,0.0000,4.0273,0.2582,0.2582,0.0000,0.0948,956.0986,NA,NA,NA
dwm.exe,2532,0x0,Other,-1,0,0,Hardware: Legacy Flip,960.4059,NA,0.22170000000000,0.89060000000000,0.00000000000000,0.40630000000000,8.5101,960.1842,0.2217,0.2217,0.0000,0.1999,0.4281,0.4281,0.0000,3.1950,960.1842,NA,NA,NA
dwm.exe,2532,0x0,Other,-1,0,0,Hardware: Legacy Flip,964.3194,NA,3.91350000000000,3.28670000000000,0.00000000000000,0.15530000000000,7.8833,960.4059,3.9135,3.9135,0.0000,0.4063,3.6625,0.2895,3.3730,-3.0650,960.4059,NA,NA,NA
dwm.exe,2532,0x0,Other,-1,0,0,Hardware: Legacy Flip,968.4883,NA,4.16890000000000,4.16580000000000,0.00000000000000,0.15190000000000,7.8802,964.3194,4.1689,4.1689,0.0000,4.1073,0.2135,0.2135,0.0000,-0.2523,964.3194,NA,NA,NA
dwm.exe,2532,0x0,Other,-1,0,0,Hardware: Legacy Flip,972.7198,NA,4.23150000000000,4.15960000000000,0.00000000000000,0.14430000000000,7.8083,968.4883,4.2315,4.2315,0.0000,4.1659,0.2099,0.2099,0.0000,0.0093,968.4883,NA,NA,NA
dwm.exe,2532,0x0,Other,-1,0,0,Hardware: Legacy Flip,976.9583,NA,4.23850000000000,4.16250000000000,0.00000000000000,0.19190000000000,7.7323,972.7198,4.2385,4.2385,0.0000,4.1720,0.2584,0.2584,0.0000,0.0690,972.7198,NA,NA,NA
dwm.exe,2532,0x0,Other,-1,0,0,Hardware: Legacy Flip,977.1604,NA,0.20210000000000,0.88990000000000,0.00000000000000,0.41890000000000,8.4201,976.9583,0.2021,0.2021,0.0000,0.1919,0.4291,0.4291,0.0000,3.3486,976.9583,NA,NA,NA
dwm.exe,2532,0x0,Other,-1,0,0,Hardware: Legacy Flip,981.0167,NA,3.85630000000000,3.28400000000000,0.00000000000000,0.15160000000000,7.8478,977.1604,3.8563,3.8563,0.0000,0.4189,3.5890,0.2903,3.2987,-3.0819,977.1604,NA,NA,NA
dwm.exe,2532,0x0,Other,-1,0,0,Hardware: Legacy Flip,985.2263,NA,4.20960000000000,4.17200000000000,0.00000000000000,0.09510000000000,7.8102,981.0167,4.2096,4.2096,0.0000,4.1194,0.1853,0.1853,0.0000,-0.3157,981.0167,NA,NA,NA
dwm.exe,2532,0x0,Other,-1,0,0,Hardware: Legacy Flip,989.4075,NA,4.18120000000000,4.14860000000000,0.00000000000000,0.17560000000000,7.7776,985.2263,4.1812,4.1812,0.0000,4.1072,0.2496,0.2496,0.0000,0.0610,985.2263,NA,NA,NA
dwm.exe,2532,0x0,Other,-1,0,0,Hardware: Legacy Flip,993.5884,NA,4.18090000000000,4.16680000000000,0.00000000000000,0.19540000000000,7.7635,989.4075,4.1809,4.1809,0.0000,4.0909,0.2854,0.2854,0.0000,0.0144,989.4075,NA,NA,NA
dwm.exe,2532,0x0,Other,-1,0,0,Hardware: Legacy Flip,993.8222,NA,0.23380000000000,0.87510000000000,0.00000000000000,0.22240000000000,8.4048,993.5884,0.2338,0.2338,0.0000,0.1954,0.2608,0.2608,0.0000,3.3058,993.5884,NA,NA,NA
dwm.exe,2532,0x0,Other,-1,0,0,Hardware: Legacy Flip,997.7312,NA,3.90900000000000,3.29750000000000,0.00000000000000,0.53700000000000,7.7933,993.8222,3.9090,3.9090,0.0000,0.2224,4.2236,0.3198,3.9038,-3.0637,993.8222,NA,NA,NA
dwm.exe,2532,0x0,Other,-1,0,0,Hardware: Legacy Flip,1001.9253,NA,4.19410000000000,4.16740000000000,0.00000000000000,0.16760000000000,7.7666,997.7312,4.1941,4.1941,0.0000,4.1193,0.2424,0.2424,0.0000,-0.2584,997.7312,NA,NA,NA
dwm.exe,2532,0x0,Other,-1,0,0,Hardware: Legacy Flip,1006.0362,NA,4.11090000000000,4.21830000000000,0.00000000000000,0.16520000000000,7.8740,1001.9253,4.1109,4.1109,0.0000,4.0260,0.2501,0.2501,0.0000,-0.0242,1001.9253,NA,NA,NA
dwm.exe,2532,0x0,Other,-1,0,0,Hardware: Legacy Flip,1010.1759,NA,4.13970000000000,4.12270000000000,0.00000000000000,0.22920000000000,7.8570,1006.0362,4.1397,4.1397,0.0000,4.0695,0.2994,0.2994,0.0000,-0.0118,1006.0362,NA,NA,NA
dwm.exe,2532,0x0,Other,-1,0,0,Hardware: Legacy Flip,1010.4103,NA,0.23440000000000,0.87340000000000,0.00000000000000,0.40530000000000,8.4960,1010.1759,0.2344,0.2344,0.0000,0.2292,0.4105,0.4105,0.0000,3.2663,1010.1759,NA,NA,NA
dwm.exe,2532,0x0,Other,-1,0,0,Hardware: Legacy Flip,1014.4346,NA,4.02430000000000,3.26730000000000,0.00000000000000,0.13420000000000,7.7390,1010.4103,4.0243,4.0243,0.0000,0.4053,3.7532,0.2774,3.4758,-3.0329,1010.4103,NA,NA,NA
dwm.exe,2532,0x0,Other,-1,0,0,Hardware: Legacy Flip,1018.5929,NA,4.15830000000000,4.16720000000000,0.00000000000000,0.15950000000000,7.7479,1014.4346,4.1583,4.1583,0.0000,4.0911,0.2267,0.2267,0.0000,-0.1429,1014.4346,NA,NA,NA
dwm.exe,2532,0x0,Other,-1,0,0,Hardware: Legacy Flip,1022.6672,NA,4.07430000000000,4.18030000000000,0.00000000000000,0.14570000000000,7.8539,1018.5929,4.0743,4.0743,0.0000,4.0002,0.2198,0.2198,0.0000,-0.0220,1018.5929,NA,NA,NA
dwm.exe,2532,0x0,Other,-1,0,0,Hardware: Legacy Flip,1026.8168,NA,4.14960000000000,4.15640000000000,0.00000000000000,0.20560000000000,7.8607,1022.6672,4.1496,4.1496,0.0000,4.0911,0.2641,0.2641,0.0000,-0.0821,1022.6672,NA,NA,NA
dwm.exe,2532,0x0,Other,-1,0,0,Hardware: Legacy Flip,1027.0835,NA,0.26670000000000,0.88980000000000,0.00000000000000,0.36740000000000,8.4838,1026.8168,0.2667,0.2667,0.0000,0.2056,0.4285,0.4285,0.0000,3.2598,1026.8168,NA,NA,NA
dwm.exe,2532,0x0,Other,-1,0,0,Hardware: Legacy Flip,1030.9777,NA,3.89420000000000,3.28420000000000,0.00000000000000,0.15990000000000,7.8738,1027.0835,3.8942,3.8942,0.0000,0.3674,3.6867,0.3003,3.3864,-3.0175,1027.0835,NA,NA,NA
dwm.exe,2532,0x0,Other,-1,0,0,Hardware: Legacy Flip,1035.1679,NA,4.19020000000000,4.15450000000000,0.00000000000000,0.16210000000000,7.8381,1030.9777,4.1902,4.1902,0.0000,4.1275,0.2248,0.2248,0.0000,-0.2603,1030.9777,NA,NA,NA
dwm.exe,2532,0x0,Other,-1,0,0,Hardware: Legacy Flip,1039.3176,NA,4.14970000000000,4.17800000000000,0.00000000000000,0.15560000000000,7.8664,1035.1679,4.1497,4.1497,0.0000,4.0765,0.2288,0.2288,0.0000,0.0122,1035.1679,NA,NA,NA
dwm.exe,2532,0x0,Other,-1,0,0,Hardware: Legacy Flip,1043.4874,NA,4.16980000000000,4.16070000000000,0.00000000000000,0.15950000000000,7.8573,1039.3176,4.1698,4.1698,0.0000,4.0842,0.2451,0.2359,0.0092,-0.0110,1039.3176,NA,NA,NA
dwm.exe,2532,0x0,Other,-1,0,0,Hardware: Legacy Flip,1043.7279,NA,0.24050000000000,0.87320000000000,0.00000000000000,0.38020000000000,8.4900,1043.4874,0.2405,0.2405,0.0000,0.1595,0.4612,0.4612,0.0000,3.2966,1043.4874,NA,NA,NA
dwm.exe,2532,0x0,Other,-1,0,0,Hardware: Legacy Flip,1047.6793,NA,3.95140000000000,3.29010000000000,0.00000000000000,0.15530000000000,7.8287,1043.7279,3.9514,3.9514,0.0000,0.3802,3.7265,0.2933,3.4332,-3.0496,1043.7279,NA,NA,NA
dwm.exe,2532,0x0,Other,-1,0,0,Hardware: Legacy Flip,1051.8670,NA,4.18770000000000,4.18660000000000,0.00000000000000,0.15540000000000,7.8276,1047.6793,4.1877,4.1877,0.0000,4.1232,0.2199,0.2199,0.0000,-0.2352,1047.6793,NA,NA,NA
dwm.exe,2532,0x0,Other,-1,0,0,Hardware: Legacy Flip,1055.9989,NA,4.13190000000000,4.14920000000000,0.00000000000000,0.38470000000000,7.8449,1051.8670,4.1319,4.1319,0.0000,4.0664,0.4502,0.4502,0.0000,0.0385,1051.8670,NA,NA,NA
dwm.exe,2532,0x0,Other,-1,0,0,Hardware: Legacy Flip,1060.2484,NA,4.24950000000000,4.15020000000000,0.00000000000000,0.36330000000000,7.7456,1055.9989,4.2495,4.2495,0.0000,4.1732,0.4396,0.4396,0.0000,-0.0183,1055.9989,NA,NA,NA
dwm.exe,2532,0x0,Other,-1,0,0,Hardware: Legacy Flip,1060.5018,NA,0.25340000000000,0.89780000000000,0.00000000000000,0.37390000000000,8.3900,1060.2484,0.2534,0.2534,0.0000,0.3633,0.2640,0.2640,0.0000,3.3517,1060.2484,NA,NA,NA
dwm.exe,2532,0x0,Other,-1,0,0,Hardware: Legacy Flip,1093.8975,NA,33.39570000000001,28.29170000000000,0.00000000000000,-32.94730000000000,3.2860,1060.5018,33.3957,33.3957,0.0000,0.3739,0.0745,0.0745,0.0000,-28.0383,1060.5018,NA,NA,NA
dwm.exe,2532,0x0,Other,-1,0,0,Hardware: Legacy Flip,1094.2378,NA,0.34030000000000,4.13690000000000,0.00000000000000,0.32400000000000,7.0826,1093.8975,0.3403,0.3403,0.0000,0.2462,0.4181,0.4181,0.0000,29.2588,1093.8975,NA,NA,NA
dwm.exe,2532,0x0,Other,-1,0,0,Hardware: Legacy Flip,1106.6077,NA,12.36990000000000,8.35400000000000,0.00000000000000,0.06130000000000,3.0667,1094.2378,12.3699,12.3699,0.0000,0.0000,0.0000,0.0000,0.0000,-8.0137,1094.2378,NA,NA,NA
dwm.exe,2532,0x0,Other,-1,0,0,Hardware: Legacy Flip,1107.0114,NA,0.40370000000000,4.14040000000000,0.00000000000000,0.29470000000000,6.8034,1106.6077,0.4037,0.4037,0.0000,0.4971,0.2013,0.2013,0.0000,8.2295,1106.6077,NA,NA,NA
dwm.exe,2532,0x0,Other,-1,0,0,Hardware: Legacy Flip,1202.1976,NA,95.18620000000000,91.67260000000000,0.00000000000000,0.03880000000000,3.2898,1107.0114,95.1862,95.1862,0.0000,0.0000,0.0000,0.0000,0.0000,-91.2689,1107.0114,NA,NA,NA
dwm.exe,2532,0x0,Other,-1,0,0,Hardware: Legacy Flip,1202.5160,NA,0.31840000000000,4.13580000000000,0.00000000000000,0.30960000000000,7.1072,1202.1976,0.3184,0.3184,0.0000,0.2325,0.3955,0.3955,0.0000,91.0504,1202.1976,NA,NA,NA
dwm.exe,2532,0x0,Other,-1,0,0,Hardware: Legacy Flip,1215.5595,NA,13.04350000000000,8.34910000000000,0.00000000000000,0.04020000000000,2.4128,1202.5160,13.0435,13.0435,0.0000,0.0000,0.0000,0.0000,0.0000,-8.0307,1202.5160,NA,NA,NA
dwm.exe,2532,0x0,Other,-1,0,0,Hardware: Legacy Flip,1215.7944,NA,0.23490000000000,4.14750000000000,0.00000000000000,0.31490000000000,6.3254,1215.5595,0.2349,0.2349,0.0000,0.1607,0.3891,0.3891,0.0000,8.8960,1215.5595,NA,NA,NA
dwm.exe,2532,0x0,Other,-1,0,0,Hardware: Legacy Flip,1311.4613,NA,95.66690000000000,91.67930000000000,0.00000000000000,0.05960000000000,2.3378,1215.7944,95.6669,95.6669,0.0000,0.0000,0.0000,0.0000,0.0000,-91.4444,1215.7944,NA,NA,NA
dwm.exe,2532,0x0,Other,-1,0,0,Hardware: Legacy Flip,1311.8530,NA,0.39170000000000,4.12880000000000,0.00000000000000,0.29840000000000,6.0749,1311.4613,0.3917,0.3917,0.0000,0.2693,0.4208,0.4208,0.0000,91.5381,1311.4613,NA,NA,NA
dwm.exe,2532,0x0,Other,-1,0,0,Hardware: Legacy Flip,1327.1273,NA,15.27430000000000,12.55560000000000,0.00000000000000,0.04760000000000,3.3562,1311.8530,15.2743,15.2743,0.0000,0.0000,0.0000,0.0000,0.0000,-12.1639,1311.8530,NA,NA,NA
dwm.exe,2532,0x0,Other,-1,0,0,Hardware: Legacy Flip,1327.3984,NA,0.27110000000000,4.10940000000000,0.00000000000000,0.31160000000000,7.1945,1327.1273,0.2711,0.2711,0.0000,0.1800,0.4027,0.4027,0.0000,11.1649,1327.1273,NA,NA,NA
dwm.exe,2532,0x0,Other,-1,0,0,Hardware: Legacy Flip,1402.4950,NA,75.09660000000001,70.85160000000000,0.00000000000000,0.06420000000000,2.9495,1327.3984,75.0966,75.0966,0.0000,0.0000,0.0000,0.0000,0.0000,-70.5805,1327.3984,NA,NA,NA
dwm.exe,2532,0x0,Other,-1,0,0,Hardware: Legacy Flip,1402.9955,NA,0.50050000000000,4.13300000000000,0.00000000000000,0.48550000000000,6.5820,1402.4950,0.5005,0.5005,0.0000,0.7412,0.2448,0.2448,0.0000,70.9636,1402.4950,NA,NA,NA
dwm.exe,2532,0x0,Other,-1,0,0,Hardware: Legacy Flip,1419.7482,NA,16.75270000000000,12.53670000000000,0.00000000000000,0.03780000000000,2.3660,1402.9955,16.7527,16.7527,0.0000,0.0000,0.0000,0.0000,0.0000,-12.0362,1402.9955,NA,NA,NA
dwm.exe,2532,0x0,Other,-1,0,0,Hardware: Legacy Flip,1420.0035,NA,0.25530000000000,4.12560000000000,0.00000000000000,0.32050000000000,6.2363,1419.7482,0.2553,0.2553,0.0000,0.1736,0.4022,0.4022,0.0000,12.6271,1419.7482,NA,NA,NA
dwm.exe,2532,0x0,Other,-1,0,0,Hardware: Legacy Flip,1435.2876,NA,15.28410000000000,12.53580000000000,0.00000000000000,0.05100000000000,3.4880,1420.0035,15.2841,15.2841,0.0000,0.0000,0.0000,0.0000,0.0000,-12.2805,1420.0035,NA,NA,NA
dwm.exe,2532,0x0,Other,-1,0,0,Hardware: Legacy Flip,1435.4577,NA,0.17010000000000,4.12300000000000,0.00000000000000,0.33670000000000,7.4409,1435.2876,0.1701,0.1701,0.0000,0.1270,0.3798,0.3798,0.0000,11.1611,1435.2876,NA,NA,NA
dwm.exe,2532,0x0,Other,-1,0,0,Hardware: Legacy Flip,1529.2480,NA,93.79030000000000,88.61550000000000,0.00000000000000,0.04530000000000,2.2661,1435.4577,93.7903,93.7903,0.0000,0.0000,0.0000,0.0000,0.0000,-88.4454,1435.4577,NA,NA,NA
dwm.exe,2532,0x0,Other,-1,0,0,Hardware: Legacy Flip,1529.5920,NA,0.34400000000000,4.13140000000000,0.00000000000000,0.35070000000000,6.0535,1529.2480,0.3440,0.3440,0.0000,0.2509,0.4438,0.4438,0.0000,89.6589,1529.2480,NA,NA,NA
dwm.exe,2532,0x0,Other,-1,0,0,Hardware: Legacy Flip,1544.7037,NA,15.11170000000000,12.54880000000000,0.00000000000000,0.06950000000000,3.4906,1529.5920,15.1117,15.1117,0.0000,0.0000,0.0000,0.0000,0.0000,-12.2048,1529.5920,NA,NA,NA
dwm.exe,2532,0x0,Other,-1,0,0,Hardware: Legacy Flip,1544.9433,NA,0.23960000000000,4.10910000000000,0.00000000000000,0.26760000000000,7.3601,1544.7037,0.2396,0.2396,0.0000,0.1530,0.3542,0.3542,0.0000,11.0026,1544.7037,NA,NA,NA
dwm.exe,2532,0x0,Other,-1,0,0,Hardware: Legacy Flip,1644.9540,NA,100.01070000000000,95.71980000000001,0.00000000000000,0.06470000000000,3.0692,1544.9433,100.0107,100.0107,0.0000,0.0000,0.0000,0.0000,0.0000,-95.4802,1544.9433,NA,NA,NA
dwm.exe,2532,0x0,Other,-1,0,0,Hardware: Legacy Flip,1645.4034,NA,0.44940000000000,4.12980000000000,0.00000000000000,0.22080000000000,6.7496,1644.9540,0.4494,0.4494,0.0000,0.3068,0.3634,0.3634,0.0000,95.8809,1644.9540,NA,NA,NA
dwm.exe,2532,0x0,Other,-1,0,0,Hardware: Legacy Flip,1653.1163,NA,7.71290000000000,4.15920000000000,0.00000000000000,0.04570000000000,3.1959,1645.4034,7.7129,7.7129,0.0000,0.0000,0.0000,0.0000,0.0000,-3.7098,1645.4034,NA,NA,NA
dwm.exe,2532,0x0,Other,-1,0,0,Hardware: Legacy Flip,1653.3564,NA,0.24010000000000,4.15650000000000,0.00000000000000,0.25430000000000,7.1123,1653.1163,0.2401,0.2401,0.0000,0.1559,0.3385,0.3385,0.0000,3.5564,1653.1163,NA,NA,NA
dwm.exe,2532,0x0,Other,-1,0,0,Hardware: Legacy Flip,1753.8293,NA,100.47290000000001,96.16280000000000,0.00000000000000,0.06650000000000,2.8022,1653.3564,100.4729,100.4729,0.0000,0.0000,0.0000,0.0000,0.0000,-95.9227,1653.3564,NA,NA,NA
dwm.exe,2532,0x0,Other,-1,0,0,Hardware: Legacy Flip,1754.2997,NA,0.47040000000000,4.13860000000000,0.00000000000000,0.21370000000000,6.4704,1753.8293,0.4704,0.4704,0.0000,0.3167,0.3674,0.3674,0.0000,96.3343,1753.8293,NA,NA,NA
dwm.exe,2532,0x0,Other,-1,0,0,Hardware: Legacy Flip,1761.6540,NA,7.35430000000000,4.18060000000000,0.00000000000000,0.04960000000000,3.2967,1754.2997,7.3543,7.3543,0.0000,0.0000,0.0000,0.0000,0.0000,-3.7102,1754.2997,NA,NA,NA
dwm.exe,2532,0x0,Other,-1,0,0,Hardware: Legacy Flip,1761.9764,NA,0.32240000000000,4.14230000000000,0.00000000000000,0.21320000000000,7.1166,1761.6540,0.3224,0.3224,0.0000,0.2087,0.3269,0.3269,0.0000,3.2120,1761.6540,NA,NA,NA
dwm.exe,2532,0x0,Other,-1,0,0,Hardware: Legacy Flip,1863.6729,NA,101.69650000000000,97.70460000000000,0.00000000000000,0.03600000000000,3.1247,1761.9764,101.6965,101.6965,0.0000,0.0000,0.0000,0.0000,0.0000,-97.3822,1761.9764,NA,NA,NA
dwm.exe,2532,0x0,Other,-1,0,0,Hardware: Legacy Flip,1863.9734,NA,0.30050000000000,4.11140000000000,0.00000000000000,0.29270000000000,6.9356,1863.6729,0.3005,0.3005,0.0000,0.2230,0.3702,0.3702,0.0000,97.5851,1863.6729,NA,NA,NA
dwm.exe,2532,0x0,Other,-1,0,0,Hardware: Legacy Flip,1940.0695,NA,76.09610000000001,72.39520000000000,0.00000000000000,0.05150000000000,3.2347,1863.9734,76.0961,76.0961,0.0000,0.0000,0.0000,0.0000,0.0000,-72.0947,1863.9734,NA,NA,NA
dwm.exe,2532,0x0,Other,-1,0,0,Hardware: Legacy Flip,1940.3840,NA,0.31450000000000,4.09430000000000,0.00000000000000,0.24460000000000,7.0145,1940.0695,0.3145,0.3145,0.0000,0.2252,0.3339,0.3339,0.0000,72.0018,1940.0695,NA,NA,NA
dwm.exe,2532,0x0,Other,-1,0,0,Hardware: Legacy Flip,1965.0242,NA,24.64020000000000,20.88180000000000,0.00000000000000,0.05360000000000,3.2561,1940.3840,24.6402,24.6402,0.0000,0.0000,0.0000,0.0000,0.0000,-20.5673,1940.3840,NA,NA,NA
dwm.exe,2532,0x0,Other,-1,0,0,Hardware: Legacy Flip,1965.3493,NA,0.32510000000000,4.10850000000000,0.00000000000000,0.31440000000000,7.0395,1965.0242,0.3251,0.3251,0.0000,0.2522,0.3873,0.3873,0.0000,20.5317,1965.0242,NA,NA,NA
dwm.exe,2532,0x0,Other,-1,0,0,Hardware: Legacy Flip,1981.7412,NA,16.39190000000000,12.51670000000000,0.00000000000000,0.04840000000000,3.1643,1965.3493,16.3919,16.3919,0.0000,0.0000,0.0000,0.0000,0.0000,-12.1916,1965.3493,NA,NA,NA
dwm.exe,2532,0x0,Other,-1,0,0,Hardware: Legacy Flip,1981.9416,NA,0.20040000000000,4.14490000000000,0.00000000000000,0.32600000000000,7.1088,1981.7412,0.2004,0.2004,0.0000,0.1229,0.4035,0.4035,0.0000,12.2470,1981.7412,NA,NA,NA
dwm.exe,2532,0x0,Other,-1,0,0,Hardware: Legacy Flip,2080.5357,NA,98.59410000000001,94.55590000000001,0.00000000000000,0.05510000000000,3.0706,1981.9416,98.5941,98.5941,0.0000,0.0000,0.0000,0.0000,0.0000,-94.3555,1981.9416,NA,NA,NA
dwm.exe,2532,0x0,Other,-1,0,0,Hardware: Legacy Flip,2080.9341,NA,0.39840000000000,4.14150000000000,0.00000000000000,0.35810000000000,6.8137,2080.5357,0.3984,0.3984,0.0000,0.2815,0.4750,0.4750,0.0000,94.4526,2080.5357,NA,NA,NA
dwm.exe,2532,0x0,Other,-1,0,0,Hardware: Legacy Flip,2088.6160,NA,7.68190000000000,4.17140000000000,0.00000000000000,0.03760000000000,3.3032,2080.9341,7.6819,7.6819,0.0000,0.0000,0.0000,0.0000,0.0000,-3.7730,2080.9341,NA,NA,NA
dwm.exe,2532,0x0,Other,-1,0,0,Hardware: Legacy Flip,2088.8303,NA,0.21430000000000,4.16550000000000,0.00000000000000,0.35610000000000,7.2544,2088.6160,0.2143,0.2143,0.0000,0.1455,0.4249,0.4249,0.0000,3.5164,2088.6160,NA,NA,NA
dwm.exe,2532,0x0,Other,-1,0,0,Hardware: Legacy Flip,2189.0044,NA,100.17410000000001,96.03880000000001,0.00000000000000,0.14090000000000,3.1191,2088.8303,100.1741,100.1741,0.0000,0.0000,0.0000,0.0000,0.0000,-95.8245,2088.8303,NA,NA,NA
dwm.exe,2532,0x0,Other,-1,0,0,Hardware: Legacy Flip,2189.3830,NA,0.37860000000000,4.13450000000000,0.00000000000000,0.38400000000000,6.8750,2189.0044,0.3786,0.3786,0.0000,0.2654,0.4972,0.4972,0.0000,96.0396,2189.0044,NA,NA,NA
dwm.exe,2532,0x0,Other,-1,0,0,Hardware: Legacy Flip,2197.2028,NA,7.81980000000000,4.22200000000000,0.00000000000000,0.03660000000000,3.2772,2189.3830,7.8198,7.8198,0.0000,0.0000,0.0000,0.0000,0.0000,-3.8434,2189.3830,NA,NA,NA
dwm.exe,2532,0x0,Other,-1,0,0,Hardware: Legacy Flip,2197.4035,NA,0.20070000000000,4.10080000000000,0.00000000000000,0.39140000000000,7.1773,2197.2028,0.2007,0.2007,0.0000,0.1368,0.4553,0.4553,0.0000,3.7190,2197.2028,NA,NA,NA
dwm.exe,2532,0x0,Other,-1,0,0,Hardware: Legacy Flip,2297.2774,NA,99.87390000000001,95.88880000000000,0.00000000000000,0.04850000000000,3.1922,2197.4035,99.8739,99.8739,0.0000,0.0000,0.0000,0.0000,0.0000,-95.6881,2197.4035,NA,NA,NA
dwm.exe,2532,0x0,Other,-1,0,0,Hardware: Legacy Flip,2297.5847,NA,0.30730000000000,4.10710000000000,0.00000000000000,0.42860000000000,6.9920,2297.2774,0.3073,0.3073,0.0000,0.2278,0.5081,0.5081,0.0000,95.7668,2297.2774,NA,NA,NA
dwm.exe,2532,0x0,Other,-1,0,0,Hardware: Legacy Flip,2305.4991,NA,7.91440000000000,4.20100000000000,0.00000000000000,0.05490000000000,3.2786,2297.5847,7.9144,7.9144,0.0000,0.0000,0.0000,0.0000,0.0000,-3.8937,2297.5847,NA,NA,NA
dwm.exe,2532,0x0,Other,-1,0,0,Hardware: Legacy Flip,2305.7163,NA,0.21720000000000,4.13270000000000,0.00000000000000,0.39680000000000,7.1941,2305.4991,0.2172,0.2172,0.0000,0.1472,0.4668,0.4668,0.0000,3.7817,2305.4991,NA,NA,NA
dwm.exe,2532,0x0,Other,-1,0,0,Hardware: Legacy Flip,2406.0378,NA,100.32150000000000,96.24380000000001,0.00000000000000,0.04920000000000,3.1164,2305.7163,100.3215,100.3215,0.0000,0.0000,0.0000,0.0000,0.0000,-96.0266,2305.7163,NA,NA,NA
dwm.exe,2532,0x0,Other,-1,0,0,Hardware: Legacy Flip,2406.3520,NA,0.31420000000000,4.11050000000000,0.00000000000000,0.41080000000000,6.9127,2406.0378,0.3142,0.3142,0.0000,0.2312,0.4938,0.4938,0.0000,96.2110,2406.0378,NA,NA,NA
dwm.exe,2532,0x0,Other,-1,0,0,Hardware: Legacy Flip,2414.3091,NA,7.95710000000000,4.20670000000000,0.00000000000000,0.04790000000000,3.1623,2406.3520,7.9571,7.9571,0.0000,0.0000,0.0000,0.0000,0.0000,-3.8925,2406.3520,NA,NA,NA
dwm.exe,2532,0x0,Other,-1,0,0,Hardware: Legacy Flip,2414.5947,NA,0.28560000000000,4.12290000000000,0.00000000000000,0.37610000000000,6.9996,2414.3091,0.2856,0.2856,0.0000,0.1910,0.4707,0.4707,0.0000,3.8342,2414.3091,NA,NA,NA
dwm.exe,2532,0x0,Other,-1,0,0,Hardware: Legacy Flip,2484.2583,NA,69.66360000000000,65.66570000000000,0.00000000000000,0.07440000000000,3.0017,2414.5947,69.6636,69.6636,0.0000,0.0000,0.0000,0.0000,0.0000,-65.3801,2414.5947,NA,NA,NA
dwm.exe,2532,0x0,Other,-1,0,0,Hardware: Legacy Flip,2485.3372,NA,1.07890000000000,NA,0.00000000000000,0.00000000000000,NA,2484.2583,1.0789,1.0789,0.0000,0.0000,0.0000,0.0000,0.0000,NA,NA,NA,NA,NA
dwm.exe,2532,0x0,Other,-1,0,0,Hardware: Legacy Flip,2508.7244,NA,23.38720000000000,24.92730000000000,0.00000000000000,0.04640000000000,3.4629,2485.3372,23.3872,23.3872,0.0000,0.0000,0.0000,0.0000,0.0000,45.8152,2485.3372,NA,NA,NA
dwm.exe,2532,0x0,Other,-1,0,0,Hardware: Legacy Flip,2508.9412,NA,0.21680000000000,4.11390000000000,0.00000000000000,1.09340000000000,7.3600,2508.7244,0.2168,0.2168,0.0000,0.1529,1.1573,1.1573,0.0000,19.2733,2508.7244,NA,NA,NA
dwm.exe,2532,0x0,Other,-1,0,0,Hardware: Legacy Flip,2525.6327,NA,16.69150000000000,12.52010000000000,0.00000000000000,0.04010000000000,3.1886,2508.9412,16.6915,16.6915,0.0000,0.0000,0.0000,0.0000,0.0000,-12.3033,2508.9412,NA,NA,NA
Code.exe,53416,0x267C985BC30,DXGI,0,0,0,Hardware Composed: Independent Flip,17.5541,NA,3.18350000000000,4.16030000000000,0.79540000000000,10.73950000000000,13.2154,14.4065,3.9430,3.1476,0.7954,9.5580,4.3291,1.0153,3.3138,0.2746,14.4065,NA,NA,NA
dwm.exe,2532,0x0,Other,-1,0,0,Hardware: Legacy Flip,2525.9233,NA,0.29060000000000,4.14400000000000,0.00000000000000,1.12780000000000,7.0420,2525.6327,0.2906,0.2906,0.0000,0.1978,1.2206,1.2206,0.0000,12.5475,2525.6327,NA,NA,NA
dwm.exe,2532,0x0,Other,-1,0,0,Hardware: Legacy Flip,2540.5142,NA,14.59090000000000,8.32980000000000,0.00000000000000,0.06070000000000,0.7809,2525.9233,14.5909,14.5909,0.0000,0.0000,0.0000,0.0000,0.0000,-8.0392,2525.9233,NA,NA,NA
dwm.exe,2532,0x0,Other,-1,0,0,Hardware: Legacy Flip,2540.9942,NA,0.48000000000000,4.15780000000000,0.00000000000000,1.41120000000000,4.4587,2540.5142,0.4800,0.4800,0.0000,0.3889,1.5023,1.5023,0.0000,10.4331,2540.5142,NA,NA,NA
dwm.exe,2532,0x0,Other,-1,0,0,Hardware: Legacy Flip,2624.2012,NA,83.20700000000001,81.54570000000001,0.00000000000000,0.06190000000000,2.7974,2540.9942,83.2070,83.2070,0.0000,0.0000,0.0000,0.0000,0.0000,-81.0657,2540.9942,NA,NA,NA
dwm.exe,2532,0x0,Other,-1,0,0,Hardware: Legacy Flip,2624.7001,NA,0.49890000000000,4.12980000000000,0.00000000000000,1.03930000000000,6.4283,2624.2012,0.4989,0.4989,0.0000,0.3507,1.1875,1.1875,0.0000,79.0772,2624.2012,NA,NA,NA
dwm.exe,2532,0x0,Other,-1,0,0,Hardware: Legacy Flip,2631.9724,NA,7.27230000000000,4.19450000000000,0.00000000000000,0.02690000000000,3.3505,2624.7001,7.2723,7.2723,0.0000,0.0000,0.0000,0.0000,0.0000,-3.6956,2624.7001,NA,NA,NA
dwm.exe,2532,0x0,Other,-1,0,0,Hardware: Legacy Flip,2632.2002,NA,0.22780000000000,4.13490000000000,0.00000000000000,1.10480000000000,7.2576,2631.9724,0.2278,0.2278,0.0000,0.1577,1.1749,1.1749,0.0000,3.1374,2631.9724,NA,NA,NA
dwm.exe,2532,0x0,Other,-1,0,0,Hardware: Legacy Flip,2732.2161,NA,100.01590000000000,95.94500000000001,0.00000000000000,0.05440000000000,3.1867,2632.2002,100.0159,100.0159,0.0000,0.0000,0.0000,0.0000,0.0000,-95.7172,2632.2002,NA,NA,NA
dwm.exe,2532,0x0,Other,-1,0,0,Hardware: Legacy Flip,2732.5552,NA,0.33910000000000,4.12780000000000,0.00000000000000,0.42340000000000,6.9754,2732.2161,0.3391,0.3391,0.0000,0.2478,0.5147,0.5147,0.0000,95.8881,2732.2161,NA,NA,NA
dwm.exe,2532,0x0,Other,-1,0,0,Hardware: Legacy Flip,2740.4739,NA,7.91870000000000,4.18140000000000,0.00000000000000,0.05550000000000,3.2381,2732.5552,7.9187,7.9187,0.0000,0.0000,0.0000,0.0000,0.0000,-3.8423,2732.5552,NA,NA,NA
dwm.exe,2532,0x0,Other,-1,0,0,Hardware: Legacy Flip,2740.7329,NA,0.25900000000000,4.14060000000000,0.00000000000000,0.41600000000000,7.1197,2740.4739,0.2590,0.2590,0.0000,0.1852,0.4898,0.4898,0.0000,3.7781,2740.4739,NA,NA,NA
dwm.exe,2532,0x0,Other,-1,0,0,Hardware: Legacy Flip,2843.4174,NA,102.68450000000000,98.79560000000001,0.00000000000000,0.04380000000000,3.2308,2740.7329,102.6845,102.6845,0.0000,0.0000,0.0000,0.0000,0.0000,-98.5366,2740.7329,NA,NA,NA
dwm.exe,2532,0x0,Other,-1,0,0,Hardware: Legacy Flip,2843.7031,NA,0.28570000000000,4.12000000000000,0.00000000000000,0.43760000000000,7.0651,2843.4174,0.2857,0.2857,0.0000,0.2108,0.5125,0.5125,0.0000,98.5645,2843.4174,NA,NA,NA
dwm.exe,2532,0x0,Other,-1,0,0,Hardware: Legacy Flip,2851.6718,NA,7.96870000000000,4.21310000000000,0.00000000000000,0.03670000000000,3.3095,2843.7031,7.9687,7.9687,0.0000,0.0000,0.0000,0.0000,0.0000,-3.9274,2843.7031,NA,NA,NA
dwm.exe,2532,0x0,Other,-1,0,0,Hardware: Legacy Flip,2851.8636,NA,0.19180000000000,4.11610000000000,0.00000000000000,0.39860000000000,7.2338,2851.6718,0.1918,0.1918,0.0000,0.1310,0.4594,0.4594,0.0000,3.8526,2851.6718,NA,NA,NA
dwm.exe,2532,0x0,Other,-1,0,0,Hardware: Legacy Flip,2954.0544,NA,102.19080000000001,98.09450000000001,0.00000000000000,0.04140000000000,3.1375,2851.8636,102.1908,102.1908,0.0000,0.0000,0.0000,0.0000,0.0000,-97.9027,2851.8636,NA,NA,NA
dwm.exe,2532,0x0,Other,-1,0,0,Hardware: Legacy Flip,2954.4125,NA,0.35810000000000,4.13750000000000,0.00000000000000,0.43670000000000,6.9169,2954.0544,0.3581,0.3581,0.0000,0.2571,0.5377,0.5377,0.0000,98.0533,2954.0544,NA,NA,NA
dwm.exe,2532,0x0,Other,-1,0,0,Hardware: Legacy Flip,2962.2915,NA,7.87900000000000,4.20170000000000,0.00000000000000,0.03380000000000,3.2396,2954.4125,7.8790,7.8790,0.0000,0.0000,0.0000,0.0000,0.0000,-3.8436,2954.4125,NA,NA,NA
dwm.exe,2532,0x0,Other,-1,0,0,Hardware: Legacy Flip,2962.5123,NA,0.22080000000000,4.12460000000000,0.00000000000000,0.40080000000000,7.1434,2962.2915,0.2208,0.2208,0.0000,0.1508,0.4708,0.4708,0.0000,3.7544,2962.2915,NA,NA,NA
dwm.exe,2532,0x0,Other,-1,0,0,Hardware: Legacy Flip,3017.6207,NA,55.10840000000000,51.15180000000000,0.00000000000000,0.03770000000000,3.1868,2962.5123,55.1084,55.1084,0.0000,0.0000,0.0000,0.0000,0.0000,-50.9310,2962.5123,NA,NA,NA
dwm.exe,2532,0x0,Other,-1,0,0,Hardware: Legacy Flip,3017.8657,NA,0.24500000000000,4.14090000000000,0.00000000000000,0.42480000000000,7.0827,3017.6207,0.2450,0.2450,0.0000,0.1860,0.4838,0.4838,0.0000,50.9675,3017.6207,NA,NA,NA
dwm.exe,2532,0x0,Other,-1,0,0,Hardware: Legacy Flip,3055.0349,NA,37.16920000000000,33.38530000000000,0.00000000000000,0.03590000000000,3.2988,3017.8657,37.1692,37.1692,0.0000,0.0000,0.0000,0.0000,0.0000,-33.1403,3017.8657,NA,NA,NA
dwm.exe,2532,0x0,Other,-1,0,0,Hardware: Legacy Flip,3055.2716,NA,0.23670000000000,4.11320000000000,0.00000000000000,0.42430000000000,7.1753,3055.0349,0.2367,0.2367,0.0000,0.1642,0.4968,0.4968,0.0000,33.0560,3055.0349,NA,NA,NA
dwm.exe,2532,0x0,Other,-1,0,0,Hardware: Legacy Flip,3071.7843,NA,16.51270000000000,12.54150000000000,0.00000000000000,0.04450000000000,3.2041,3055.2716,16.5127,16.5127,0.0000,0.0000,0.0000,0.0000,0.0000,-12.3048,3055.2716,NA,NA,NA
dwm.exe,2532,0x0,Other,-1,0,0,Hardware: Legacy Flip,3072.0246,NA,0.24030000000000,4.12280000000000,0.00000000000000,0.39710000000000,7.0866,3071.7843,0.2403,0.2403,0.0000,0.1644,0.4730,0.4730,0.0000,12.3899,3071.7843,NA,NA,NA
dwm.exe,2532,0x0,Other,-1,0,0,Hardware: Legacy Flip,3171.3847,NA,99.36010000000000,95.25750000000001,0.00000000000000,0.06620000000000,2.9840,3072.0246,99.3601,99.3601,0.0000,0.0000,0.0000,0.0000,0.0000,-95.0172,3072.0246,NA,NA,NA
dwm.exe,2532,0x0,Other,-1,0,0,Hardware: Legacy Flip,3171.8856,NA,0.50090000000000,4.12430000000000,0.00000000000000,0.37150000000000,6.6074,3171.3847,0.5009,0.5009,0.0000,0.3515,0.5209,0.5209,0.0000,95.2358,3171.3847,NA,NA,NA
dwm.exe,2532,0x0,Other,-1,0,0,Hardware: Legacy Flip,3179.4377,NA,7.55210000000000,4.19230000000000,0.00000000000000,0.03970000000000,3.2476,3171.8856,7.5521,7.5521,0.0000,0.0000,0.0000,0.0000,0.0000,-3.6914,3171.8856,NA,NA,NA
dwm.exe,2532,0x0,Other,-1,0,0,Hardware: Legacy Flip,3179.6698,NA,0.23210000000000,4.13470000000000,0.00000000000000,0.40660000000000,7.1502,3179.4377,0.2321,0.2321,0.0000,0.1642,0.4745,0.4745,0.0000,3.4174,3179.4377,NA,NA,NA
dwm.exe,2532,0x0,Other,-1,0,0,Hardware: Legacy Flip,3280.2316,NA,100.56180000000001,96.45770000000000,0.00000000000000,0.04500000000000,3.0461,3179.6698,100.5618,100.5618,0.0000,0.0000,0.0000,0.0000,0.0000,-96.2256,3179.6698,NA,NA,NA
dwm.exe,2532,0x0,Other,-1,0,0,Hardware: Legacy Flip,3280.5143,NA,0.28270000000000,4.09790000000000,0.00000000000000,0.42230000000000,6.8613,3280.2316,0.2827,0.2827,0.0000,0.2047,0.5003,0.5003,0.0000,96.4639,3280.2316,NA,NA,NA
dwm.exe,2532,0x0,Other,-1,0,0,Hardware: Legacy Flip,3288.1847,NA,7.67040000000000,4.19030000000000,0.00000000000000,0.04230000000000,3.3812,3280.5143,7.6704,7.6704,0.0000,0.0000,0.0000,0.0000,0.0000,-3.9076,3280.5143,NA,NA,NA
dwm.exe,2532,0x0,Other,-1,0,0,Hardware: Legacy Flip,3288.3895,NA,0.20480000000000,4.13350000000000,0.00000000000000,0.38900000000000,7.3099,3288.1847,0.2048,0.2048,0.0000,0.1338,0.4600,0.4600,0.0000,3.5369,3288.1847,NA,NA,NA
dwm.exe,2532,0x0,Other,-1,0,0,Hardware: Legacy Flip,3389.2677,NA,100.87820000000001,96.81300000000000,0.00000000000000,0.04390000000000,3.2447,3288.3895,100.8782,100.8782,0.0000,0.0000,0.0000,0.0000,0.0000,-96.6082,3288.3895,NA,NA,NA
dwm.exe,2532,0x0,Other,-1,0,0,Hardware: Legacy Flip,3389.5624,NA,0.29470000000000,4.10340000000000,0.00000000000000,0.40810000000000,7.0534,3389.2677,0.2947,0.2947,0.0000,0.2131,0.4897,0.4897,0.0000,96.7748,3389.2677,NA,NA,NA
dwm.exe,2532,0x0,Other,-1,0,0,Hardware: Legacy Flip,3397.5552,NA,7.99280000000000,4.22090000000000,0.00000000000000,0.03630000000000,3.2815,3389.5624,7.9928,7.9928,0.0000,0.0000,0.0000,0.0000,0.0000,-3.9262,3389.5624,NA,NA,NA
dwm.exe,2532,0x0,Other,-1,0,0,Hardware: Legacy Flip,3397.7707,NA,0.21550000000000,4.11230000000000,0.00000000000000,0.42510000000000,7.1783,3397.5552,0.2155,0.2155,0.0000,0.1499,0.4907,0.4907,0.0000,3.8805,3397.5552,NA,NA,NA
dwm.exe,2532,0x0,Other,-1,0,0,Hardware: Legacy Flip,3498.1901,NA,100.41940000000001,96.47350000000000,0.00000000000000,0.04650000000000,3.2324,3397.7707,100.4194,100.4194,0.0000,0.0000,0.0000,0.0000,0.0000,-96.2580,3397.7707,NA,NA,NA
dwm.exe,2532,0x0,Other,-1,0,0,Hardware: Legacy Flip,3498.5413,NA,0.35120000000000,4.10610000000000,0.00000000000000,0.39410000000000,6.9873,3498.1901,0.3512,0.3512,0.0000,0.2414,0.5039,0.5039,0.0000,96.3133,3498.1901,NA,NA,NA
dwm.exe,2532,0x0,Other,-1,0,0,Hardware: Legacy Flip,3506.4806,NA,7.93930000000000,4.21310000000000,0.00000000000000,0.04300000000000,3.2611,3498.5413,7.9393,7.9393,0.0000,0.0000,0.0000,0.0000,0.0000,-3.8619,3498.5413,NA,NA,NA
dwm.exe,2532,0x0,Other,-1,0,0,Hardware: Legacy Flip,3506.7217,NA,0.24110000000000,4.10990000000000,0.00000000000000,0.38630000000000,7.1299,3506.4806,0.2411,0.2411,0.0000,0.1599,0.4675,0.4675,0.0000,3.8294,3506.4806,NA,NA,NA
dwm.exe,2532,0x0,Other,-1,0,0,Hardware: Legacy Flip,3535.9456,NA,29.22390000000000,25.05840000000000,0.00000000000000,0.02650000000000,2.9644,3506.7217,29.2239,29.2239,0.0000,0.0000,0.0000,0.0000,0.0000,-24.8173,3506.7217,NA,NA,NA
dwm.exe,2532,0x0,Other,-1,0,0,Hardware: Legacy Flip,3536.1738,NA,0.22820000000000,4.11010000000000,0.00000000000000,0.41980000000000,6.8463,3535.9456,0.2282,0.2282,0.0000,0.1609,0.4871,0.4871,0.0000,25.1138,3535.9456,NA,NA,NA
dwm.exe,2532,0x0,Other,-1,0,0,Hardware: Legacy Flip,3605.9615,NA,69.78770000000000,66.09340000000000,0.00000000000000,0.05770000000000,3.1520,3536.1738,69.7877,69.7877,0.0000,0.0000,0.0000,0.0000,0.0000,-65.8652,3536.1738,NA,NA,NA
dwm.exe,2532,0x0,Other,-1,0,0,Hardware: Legacy Flip,3606.3537,NA,0.39220000000000,4.10230000000000,0.00000000000000,0.38380000000000,6.8621,3605.9615,0.3922,0.3922,0.0000,0.2753,0.5007,0.5007,0.0000,65.6854,3605.9615,NA,NA,NA
dwm.exe,2532,0x0,Other,-1,0,0,Hardware: Legacy Flip,3614.1521,NA,7.79840000000000,4.20650000000000,0.00000000000000,0.03720000000000,3.2702,3606.3537,7.7984,7.7984,0.0000,0.0000,0.0000,0.0000,0.0000,-3.8143,3606.3537,NA,NA,NA
dwm.exe,2532,0x0,Other,-1,0,0,Hardware: Legacy Flip,3614.3697,NA,0.21760000000000,4.12370000000000,0.00000000000000,0.37400000000000,7.1763,3614.1521,0.2176,0.2176,0.0000,0.1457,0.4459,0.4459,0.0000,3.6747,3614.1521,NA,NA,NA
dwm.exe,2532,0x0,Other,-1,0,0,Hardware: Legacy Flip,3714.8176,NA,100.44790000000000,96.41400000000000,0.00000000000000,0.05320000000000,3.1424,3614.3697,100.4479,100.4479,0.0000,0.0000,0.0000,0.0000,0.0000,-96.1964,3614.3697,NA,NA,NA
dwm.exe,2532,0x0,Other,-1,0,0,Hardware: Legacy Flip,3715.2285,NA,0.41090000000000,4.11260000000000,0.00000000000000,0.38970000000000,6.8441,3714.8176,0.4109,0.4109,0.0000,0.2896,0.5110,0.5110,0.0000,96.3353,3714.8176,NA,NA,NA
dwm.exe,2532,0x0,Other,-1,0,0,Hardware: Legacy Flip,3723.1057,NA,7.87720000000000,4.19050000000000,0.00000000000000,0.04730000000000,3.1574,3715.2285,7.8772,7.8772,0.0000,0.0000,0.0000,0.0000,0.0000,-3.7796,3715.2285,NA,NA,NA
dwm.exe,2532,0x0,Other,-1,0,0,Hardware: Legacy Flip,3723.3812,NA,0.27550000000000,4.13680000000000,0.00000000000000,0.37560000000000,7.0187,3723.1057,0.2755,0.2755,0.0000,0.1829,0.4682,0.4682,0.0000,3.7404,3723.1057,NA,NA,NA
dwm.exe,2532,0x0,Other,-1,0,0,Hardware: Legacy Flip,3823.9044,NA,100.52320000000000,96.63420000000001,0.00000000000000,0.06000000000000,3.1297,3723.3812,100.5232,100.5232,0.0000,0.0000,0.0000,0.0000,0.0000,-96.3587,3723.3812,NA,NA,NA
dwm.exe,2532,0x0,Other,-1,0,0,Hardware: Legacy Flip,3824.3554,NA,0.45100000000000,4.10570000000000,0.00000000000000,0.38690000000000,6.7844,3823.9044,0.4510,0.4510,0.0000,0.3112,0.5267,0.5267,0.0000,96.4175,3823.9044,NA,NA,NA
dwm.exe,2532,0x0,Other,-1,0,0,Hardware: Legacy Flip,3832.0952,NA,7.73980000000000,4.20470000000000,0.00000000000000,0.04190000000000,3.2493,3824.3554,7.7398,7.7398,0.0000,0.0000,0.0000,0.0000,0.0000,-3.7537,3824.3554,NA,NA,NA
dwm.exe,2532,0x0,Other,-1,0,0,Hardware: Legacy Flip,3832.3453,NA,0.25010000000000,4.13000000000000,0.00000000000000,0.39740000000000,7.1292,3832.0952,0.2501,0.2501,0.0000,0.1660,0.4815,0.4815,0.0000,3.6098,3832.0952,NA,NA,NA
dwm.exe,2532,0x0,Other,-1,0,0,Hardware: Legacy Flip,3932.8946,NA,100.54930000000000,96.52410000000000,0.00000000000000,0.05940000000000,3.1040,3832.3453,100.5493,100.5493,0.0000,0.0000,0.0000,0.0000,0.0000,-96.2740,3832.3453,NA,NA,NA
dwm.exe,2532,0x0,Other,-1,0,0,Hardware: Legacy Flip,3933.3379,NA,0.44330000000000,4.12850000000000,0.00000000000000,0.37760000000000,6.7892,3932.8946,0.4433,0.4433,0.0000,0.3098,0.5111,0.5111,0.0000,96.4208,3932.8946,NA,NA,NA
dwm.exe,2532,0x0,Other,-1,0,0,Hardware: Legacy Flip,3941.1328,NA,7.79490000000000,4.19670000000000,0.00000000000000,0.04440000000000,3.1910,3933.3379,7.7949,7.7949,0.0000,0.0000,0.0000,0.0000,0.0000,-3.7534,3933.3379,NA,NA,NA
dwm.exe,2532,0x0,Other,-1,0,0,Hardware: Legacy Flip,3941.3768,NA,0.24400000000000,4.13270000000000,0.00000000000000,0.38930000000000,7.0797,3941.1328,0.2440,0.2440,0.0000,0.1611,0.4722,0.4722,0.0000,3.6622,3941.1328,NA,NA,NA
dwm.exe,2532,0x0,Other,-1,0,0,Hardware: Legacy Flip,4039.8150,NA,98.43820000000001,94.06100000000001,0.00000000000000,0.06570000000000,2.7025,3941.3768,98.4382,98.4382,0.0000,0.0000,0.0000,0.0000,0.0000,-93.8170,3941.3768,NA,NA,NA
dwm.exe,2532,0x0,Other,-1,0,0,Hardware: Legacy Flip,4040.2332,NA,0.41820000000000,4.08380000000000,0.00000000000000,0.41980000000000,6.3681,4039.8150,0.4182,0.4182,0.0000,0.3005,0.5375,0.5375,0.0000,94.3544,4039.8150,NA,NA,NA
dwm.exe,2532,0x0,Other,-1,0,0,Hardware: Legacy Flip,4047.5727,NA,7.33950000000000,4.21330000000000,0.00000000000000,0.03930000000000,3.2419,4040.2332,7.3395,7.3395,0.0000,0.0000,0.0000,0.0000,0.0000,-3.7951,4040.2332,NA,NA,NA
dwm.exe,2532,0x0,Other,-1,0,0,Hardware: Legacy Flip,4047.8299,NA,0.25720000000000,4.11710000000000,0.00000000000000,0.43480000000000,7.1018,4047.5727,0.2572,0.2572,0.0000,0.1797,0.5123,0.5123,0.0000,3.2224,4047.5727,NA,NA,NA
dwm.exe,2532,0x0,Other,-1,0,0,Hardware: Legacy Flip,4060.0683,NA,12.23840000000000,8.37890000000000,0.00000000000000,0.04590000000000,3.2423,4047.8299,12.2384,12.2384,0.0000,0.0000,0.0000,0.0000,0.0000,-8.1217,4047.8299,NA,NA,NA
dwm.exe,2532,0x0,Other,-1,0,0,Hardware: Legacy Flip,4060.3836,NA,0.31530000000000,4.11720000000000,0.00000000000000,0.39610000000000,7.0442,4060.0683,0.3153,0.3153,0.0000,0.4178,0.2936,0.2936,0.0000,8.1212,4060.0683,NA,NA,NA
dwm.exe,2532,0x0,Other,-1,0,0,Hardware: Legacy Flip,4147.0765,NA,86.69290000000001,82.84300000000000,0.00000000000000,0.14500000000000,3.1943,4060.3836,86.6929,86.6929,0.0000,0.0000,0.0000,0.0000,0.0000,-82.5277,4060.3836,NA,NA,NA
dwm.exe,2532,0x0,Other,-1,0,0,Hardware: Legacy Flip,4147.4458,NA,0.36930000000000,4.13360000000000,0.00000000000000,0.40890000000000,6.9586,4147.0765,0.3693,0.3693,0.0000,0.2566,0.5216,0.5216,0.0000,82.5593,4147.0765,NA,NA,NA
dwm.exe,2532,0x0,Other,-1,0,0,Hardware: Legacy Flip,4155.4665,NA,8.02070000000000,4.21960000000000,0.00000000000000,0.05020000000000,3.1575,4147.4458,8.0207,8.0207,0.0000,0.0000,0.0000,0.0000,0.0000,-3.8503,4147.4458,NA,NA,NA
Code.exe,53416,0x267C985BC30,DXGI,0,0,0,Composed: Flip,2538.7604,NA,2521.20630000000028,2510.52559999999994,0.24960000000000,1.26350000000000,2.5347,18.3495,2520.6605,2520.4109,0.2496,2520.4251,1.2493,1.2255,0.0238,-2506.5826,18.3495,NA,NA,NA
dwm.exe,2532,0x0,Other,-1,0,0,Hardware: Legacy Flip,4155.7341,NA,0.26760000000000,4.10990000000000,0.00000000000000,0.41180000000000,6.9998,4155.4665,0.2676,0.2676,0.0000,0.1836,0.4958,0.4958,0.0000,3.9108,4155.4665,NA,NA,NA
dwm.exe,2532,0x0,Other,-1,0,0,Hardware: Legacy Flip,4194.1156,NA,38.38150000000000,33.34580000000000,0.00000000000000,0.03280000000000,1.9641,4155.7341,38.3815,38.3815,0.0000,0.0000,0.0000,0.0000,0.0000,-33.0782,4155.7341,NA,NA,NA
dwm.exe,2532,0x0,Other,-1,0,0,Hardware: Legacy Flip,4194.3806,NA,0.26500000000000,4.15360000000000,0.00000000000000,0.42970000000000,5.8527,4194.1156,0.2650,0.2650,0.0000,0.1845,0.5102,0.5102,0.0000,34.2279,4194.1156,NA,NA,NA
dwm.exe,2532,0x0,Other,-1,0,0,Hardware: Legacy Flip,4251.1234,NA,56.74280000000000,54.16550000000000,0.00000000000000,0.03560000000000,3.2754,4194.3806,56.7428,56.7428,0.0000,0.0000,0.0000,0.0000,0.0000,-53.9005,4194.3806,NA,NA,NA
Code.exe,53416,0x267C985BC30,DXGI,0,0,0,Composed: Flip,4192.9004,NA,1654.14000000000010,1654.78460000000018,0.04140000000000,0.76830000000000,3.1793,2539.0100,1653.9318,1653.8904,0.0414,1653.9235,0.7352,0.7352,0.0000,865.8759,2539.0100,NA,NA,NA
dwm.exe,2532,0x0,Other,-1,0,0,Hardware: Legacy Flip,4251.4180,NA,0.29460000000000,4.13970000000000,0.00000000000000,0.47420000000000,7.1205,4251.1234,0.2946,0.2946,0.0000,0.2137,0.5551,0.5551,0.0000,52.6031,4251.1234,NA,NA,NA
dwm.exe,2532,0x0,Other,-1,0,0,Hardware: Legacy Flip,4260.1278,NA,8.70980000000000,4.20070000000000,0.00000000000000,0.02850000000000,2.6114,4251.4180,8.7098,8.7098,0.0000,0.0000,0.0000,0.0000,0.0000,-3.9061,4251.4180,NA,NA,NA
dwm.exe,2532,0x0,Other,-1,0,0,Hardware: Legacy Flip,4260.4265,NA,0.29870000000000,4.15260000000000,0.00000000000000,0.65590000000000,6.4653,4260.1278,0.2987,0.2987,0.0000,0.2211,0.7335,0.7335,0.0000,4.5572,4260.1278,NA,NA,NA
Code.exe,53416,0x267C985BC30,DXGI,0,0,0,Composed: Flip,4257.6560,NA,64.75560000000000,66.65950000000001,0.03280000000000,2.03910000000000,5.0832,4192.9418,64.7470,64.7142,0.0328,63.9559,2.7974,2.5680,0.2294,1587.2723,4192.9418,NA,NA,NA
dwm.exe,2532,0x0,Other,-1,0,0,Hardware: Legacy Flip,4263.9133,NA,3.48680000000000,4.16730000000000,0.00000000000000,0.78110000000000,7.1458,4260.4265,3.4868,3.4868,0.0000,3.6863,0.5816,0.5816,0.0000,-3.8686,4260.4265,NA,NA,NA
Code.exe,53416,0x267C985BC30,DXGI,0,0,0,Composed: Flip,4267.7661,NA,10.11010000000000,12.46040000000000,0.03800000000000,1.16500000000000,7.4335,4257.6888,10.1153,10.0773,0.0380,9.7920,1.4503,1.4503,0.0000,52.2866,4257.6888,NA,NA,NA
dwm.exe,2532,0x0,Other,-1,0,0,Hardware: Legacy Flip,4269.3885,NA,5.47520000000000,4.14050000000000,0.00000000000000,0.75500000000000,5.8111,4263.9133,5.4752,5.4752,0.0000,5.3813,0.8489,0.8489,0.0000,-0.6537,4263.9133,NA,NA,NA
dwm.exe,2532,0x0,Other,-1,0,0,Hardware: Legacy Flip,4277.3336,NA,7.94510000000000,4.16190000000000,0.00000000000000,0.02940000000000,2.0279,4269.3885,7.9451,7.9451,0.0000,0.0000,0.0000,0.0000,0.0000,1.3133,4269.3885,NA,NA,NA
Code.exe,53416,0x267C985BC30,DXGI,0,0,0,Composed: Flip,4273.5886,NA,5.82250000000000,4.16190000000000,0.02170000000000,3.40940000000000,5.7729,4267.8041,5.8062,5.7845,0.0217,5.8435,3.3504,3.3504,0.0000,5.9534,4267.8041,NA,NA,NA
dwm.exe,2532,0x0,Other,-1,0,0,Hardware: Legacy Flip,4277.9702,NA,0.63660000000000,4.19130000000000,0.00000000000000,1.43840000000000,5.5826,4277.3336,0.6366,0.6366,0.0000,0.5170,1.5580,1.5580,0.0000,3.7538,4277.3336,NA,NA,NA
Code.exe,53416,0x267C985BC30,DXGI,0,0,0,Composed: Flip,4278.6344,NA,5.04580000000000,8.36280000000000,0.03190000000000,3.19880000000000,9.0899,4273.6103,5.0560,5.0241,0.0319,6.7332,1.4897,1.4897,0.0000,-2.5566,4273.6103,NA,NA,NA
dwm.exe,2532,0x0,Other,-1,0,0,Hardware: Legacy Flip,4282.2493,NA,4.27910000000000,4.17150000000000,0.00000000000000,1.06590000000000,5.4750,4277.9702,4.2791,4.2791,0.0000,4.1808,1.1642,1.1642,0.0000,-3.5349,4277.9702,NA,NA,NA
Code.exe,53416,0x267C985BC30,DXGI,0,0,0,Composed: Flip,4283.0021,NA,4.36770000000000,4.13800000000000,0.02610000000000,0.46070000000000,8.8602,4278.6663,4.3619,4.3358,0.0261,4.6489,0.1476,0.1476,0.0000,0.9180,4278.6663,NA,NA,NA
dwm.exe,2532,0x0,Other,-1,0,0,Hardware: Legacy Flip,4283.8771,NA,1.62780000000000,4.13800000000000,0.00000000000000,1.08060000000000,7.9852,4282.2493,1.6278,1.6278,0.0000,1.5446,1.1638,1.1638,0.0000,0.1411,4282.2493,NA,NA,NA
dwm.exe,2532,0x0,Other,-1,0,0,Hardware: Legacy Flip,4293.9193,NA,10.04220000000000,4.16890000000000,0.00000000000000,0.03200000000000,2.1119,4283.8771,10.0422,10.0422,0.0000,0.0000,0.0000,0.0000,0.0000,-2.5411,4283.8771,NA,NA,NA
Code.exe,53416,0x267C985BC30,DXGI,0,0,0,Composed: Flip,4290.0781,NA,7.07600000000000,4.16890000000000,0.03330000000000,3.37610000000000,5.9531,4283.0282,7.0832,7.0499,0.0333,2.4706,7.9554,5.5771,2.3783,0.1930,4283.0282,NA,NA,NA
dwm.exe,2532,0x0,Other,-1,0,0,Hardware: Legacy Flip,4294.5739,NA,0.65460000000000,4.15880000000000,0.00000000000000,2.92350000000000,5.6161,4293.9193,0.6546,0.6546,0.0000,2.3393,1.2388,1.2388,0.0000,5.8834,4293.9193,NA,NA,NA
Code.exe,53416,0x267C985BC30,DXGI,0,0,0,Composed: Flip,4290.5461,NA,0.46800000000000,8.32580000000000,0.02440000000000,8.12020000000000,13.8109,4290.1114,0.4591,0.4347,0.0244,3.3428,5.2121,3.0298,2.1823,-1.2426,4290.1114,NA,NA,NA
dwm.exe,2532,0x0,Other,-1,0,0,Hardware: Legacy Flip,4299.2345,NA,4.66060000000000,4.16700000000000,0.00000000000000,1.43190000000000,5.1225,4294.5739,4.6606,4.6606,0.0000,4.8873,1.2052,1.2052,0.0000,-3.5124,4294.5739,NA,NA,NA
Code.exe,53416,0x267C985BC30,DXGI,0,0,0,Composed: Flip,4292.8078,NA,2.26170000000000,4.16990000000000,0.02510000000000,9.90540000000000,15.7191,4290.5705,2.2624,2.2373,0.0251,8.0958,4.0469,2.8311,1.2158,-3.7108,4290.5705,NA,NA,NA
dwm.exe,2532,0x0,Other,-1,0,0,Hardware: Legacy Flip,4303.2053,NA,3.97080000000000,4.16990000000000,0.00000000000000,1.51910000000000,5.3216,4299.2345,3.9708,3.9708,0.0000,4.2615,1.2284,1.2284,0.0000,0.4907,4299.2345,NA,NA,NA
Code.exe,53416,0x267C985BC30,DXGI,0,0,0,Composed: Flip,4297.1455,NA,4.33770000000000,4.21800000000000,0.02600000000000,9.65480000000000,15.5994,4292.8329,4.3386,4.3126,0.0260,9.8803,4.0871,2.8480,1.2391,-1.9556,4292.8329,NA,NA,NA
dwm.exe,2532,0x0,Other,-1,0,0,Hardware: Legacy Flip,4307.2655,NA,4.06020000000000,4.21800000000000,0.00000000000000,1.49790000000000,5.4794,4303.2053,4.0602,4.0602,0.0000,4.3897,1.1684,1.1684,0.0000,-0.2472,4303.2053,NA,NA,NA
Code.exe,53416,0x267C985BC30,DXGI,0,0,0,Composed: Flip,4301.1029,NA,3.95740000000000,4.10900000000000,0.02410000000000,9.78750000000000,15.7510,4297.1715,3.9555,3.9314,0.0241,9.6288,4.0901,2.9017,1.1884,0.2296,4297.1715,NA,NA,NA
dwm.exe,2532,0x0,Other,-1,0,0,Hardware: Legacy Flip,4311.4551,NA,4.18960000000000,4.10900000000000,0.00000000000000,1.18230000000000,5.3988,4307.2655,4.1896,4.1896,0.0000,4.4012,0.9707,0.9707,0.0000,-0.0488,4307.2655,NA,NA,NA
Code.exe,53416,0x267C985BC30,DXGI,0,0,0,Composed: Flip,4305.2091,NA,4.10620000000000,4.17980000000000,0.02390000000000,10.23570000000000,15.8246,4301.1270,4.1060,4.0821,0.0239,9.7634,4.5544,2.7027,1.8517,-0.2243,4301.1270,NA,NA,NA
dwm.exe,2532,0x0,Other,-1,0,0,Hardware: Legacy Flip,4316.3847,NA,4.92960000000000,4.17980000000000,0.00000000000000,1.34760000000000,4.6490,4311.4551,4.9296,4.9296,0.0000,4.9393,1.3379,1.3379,0.0000,0.0098,4311.4551,NA,NA,NA
Code.exe,53416,0x267C985BC30,DXGI,0,0,0,Composed: Flip,4309.7056,NA,4.49650000000000,4.15920000000000,0.03430000000000,10.17770000000000,15.4873,4305.2330,4.5069,4.4726,0.0343,10.2118,4.4385,3.0836,1.3549,-0.0532,4305.2330,NA,NA,NA
dwm.exe,2532,0x0,Other,-1,0,0,Hardware: Legacy Flip,4320.4907,NA,4.10600000000000,4.15920000000000,0.00000000000000,1.14170000000000,4.7022,4316.3847,4.1060,4.1060,0.0000,4.2110,1.0367,1.0367,0.0000,0.7704,4316.3847,NA,NA,NA
Code.exe,53416,0x267C985BC30,DXGI,0,0,0,Composed: Flip,4316.6344,NA,6.92880000000000,4.17720000000000,0.02340000000000,7.30510000000000,12.7357,4309.7399,6.9179,6.8945,0.0234,10.1434,4.0562,3.0080,1.0482,0.3297,4309.7399,NA,NA,NA
dwm.exe,2532,0x0,Other,-1,0,0,Hardware: Legacy Flip,4324.8464,NA,4.35570000000000,4.17720000000000,0.00000000000000,1.33660000000000,4.5237,4320.4907,4.3557,4.3557,0.0000,4.3651,1.3272,1.3272,0.0000,-0.0712,4320.4907,NA,NA,NA
Code.exe,53416,0x267C985BC30,DXGI,0,0,0,Composed: Flip,4320.3622,NA,3.72780000000000,4.16630000000000,0.02520000000000,7.99090000000000,13.1742,4316.6578,3.7296,3.7044,0.0252,7.2817,4.4136,2.7872,1.6264,2.7516,4316.6578,NA,NA,NA
browser.exe,28600,0x19775AF2210,DXGI,0,0,0,Composed: Flip,4324.0489,NA,0.00000000000000,NA,1.15700000000000,5.18200000000000,NA,4328.3465,1.1570,0.0000,1.1570,0.0000,4.6743,1.0814,3.5929,NA,NA,NA,NA,NA
dwm.exe,2532,0x0,Other,-1,0,0,Hardware: Legacy Flip,4329.5133,NA,4.66690000000000,4.16630000000000,0.00000000000000,1.31160000000000,4.0231,4324.8464,4.6669,4.6669,0.0000,4.8570,1.1215,1.1215,0.0000,0.1894,4324.8464,NA,NA,NA
dwm.exe,2532,0x0,Other,-1,0,0,Hardware: Legacy Flip,4336.0170,NA,6.50370000000000,NA,0.00000000000000,0.00000000000000,NA,4329.5133,6.5037,6.5037,0.0000,0.0000,0.0000,0.0000,0.0000,NA,NA,NA,NA,NA
dwm.exe,2532,0x0,Other,-1,0,0,Hardware: Legacy Flip,4336.9721,NA,0.95510000000000,4.16660000000000,0.00000000000000,0.05740000000000,0.7309,4336.0170,0.9551,0.9551,0.0000,0.0000,5.0220,3.1703,1.8517,7.0040,4336.0170,NA,NA,NA
Code.exe,53416,0x267C985BC30,DXGI,0,0,0,Composed: Flip,4324.4878,NA,4.12560000000000,4.16660000000000,0.02660000000000,11.20860000000000,13.2152,4320.3874,4.1270,4.1004,0.0266,10.8635,4.4455,3.7348,0.7107,-0.4370,4320.3874,NA,NA,NA
dwm.exe,2532,0x0,Other,-1,0,0,Hardware: Legacy Flip,4337.8625,NA,0.89040000000000,4.14470000000000,0.00000000000000,1.22950000000000,3.9852,4336.9721,0.8904,0.8904,0.0000,0.0574,2.0625,2.0625,0.0000,-3.1896,4336.9721,NA,NA,NA
dwm.exe,2532,0x0,Other,-1,0,0,Hardware: Legacy Flip,4342.6582,NA,4.79570000000000,NA,0.00000000000000,0.00000000000000,NA,4337.8625,4.7957,4.7957,0.0000,0.0000,0.0000,0.0000,0.0000,NA,NA,NA,NA,NA
dwm.exe,2532,0x0,Other,-1,0,0,Hardware: Legacy Flip,4343.1117,NA,0.45350000000000,4.25560000000000,0.00000000000000,0.02830000000000,2.9916,4342.6582,0.4535,0.4535,0.0000,0.0000,4.0480,3.2724,0.7756,1.4305,4342.6582,NA,NA,NA
Code.exe,53416,0x267C985BC30,DXGI,0,0,0,Composed: Flip,4325.7059,NA,1.21810000000000,8.40030000000000,0.02910000000000,12.06870000000000,20.3974,4324.5144,1.2206,1.1915,0.0291,11.6873,1.5729,1.5729,0.0000,-4.2733,4324.5144,NA,NA,NA
Code.exe,53416,0x267C985BC30,DXGI,0,0,0,Composed: Flip,4330.7576,NA,5.05170000000000,NA,0.03340000000000,12.25470000000000,NA,4325.7350,5.0560,5.0226,0.0334,16.9940,0.2833,0.2833,0.0000,NA,NA,NA,NA,NA
Code.exe,53416,0x267C985BC30,DXGI,0,0,0,Composed: Flip,4334.7675,NA,4.00990000000000,NA,0.99180000000000,9.61150000000000,NA,4330.7910,4.9683,3.9765,0.9918,13.4473,0.1407,0.1407,0.0000,NA,NA,NA,NA,NA
dwm.exe,2532,0x0,Other,-1,0,0,Hardware: Legacy Flip,4343.3204,NA,0.20870000000000,4.11270000000000,0.00000000000000,0.91070000000000,6.8956,4343.1117,0.2087,0.2087,0.0000,0.0283,1.0911,1.0911,0.0000,-3.6592,4343.1117,NA,NA,NA
Code.exe,53416,0x267C985BC30,DXGI,0,0,0,Composed: Flip,4338.8881,NA,4.12060000000000,8.26730000000000,0.03200000000000,5.85510000000000,15.4825,4335.7593,3.1608,3.1288,0.0320,8.7318,0.2521,0.2521,0.0000,2.9776,4335.7593,NA,NA,NA
Code.exe,53416,0x267C985BC30,DXGI,0,0,0,Composed: Flip,4345.0773,NA,6.18920000000000,NA,0.02740000000000,2.63220000000000,NA,4338.9201,6.1846,6.1572,0.0274,6.2184,2.5710,2.5710,0.0000,NA,NA,NA,NA,NA
dwm.exe,2532,0x0,Other,-1,0,0,Hardware: Legacy Flip,4346.9902,NA,3.66980000000000,4.15460000000000,0.00000000000000,1.64920000000000,7.3804,4343.3204,3.6698,3.6698,0.0000,0.9107,4.4083,4.4083,0.0000,-3.9459,4343.3204,NA,NA,NA
Code.exe,53416,0x267C985BC30,DXGI,0,0,0,Composed: Flip,4346.9913,NA,1.91400000000000,4.17140000000000,0.03910000000000,3.04790000000000,11.5507,4345.1047,1.9257,1.8866,0.0391,3.5926,1.3419,1.3419,0.0000,5.1740,4345.1047,NA,NA,NA
dwm.exe,2532,0x0,Other,-1,0,0,Hardware: Legacy Flip,4350.8027,NA,3.81250000000000,4.17140000000000,0.00000000000000,1.09610000000000,7.7393,4346.9902,3.8125,3.8125,0.0000,3.6891,1.2195,1.2195,0.0000,-0.5016,4346.9902,NA,NA,NA
Code.exe,53416,0x267C985BC30,DXGI,0,0,0,Composed: Flip,4350.5934,NA,3.60210000000000,4.17700000000000,0.02480000000000,1.38090000000000,12.1256,4347.0304,3.5878,3.5630,0.0248,4.8684,0.0755,0.0755,0.0000,-2.2513,4347.0304,NA,NA,NA
dwm.exe,2532,0x0,Other,-1,0,0,Hardware: Legacy Flip,4354.7180,NA,3.91530000000000,4.17700000000000,0.00000000000000,0.87070000000000,8.0010,4350.8027,3.9153,3.9153,0.0000,3.8297,0.9563,0.9563,0.0000,-0.3645,4350.8027,NA,NA,NA
Code.exe,53416,0x267C985BC30,DXGI,0,0,0,Composed: Flip,4354.7870,NA,4.19360000000000,4.14300000000000,0.03080000000000,0.88150000000000,12.0750,4350.6182,4.1996,4.1688,0.0308,4.9705,0.0798,0.0798,0.0000,-0.5552,4350.6182,NA,NA,NA
dwm.exe,2532,0x0,Other,-1,0,0,Hardware: Legacy Flip,4359.0521,NA,4.33410000000000,4.14300000000000,0.00000000000000,0.72820000000000,7.8099,4354.7180,4.3341,4.3341,0.0000,4.3328,0.7295,0.7295,0.0000,-0.2277,4354.7180,NA,NA,NA
Code.exe,53416,0x267C985BC30,DXGI,0,0,0,Composed: Flip,4359.0012,NA,4.21420000000000,4.17850000000000,0.02600000000000,0.85750000000000,12.0393,4354.8178,4.2094,4.1834,0.0260,4.9625,0.0784,0.0784,0.0000,0.0211,4354.8178,NA,NA,NA
dwm.exe,2532,0x0,Other,-1,0,0,Hardware: Legacy Flip,4363.1336,NA,4.08150000000000,4.17850000000000,0.00000000000000,0.39140000000000,7.9069,4359.0521,4.0815,4.0815,0.0000,3.9928,0.4801,0.4801,0.0000,0.1556,4359.0521,NA,NA,NA
Code.exe,53416,0x267C985BC30,DXGI,0,0,0,Composed: Flip,4363.1340,NA,4.13280000000000,4.17370000000000,0.02480000000000,0.47610000000000,12.0802,4359.0272,4.1316,4.1068,0.0248,4.4978,0.0851,0.0851,0.0000,0.0357,4359.0272,NA,NA,NA
dwm.exe,2532,0x0,Other,-1,0,0,Hardware: Legacy Flip,4367.2030,NA,4.06940000000000,4.17370000000000,0.00000000000000,0.39160000000000,8.0112,4363.1336,4.0694,4.0694,0.0000,3.9857,0.4753,0.4753,0.0000,-0.0922,4363.1336,NA,NA,NA
Code.exe,53416,0x267C985BC30,DXGI,0,0,0,Composed: Flip,4367.1976,NA,4.06360000000000,4.16860000000000,0.02230000000000,0.48500000000000,12.1852,4363.1588,4.0611,4.0388,0.0223,4.4358,0.0880,0.0880,0.0000,-0.0370,4363.1588,NA,NA,NA
dwm.exe,2532,0x0,Other,-1,0,0,Hardware: Legacy Flip,4371.4298,NA,4.22680000000000,4.16860000000000,0.00000000000000,0.41120000000000,7.9530,4367.2030,4.2268,4.2268,0.0000,4.1301,0.5079,0.5079,0.0000,-0.0992,4367.2030,NA,NA,NA
Code.exe,53416,0x267C985BC30,DXGI,0,0,0,Composed: Flip,4371.4582,NA,4.26060000000000,4.16800000000000,0.02590000000000,0.47240000000000,12.0926,4367.2199,4.2642,4.2383,0.0259,4.6211,0.0896,0.0896,0.0000,-0.1069,4367.2199,NA,NA,NA
dwm.exe,2532,0x0,Other,-1,0,0,Hardware: Legacy Flip,4375.6423,NA,4.21250000000000,4.16800000000000,0.00000000000000,0.34090000000000,7.9085,4371.4298,4.2125,4.2125,0.0000,4.4435,0.1099,0.1099,0.0000,0.0588,4371.4298,NA,NA,NA
Code.exe,53416,0x267C985BC30,DXGI,0,0,0,Composed: Flip,4375.6834,NA,4.22520000000000,4.14710000000000,0.03050000000000,0.37940000000000,12.0145,4371.4841,4.2298,4.1993,0.0305,4.4991,0.0796,0.0796,0.0000,0.1171,4371.4841,NA,NA,NA
dwm.exe,2532,0x0,Other,-1,0,0,Hardware: Legacy Flip,4379.8189,NA,4.17660000000000,4.14710000000000,0.00000000000000,0.49290000000000,7.8790,4375.6423,4.1766,4.1766,0.0000,4.0793,0.5902,0.5902,0.0000,0.0654,4375.6423,NA,NA,NA
Code.exe,53416,0x267C985BC30,DXGI,0,0,0,Composed: Flip,4379.7300,NA,4.04660000000000,4.16230000000000,0.02910000000000,0.66550000000000,12.1302,4375.7139,4.0452,4.0161,0.0291,4.5979,0.0837,0.0837,0.0000,0.0675,4375.7139,NA,NA,NA
dwm.exe,2532,0x0,Other,-1,0,0,Hardware: Legacy Flip,4383.9103,NA,4.09140000000000,4.16230000000000,0.00000000000000,0.48790000000000,7.9499,4379.8189,4.0914,4.0914,0.0000,4.0054,0.5739,0.5739,0.0000,0.0143,4379.8189,NA,NA,NA
Code.exe,53416,0x267C985BC30,DXGI,0,0,0,Composed: Flip,4383.9100,NA,4.18000000000000,4.16310000000000,0.02340000000000,0.57660000000000,12.1133,4379.7591,4.1743,4.1509,0.0234,4.6391,0.0884,0.0884,0.0000,-0.1179,4379.7591,NA,NA,NA
dwm.exe,2532,0x0,Other,-1,0,0,Hardware: Legacy Flip,4388.1058,NA,4.19550000000000,4.16310000000000,0.00000000000000,0.58400000000000,7.9175,4383.9103,4.1955,4.1955,0.0000,4.1199,0.6596,0.6596,0.0000,-0.0717,4383.9103,NA,NA,NA
Code.exe,53416,0x267C985BC30,DXGI,0,0,0,Composed: Flip,4388.0930,NA,4.18300000000000,4.16870000000000,0.02580000000000,0.70840000000000,12.0990,4383.9334,4.1854,4.1596,0.0258,4.7564,0.1116,0.1116,0.0000,0.0056,4383.9334,NA,NA,NA
dwm.exe,2532,0x0,Other,-1,0,0,Hardware: Legacy Flip,4392.2443,NA,4.13850000000000,4.16870000000000,0.00000000000000,0.35300000000000,7.9477,4388.1058,4.1385,4.1385,0.0000,4.0394,0.4521,0.4521,0.0000,0.0268,4388.1058,NA,NA,NA
Code.exe,53416,0x267C985BC30,DXGI,0,0,0,Composed: Flip,4392.2322,NA,4.13920000000000,4.17770000000000,0.02500000000000,0.46500000000000,12.1375,4388.1188,4.1384,4.1134,0.0250,4.4785,0.0999,0.0999,0.0000,0.0077,4388.1188,NA,NA,NA
dwm.exe,2532,0x0,Other,-1,0,0,Hardware: Legacy Flip,4396.3559,NA,4.11160000000000,4.17770000000000,0.00000000000000,0.06560000000000,8.0138,4392.2443,4.1116,4.1116,0.0000,4.0220,0.1552,0.1552,0.0000,-0.0392,4392.2443,NA,NA,NA
Code.exe,53416,0x267C985BC30,DXGI,0,0,0,Composed: Flip,4396.3419,NA,4.10970000000000,4.15960000000000,0.02360000000000,0.19190000000000,12.1874,4392.2572,4.1083,4.0847,0.0236,4.1714,0.1052,0.1052,0.0000,-0.0212,4392.2572,NA,NA,NA
dwm.exe,2532,0x0,Other,-1,0,0,Hardware: Legacy Flip,4400.5192,NA,4.16330000000000,4.15960000000000,0.00000000000000,0.06950000000000,8.0101,4396.3559,4.1633,4.1633,0.0000,4.0810,0.1518,0.1518,0.0000,-0.0480,4396.3559,NA,NA,NA
Code.exe,53416,0x267C985BC30,DXGI,0,0,0,Composed: Flip,4400.6028,NA,4.26090000000000,4.16570000000000,0.02220000000000,0.20520000000000,12.0922,4396.3655,4.2595,4.2373,0.0222,4.3052,0.1373,0.1373,0.0000,-0.0574,4396.3655,NA,NA,NA
dwm.exe,2532,0x0,Other,-1,0,0,Hardware: Legacy Flip,4404.7704,NA,4.25120000000000,4.16570000000000,0.00000000000000,0.04710000000000,7.9246,4400.5192,4.2512,4.2512,0.0000,4.1577,0.1406,0.1406,0.0000,-0.0024,4400.5192,NA,NA,NA
Code.exe,53416,0x267C985BC30,DXGI,0,0,0,Composed: Flip,4404.8031,NA,4.20030000000000,4.15710000000000,0.02720000000000,0.23960000000000,12.0490,4400.6250,4.2053,4.1781,0.0272,4.2712,0.1465,0.1465,0.0000,0.1024,4400.6250,NA,NA,NA
dwm.exe,2532,0x0,Other,-1,0,0,Hardware: Legacy Flip,4408.8640,NA,4.09360000000000,4.15710000000000,0.00000000000000,0.07110000000000,7.9881,4404.7704,4.0936,4.0936,0.0000,4.0054,0.1593,0.1593,0.0000,0.0941,4404.7704,NA,NA,NA
Code.exe,53416,0x267C985BC30,DXGI,0,0,0,Composed: Flip,4408.9021,NA,4.09900000000000,4.17820000000000,0.02160000000000,0.21630000000000,12.1282,4404.8303,4.0934,4.0718,0.0216,4.1458,0.1423,0.1423,0.0000,0.0271,4404.8303,NA,NA,NA
dwm.exe,2532,0x0,Other,-1,0,0,Hardware: Legacy Flip,4413.0430,NA,4.17900000000000,4.17820000000000,0.00000000000000,0.07230000000000,7.9873,4408.8640,4.1790,4.1790,0.0000,4.1040,0.1473,0.1473,0.0000,-0.0846,4408.8640,NA,NA,NA
Code.exe,53416,0x267C985BC30,DXGI,0,0,0,Composed: Flip,4413.0519,NA,4.14980000000000,4.17540000000000,0.02370000000000,0.23230000000000,12.1538,4408.9237,4.1519,4.1282,0.0237,4.2280,0.1325,0.1325,0.0000,-0.0820,4408.9237,NA,NA,NA
dwm.exe,2532,0x0,Other,-1,0,0,Hardware: Legacy Flip,4417.1761,NA,4.13310000000000,4.17540000000000,0.00000000000000,0.06670000000000,8.0296,4413.0430,4.1331,4.1331,0.0000,4.0505,0.1493,0.1493,0.0000,0.0036,4413.0430,NA,NA,NA
Code.exe,53416,0x267C985BC30,DXGI,0,0,0,Composed: Flip,4417.1878,NA,4.13590000000000,4.13760000000000,0.02120000000000,0.16830000000000,12.1555,4413.0756,4.1334,4.1122,0.0212,4.1733,0.1072,0.1072,0.0000,0.0143,4413.0756,NA,NA,NA
dwm.exe,2532,0x0,Other,-1,0,0,Hardware: Legacy Flip,4421.3762,NA,4.20010000000000,4.13760000000000,0.00000000000000,0.07090000000000,7.9671,4417.1761,4.2001,4.2001,0.0000,4.1165,0.1545,0.1545,0.0000,-0.0045,4417.1761,NA,NA,NA
Code.exe,53416,0x267C985BC30,DXGI,0,0,0,Composed: Flip,4421.4217,NA,4.23390000000000,4.16890000000000,0.02410000000000,0.20870000000000,12.0905,4417.2090,4.2368,4.2127,0.0241,4.2854,0.1360,0.1360,0.0000,-0.0355,4417.2090,NA,NA,NA
dwm.exe,2532,0x0,Other,-1,0,0,Hardware: Legacy Flip,4425.5795,NA,4.20330000000000,4.16890000000000,0.00000000000000,0.06930000000000,7.9327,4421.3762,4.2033,4.2033,0.0000,4.1189,0.1537,0.1537,0.0000,0.0312,4421.3762,NA,NA,NA
Code.exe,53416,0x267C985BC30,DXGI,0,0,0,Composed: Flip,4425.5512,NA,4.12950000000000,4.20110000000000,0.01760000000000,0.18390000000000,12.1621,4421.4458,4.1230,4.1054,0.0176,4.2030,0.0863,0.0863,0.0000,0.0357,4421.4458,NA,NA,NA
dwm.exe,2532,0x0,Other,-1,0,0,Hardware: Legacy Flip,4429.6415,NA,4.06200000000000,4.20110000000000,0.00000000000000,0.10720000000000,8.0718,4425.5795,4.0620,4.0620,0.0000,4.0042,0.1650,0.1650,0.0000,0.0022,4425.5795,NA,NA,NA
Code.exe,53416,0x267C985BC30,DXGI,0,0,0,Composed: Flip,4429.6723,NA,4.12110000000000,4.15330000000000,0.03630000000000,0.21490000000000,12.1943,4425.5688,4.1398,4.1035,0.0363,4.1943,0.1241,0.1241,0.0000,-0.0303,4425.5688,NA,NA,NA
dwm.exe,2532,0x0,Other,-1,0,0,Hardware: Legacy Flip,4433.8326,NA,4.19110000000000,4.15330000000000,0.00000000000000,0.15710000000000,8.0340,4429.6415,4.1911,4.1911,0.0000,4.1818,0.1664,0.1664,0.0000,-0.0913,4429.6415,NA,NA,NA
Code.exe,53416,0x267C985BC30,DXGI,0,0,0,Composed: Flip,4433.8873,NA,4.21500000000000,4.16700000000000,0.02320000000000,0.29480000000000,12.1463,4429.7086,4.2019,4.1787,0.0232,4.3355,0.1380,0.1380,0.0000,-0.0272,4429.7086,NA,NA,NA
dwm.exe,2532,0x0,Other,-1,0,0,Hardware: Legacy Flip,4438.1084,NA,4.27580000000000,4.16700000000000,0.00000000000000,0.06400000000000,7.9252,4433.8326,4.2758,4.2758,0.0000,4.1891,0.1507,0.1507,0.0000,0.0241,4433.8326,NA,NA,NA
Code.exe,53416,0x267C985BC30,DXGI,0,0,0,Composed: Flip,4438.1482,NA,4.26090000000000,4.16200000000000,0.02450000000000,0.21120000000000,12.0474,4433.9105,4.2622,4.2377,0.0245,4.3154,0.1335,0.1335,0.0000,0.0399,4433.9105,NA,NA,NA
dwm.exe,2532,0x0,Other,-1,0,0,Hardware: Legacy Flip,4442.2357,NA,4.12730000000000,4.16200000000000,0.00000000000000,0.07150000000000,7.9599,4438.1084,4.1273,4.1273,0.0000,4.0469,0.1519,0.1519,0.0000,0.1138,4438.1084,NA,NA,NA
Code.exe,53416,0x267C985BC30,DXGI,0,0,0,Composed: Flip,4442.2288,NA,4.08060000000000,4.15250000000000,0.02350000000000,0.42800000000000,12.1193,4438.1727,4.0796,4.0561,0.0235,4.1436,0.3405,0.3405,0.0000,0.1097,4438.1727,NA,NA,NA
dwm.exe,2532,0x0,Other,-1,0,0,Hardware: Legacy Flip,4446.3866,NA,4.15090000000000,4.15250000000000,0.00000000000000,0.06680000000000,7.9615,4442.2357,4.1509,4.1509,0.0000,4.0688,0.1489,0.1489,0.0000,-0.0252,4442.2357,NA,NA,NA
Code.exe,53416,0x267C985BC30,DXGI,0,0,0,Composed: Flip,4446.3849,NA,4.15610000000000,4.16370000000000,0.02820000000000,0.24300000000000,12.1269,4442.2523,4.1608,4.1326,0.0282,4.2406,0.1350,0.1350,0.0000,-0.0841,4442.2523,NA,NA,NA
dwm.exe,2532,0x0,Other,-1,0,0,Hardware: Legacy Flip,4450.6134,NA,4.22680000000000,4.16370000000000,0.00000000000000,0.17610000000000,7.8984,4446.3866,4.2268,4.2268,0.0000,4.2912,0.1117,0.1117,0.0000,-0.0128,4446.3866,NA,NA,NA
Code.exe,53416,0x267C985BC30,DXGI,0,0,0,Composed: Flip,4450.6113,NA,4.22640000000000,4.16570000000000,0.02320000000000,0.26000000000000,12.0662,4446.4131,4.2214,4.1982,0.0232,4.3764,0.0818,0.0818,0.0000,-0.0049,4446.4131,NA,NA,NA
dwm.exe,2532,0x0,Other,-1,0,0,Hardware: Legacy Flip,4454.7150,NA,4.10160000000000,4.16570000000000,0.00000000000000,0.06490000000000,7.9625,4450.6134,4.1016,4.1016,0.0000,4.0168,0.1497,0.1497,0.0000,0.0611,4450.6134,NA,NA,NA
Code.exe,53416,0x267C985BC30,DXGI,0,0,0,Composed: Flip,4454.7156,NA,4.10430000000000,4.16730000000000,0.01990000000000,0.38790000000000,12.1292,4450.6345,4.1010,4.0811,0.0199,4.1939,0.2751,0.2751,0.0000,0.0541,4450.6345,NA,NA,NA
dwm.exe,2532,0x0,Other,-1,0,0,Hardware: Legacy Flip,4458.9253,NA,4.21030000000000,4.16730000000000,0.00000000000000,0.37980000000000,7.9195,4454.7150,4.2103,4.2103,0.0000,4.1242,0.4659,0.4659,0.0000,-0.0657,4454.7150,NA,NA,NA
Code.exe,53416,0x267C985BC30,DXGI,0,0,0,Composed: Flip,4458.9393,NA,4.22370000000000,4.19000000000000,0.02010000000000,0.45980000000000,12.0955,4454.7355,4.2239,4.2038,0.0201,4.5696,0.0940,0.0940,0.0000,-0.0890,4454.7355,NA,NA,NA
dwm.exe,2532,0x0,Other,-1,0,0,Hardware: Legacy Flip,4462.9739,NA,4.04860000000000,4.19000000000000,0.00000000000000,0.41800000000000,8.0609,4458.9253,4.0486,4.0486,0.0000,3.9788,0.4878,0.4878,0.0000,0.0203,4458.9253,NA,NA,NA
Code.exe,53416,0x267C985BC30,DXGI,0,0,0,Composed: Flip,4463.0178,NA,4.07850000000000,4.14420000000000,0.02150000000000,0.46640000000000,12.1612,4458.9594,4.0799,4.0584,0.0215,4.4325,0.0923,0.0923,0.0000,0.0797,4458.9594,NA,NA,NA
dwm.exe,2532,0x0,Other,-1,0,0,Hardware: Legacy Flip,4467.2274,NA,4.25350000000000,4.14420000000000,0.00000000000000,0.33480000000000,7.9516,4462.9739,4.2535,4.2535,0.0000,4.3742,0.2141,0.2141,0.0000,-0.0956,4462.9739,NA,NA,NA
Code.exe,53416,0x267C985BC30,DXGI,0,0,0,Composed: Flip,4467.3948,NA,4.37700000000000,4.17970000000000,0.02810000000000,0.25810000000000,11.9639,4463.0393,4.3836,4.3555,0.0281,4.5229,0.0907,0.0907,0.0000,-0.0998,4463.0393,NA,NA,NA
dwm.exe,2532,0x0,Other,-1,0,0,Hardware: Legacy Flip,4471.4449,NA,4.21750000000000,4.17970000000000,0.00000000000000,0.39050000000000,7.9138,4467.2274,4.2175,4.2175,0.0000,4.1287,0.4793,0.4793,0.0000,0.0738,4467.2274,NA,NA,NA
Code.exe,53416,0x267C985BC30,DXGI,0,0,0,Composed: Flip,4471.4372,NA,4.04240000000000,4.15350000000000,0.02290000000000,0.48650000000000,12.0750,4467.4229,4.0372,4.0143,0.0229,4.4125,0.0883,0.0883,0.0000,0.2301,4467.4229,NA,NA,NA
dwm.exe,2532,0x0,Other,-1,0,0,Hardware: Legacy Flip,4475.5033,NA,4.05840000000000,4.15350000000000,0.00000000000000,0.41200000000000,8.0089,4471.4449,4.0584,4.0584,0.0000,3.9883,0.4821,0.4821,0.0000,0.0640,4471.4449,NA,NA,NA
Code.exe,53416,0x267C985BC30,DXGI,0,0,0,Composed: Flip,4475.5718,NA,4.13460000000000,4.16890000000000,0.02290000000000,0.43350000000000,12.1093,4471.4601,4.1346,4.1117,0.0229,4.4552,0.0900,0.0900,0.0000,-0.1317,4471.4601,NA,NA,NA
dwm.exe,2532,0x0,Other,-1,0,0,Hardware: Legacy Flip,4479.6855,NA,4.18220000000000,4.16890000000000,0.00000000000000,0.44380000000000,7.9956,4475.5033,4.1822,4.1822,0.0000,4.1048,0.5212,0.5212,0.0000,-0.1105,4475.5033,NA,NA,NA
Code.exe,53416,0x267C985BC30,DXGI,0,0,0,Composed: Flip,4479.7368,NA,4.16500000000000,4.16430000000000,0.03900000000000,0.50390000000000,12.1086,4475.5947,4.1811,4.1421,0.0390,4.5346,0.1114,0.1114,0.0000,-0.0297,4475.5947,NA,NA,NA
dwm.exe,2532,0x0,Other,-1,0,0,Hardware: Legacy Flip,4483.9176,NA,4.23210000000000,4.16430000000000,0.00000000000000,0.43840000000000,7.9278,4479.6855,4.2321,4.2321,0.0000,4.5318,0.1387,0.1387,0.0000,0.0179,4479.6855,NA,NA,NA
Code.exe,53416,0x267C985BC30,DXGI,0,0,0,Composed: Flip,4483.9924,NA,4.25560000000000,4.15990000000000,0.02760000000000,0.47250000000000,12.0129,4479.7758,4.2442,4.2166,0.0276,4.5802,0.1089,0.1089,0.0000,0.0212,4479.7758,NA,NA,NA
dwm.exe,2532,0x0,Other,-1,0,0,Hardware: Legacy Flip,4488.1255,NA,4.20790000000000,4.15990000000000,0.00000000000000,0.44790000000000,7.8798,4483.9176,4.2079,4.2079,0.0000,4.1098,0.5460,0.5460,0.0000,0.0722,4483.9176,NA,NA,NA
Code.exe,53416,0x267C985BC30,DXGI,0,0,0,Composed: Flip,4488.0587,NA,4.06630000000000,4.16120000000000,0.02250000000000,0.62690000000000,12.1078,4484.0200,4.0612,4.0387,0.0225,4.5534,0.1122,0.1122,0.0000,0.0830,4484.0200,NA,NA,NA
dwm.exe,2532,0x0,Other,-1,0,0,Hardware: Legacy Flip,4492.1805,NA,4.05500000000000,4.16120000000000,0.00000000000000,0.50180000000000,7.9860,4488.1255,4.0550,4.0550,0.0000,3.9711,0.5857,0.5857,0.0000,0.0467,4488.1255,NA,NA,NA
Code.exe,53416,0x267C985BC30,DXGI,0,0,0,Composed: Flip,4492.1882,NA,4.12950000000000,4.16220000000000,0.02190000000000,0.60550000000000,12.1405,4488.0812,4.1289,4.1070,0.0219,4.6011,0.1114,0.1114,0.0000,-0.1010,4488.0812,NA,NA,NA
dwm.exe,2532,0x0,Other,-1,0,0,Hardware: Legacy Flip,4496.3925,NA,4.21200000000000,4.16220000000000,0.00000000000000,0.48420000000000,7.9362,4492.1805,4.2120,4.2120,0.0000,4.4222,0.2740,0.2740,0.0000,-0.1072,4492.1805,NA,NA,NA
Code.exe,53416,0x267C985BC30,DXGI,0,0,0,Composed: Flip,4496.4304,NA,4.24220000000000,4.17340000000000,0.02440000000000,0.59420000000000,12.0717,4492.2101,4.2447,4.2203,0.0244,4.6666,0.1479,0.1479,0.0000,-0.0445,4492.2101,NA,NA,NA
dwm.exe,2532,0x0,Other,-1,0,0,Hardware: Legacy Flip,4500.5215,NA,4.12900000000000,4.17340000000000,0.00000000000000,0.38550000000000,7.9806,4496.3925,4.1290,4.1290,0.0000,4.0381,0.4764,0.4764,0.0000,0.0386,4496.3925,NA,NA,NA
Code.exe,53416,0x267C985BC30,DXGI,0,0,0,Composed: Flip,4500.5523,NA,4.12190000000000,4.16780000000000,0.02350000000000,0.55160000000000,12.1176,4496.4548,4.1210,4.0975,0.0235,4.4522,0.1969,0.1969,0.0000,0.0769,4496.4548,NA,NA,NA
dwm.exe,2532,0x0,Other,-1,0,0,Hardware: Legacy Flip,4504.6491,NA,4.12760000000000,4.16780000000000,0.00000000000000,0.42940000000000,8.0208,4500.5215,4.1276,4.1276,0.0000,4.0622,0.4948,0.4948,0.0000,-0.0388,4500.5215,NA,NA,NA
Code.exe,53416,0x267C985BC30,DXGI,0,0,0,Composed: Flip,4504.6691,NA,4.11680000000000,4.16760000000000,0.01890000000000,0.60240000000000,12.1684,4500.5758,4.1122,4.0933,0.0189,4.5027,0.1930,0.1930,0.0000,-0.0466,4500.5758,NA,NA,NA
dwm.exe,2532,0x0,Other,-1,0,0,Hardware: Legacy Flip,4508.8053,NA,4.15620000000000,4.16760000000000,0.00000000000000,0.42240000000000,8.0322,4504.6491,4.1562,4.1562,0.0000,4.0806,0.4980,0.4980,0.0000,-0.0400,4504.6491,NA,NA,NA
Code.exe,53416,0x267C985BC30,DXGI,0,0,0,Composed: Flip,4508.8700,NA,4.20090000000000,4.17630000000000,0.02270000000000,0.55340000000000,12.1438,4504.6880,4.2047,4.1820,0.0227,4.5397,0.1957,0.1957,0.0000,-0.0641,4504.6880,NA,NA,NA
dwm.exe,2532,0x0,Other,-1,0,0,Hardware: Legacy Flip,4513.0834,NA,4.27810000000000,4.17630000000000,0.00000000000000,0.42490000000000,7.9304,4508.8053,4.2781,4.2781,0.0000,4.5471,0.1559,0.1559,0.0000,-0.0201,4508.8053,NA,NA,NA
Code.exe,53416,0x267C985BC30,DXGI,0,0,0,Composed: Flip,4513.1046,NA,4.23460000000000,4.17380000000000,0.03260000000000,0.54660000000000,12.0830,4508.8927,4.2445,4.2119,0.0326,4.6156,0.1429,0.1429,0.0000,0.0309,4508.8927,NA,NA,NA
dwm.exe,2532,0x0,Other,-1,0,0,Hardware: Legacy Flip,4517.1676,NA,4.08420000000000,4.17380000000000,0.00000000000000,0.42640000000000,8.0200,4513.0834,4.0842,4.0842,0.0000,4.0018,0.5088,0.5088,0.0000,0.1043,4513.0834,NA,NA,NA
Code.exe,53416,0x267C985BC30,DXGI,0,0,0,Composed: Flip,4517.1839,NA,4.07930000000000,4.18190000000000,0.02310000000000,0.62230000000000,12.1856,4513.1372,4.0698,4.0467,0.0231,4.4568,0.2122,0.2122,0.0000,0.0626,4513.1372,NA,NA,NA
dwm.exe,2532,0x0,Other,-1,0,0,Hardware: Legacy Flip,4521.3271,NA,4.15950000000000,4.18190000000000,0.00000000000000,0.47390000000000,8.0424,4517.1676,4.1595,4.1595,0.0000,4.0878,0.5456,0.5456,0.0000,-0.0977,4517.1676,NA,NA,NA
Code.exe,53416,0x267C985BC30,DXGI,0,0,0,Composed: Flip,4521.3362,NA,4.15230000000000,4.14190000000000,0.02280000000000,0.67020000000000,12.1752,4517.2070,4.1520,4.1292,0.0228,4.5940,0.2054,0.2054,0.0000,-0.0721,4517.2070,NA,NA,NA
dwm.exe,2532,0x0,Other,-1,0,0,Hardware: Legacy Flip,4525.5803,NA,4.25320000000000,4.14190000000000,0.00000000000000,0.47670000000000,7.9311,4521.3271,4.2532,4.2532,0.0000,4.1763,0.5536,0.5536,0.0000,0.0176,4521.3271,NA,NA,NA
Code.exe,53416,0x267C985BC30,DXGI,0,0,0,Composed: Flip,4525.5279,NA,4.19170000000000,4.16390000000000,0.02390000000000,0.74220000000000,12.1474,4521.3590,4.1928,4.1689,0.0239,4.6980,0.2131,0.2131,0.0000,-0.0119,4521.3590,NA,NA,NA
dwm.exe,2532,0x0,Other,-1,0,0,Hardware: Legacy Flip,4529.7500,NA,4.16970000000000,4.16390000000000,0.00000000000000,0.29030000000000,7.9253,4525.5803,4.1697,4.1697,0.0000,4.0764,0.3836,0.3836,0.0000,0.0893,4525.5803,NA,NA,NA
Code.exe,53416,0x267C985BC30,DXGI,0,0,0,Composed: Flip,4529.8097,NA,4.28180000000000,4.16130000000000,0.03140000000000,0.38410000000000,12.0269,4525.5518,4.2893,4.2579,0.0314,4.4885,0.1535,0.1535,0.0000,0.0315,4525.5518,NA,NA,NA
dwm.exe,2532,0x0,Other,-1,0,0,Hardware: Legacy Flip,4533.9086,NA,4.15860000000000,4.16130000000000,0.00000000000000,0.34610000000000,7.9280,4529.7500,4.1586,4.1586,0.0000,4.0681,0.4366,0.4366,0.0000,0.0084,4529.7500,NA,NA,NA
Code.exe,53416,0x267C985BC30,DXGI,0,0,0,Composed: Flip,4533.9871,NA,4.17740000000000,4.16650000000000,0.02560000000000,0.41870000000000,12.0160,4529.8411,4.1716,4.1460,0.0256,4.4136,0.1511,0.1511,0.0000,0.1228,4529.8411,NA,NA,NA
dwm.exe,2532,0x0,Other,-1,0,0,Hardware: Legacy Flip,4538.0935,NA,4.18490000000000,4.16650000000000,0.00000000000000,0.47160000000000,7.9096,4533.9086,4.1849,4.1849,0.0000,4.1144,0.5421,0.5421,0.0000,-0.0079,4533.9086,NA,NA,NA
Code.exe,53416,0x267C985BC30,DXGI,0,0,0,Composed: Flip,4538.0662,NA,4.07910000000000,4.15250000000000,0.02740000000000,0.71440000000000,12.0894,4534.0127,4.0809,4.0535,0.0274,4.5524,0.2155,0.2155,0.0000,0.0191,4534.0127,NA,NA,NA
dwm.exe,2532,0x0,Other,-1,0,0,Hardware: Legacy Flip,4542.1850,NA,4.09150000000000,4.15250000000000,0.00000000000000,0.46210000000000,7.9706,4538.0935,4.0915,4.0915,0.0000,4.0241,0.5295,0.5295,0.0000,0.0324,4538.0935,NA,NA,NA
Code.exe,53416,0x267C985BC30,DXGI,0,0,0,Composed: Flip,4542.2097,NA,4.14350000000000,4.16930000000000,0.02280000000000,0.65710000000000,12.1152,4538.0936,4.1389,4.1161,0.0228,4.5535,0.2197,0.2197,0.0000,-0.0884,4538.0936,NA,NA,NA
dwm.exe,2532,0x0,Other,-1,0,0,Hardware: Legacy Flip,4546.4190,NA,4.23400000000000,4.16930000000000,0.00000000000000,0.29650000000000,7.9059,4542.1850,4.2340,4.2340,0.0000,4.1285,0.4020,0.4020,0.0000,-0.0778,4542.1850,NA,NA,NA
Code.exe,53416,0x267C985BC30,DXGI,0,0,0,Composed: Flip,4546.4734,NA,4.26370000000000,4.16250000000000,0.03290000000000,0.39270000000000,12.0140,4542.2325,4.2738,4.2409,0.0329,4.4830,0.1506,0.1506,0.0000,-0.0236,4542.2325,NA,NA,NA
dwm.exe,2532,0x0,Other,-1,0,0,Hardware: Legacy Flip,4550.5268,NA,4.10780000000000,4.16250000000000,0.00000000000000,0.43140000000000,7.9606,4546.4190,4.1078,4.1078,0.0000,4.0088,0.5304,0.5304,0.0000,0.0715,4546.4190,NA,NA,NA
dwm.exe,2532,0x1,Other,-1,0,0,Hardware: Legacy Flip,4559.3449,NA,2074.00669999999991,2075.51090000000022,0.00000000000000,1.13270000000000,7.4802,2485.3382,2074.0067,2074.0067,0.0000,2074.1148,1.0246,1.0246,0.0000,NA,2485.3382,NA,NA,NA
dwm.exe,2532,0x1,Other,-1,0,0,Hardware: Legacy Flip,4563.0677,NA,3.72280000000000,4.15830000000000,0.00000000000000,0.01290000000000,7.9157,4559.3449,3.7228,3.7228,0.0000,0.0000,0.0000,0.0000,0.0000,2069.8484,4559.3449,NA,NA,NA
Code.exe,53416,0x267C985BC30,DXGI,0,0,0,Composed: Flip,4550.5706,NA,4.09720000000000,4.26990000000000,0.02270000000000,0.60730000000000,12.1867,4546.5063,4.0870,4.0643,0.0227,4.4519,0.2197,0.2197,0.0000,0.0039,4546.5063,NA,NA,NA
Code.exe,53416,0x267C985BC30,DXGI,0,0,0,Composed: Flip,4554.7181,NA,4.14750000000000,NA,0.02440000000000,0.63300000000000,NA,4550.5933,4.1492,4.1248,0.0244,4.5401,0.2177,0.2177,0.0000,NA,NA,NA,NA,NA
Code.exe,53416,0x267C985BC30,DXGI,0,0,0,Composed: Flip,4558.9249,NA,4.20680000000000,NA,0.02180000000000,1.70040000000000,NA,4554.7425,4.2042,4.1824,0.0218,4.3170,1.5658,0.5134,1.0524,NA,NA,NA,NA,NA
Code.exe,53416,0x267C985BC30,DXGI,0,0,0,Composed: Flip,4563.2335,NA,4.30860000000000,NA,0.02620000000000,8.20790000000000,NA,4558.9467,4.3130,4.2868,0.0262,12.0490,0.4457,0.4457,0.0000,NA,NA,NA,NA,NA
dwm.exe,2532,0x0,Other,-1,0,0,Hardware: Legacy Flip,4554.6849,NA,4.15810000000000,4.26990000000000,0.00000000000000,0.44850000000000,8.0724,4550.5268,4.1581,4.1581,0.0000,4.0700,0.5366,0.5366,0.0000,-0.1621,4550.5268,NA,NA,NA
dwm.exe,2532,0x0,Other,-1,0,0,Hardware: Legacy Flip,4559.3430,NA,4.65810000000000,NA,0.00000000000000,0.00000000000000,NA,4554.6849,4.6581,4.6581,0.0000,0.0000,0.0000,0.0000,0.0000,NA,NA,NA,NA,NA
dwm.exe,2532,0x0,Other,-1,0,0,Hardware: Legacy Flip,4563.0658,NA,3.72280000000000,NA,0.00000000000000,0.00000000000000,NA,4559.3430,3.7228,3.7228,0.0000,0.0000,0.0000,0.0000,0.0000,NA,NA,NA,NA,NA
dwm.exe,2532,0x0,Other,-1,0,0,Hardware: Legacy Flip,4571.7659,NA,8.70010000000000,NA,0.00000000000000,0.00000000000000,NA,4563.0658,8.7001,8.7001,0.0000,0.0000,0.0000,0.0000,0.0000,NA,NA,NA,NA,NA
Code.exe,53416,0x267C985BC30,DXGI,0,0,0,Hardware Composed: Independent Flip,4567.1905,NA,3.95700000000000,16.53500000000000,0.02310000000000,8.58180000000000,12.1018,4563.2597,3.9539,3.9308,0.0231,11.8827,0.6299,0.6299,0.0000,0.2184,4563.2597,NA,NA,NA
dwm.exe,2532,0x0,Other,-1,0,0,Hardware: Legacy Flip,4579.5991,NA,7.83320000000000,20.72690000000000,0.00000000000000,0.02890000000000,3.8851,4571.7659,7.8332,7.8332,0.0000,0.0000,0.0000,0.0000,0.0000,0.5122,4571.7659,NA,NA,NA
Code.exe,53416,0x267C985BC30,DXGI,0,0,0,Hardware Composed: Independent Flip,4571.3676,NA,4.17710000000000,4.19220000000000,0.02260000000000,8.39230000000000,12.1169,4567.2136,4.1766,4.1540,0.0226,12.1298,0.4165,0.4165,0.0000,-0.2383,4567.2136,NA,NA,NA
Code.exe,53416,0x267C985BC30,DXGI,0,0,0,Hardware Composed: Independent Flip,4575.5620,NA,4.19440000000000,4.14060000000000,0.02660000000000,8.39890000000000,12.0631,4571.3902,4.1984,4.1718,0.0266,12.1595,0.4112,0.4112,0.0000,0.0360,4571.3902,NA,NA,NA
Code.exe,53416,0x267C985BC30,DXGI,0,0,0,Hardware Composed: Independent Flip,4579.7247,NA,4.16270000000000,4.17890000000000,0.02640000000000,8.38770000000000,12.0793,4575.5886,4.1625,4.1361,0.0264,12.0812,0.4426,0.4426,0.0000,0.0195,4575.5886,NA,NA,NA
dwm.exe,2532,0x0,Other,-1,0,0,Hardware: Legacy Flip,4579.9925,NA,0.39340000000000,4.14070000000000,0.00000000000000,0.96810000000000,7.6324,4579.5991,0.3934,0.3934,0.0000,0.2606,1.1009,1.1009,0.0000,3.6925,4579.5991,NA,NA,NA
Code.exe,53416,0x267C985BC30,DXGI,0,0,0,Hardware Composed: Independent Flip,4583.8606,NA,4.13590000000000,4.14990000000000,0.02340000000000,9.05810000000000,12.0933,4579.7511,4.1329,4.1095,0.0234,12.9887,0.1789,0.1789,0.0000,0.0126,4579.7511,NA,NA,NA
dwm.exe,2532,0x0,Other,-1,0,0,Hardware: Legacy Flip,4596.3275,NA,16.33500000000000,12.51010000000000,0.00000000000000,0.03240000000000,3.8075,4579.9925,16.3350,16.3350,0.0000,0.0000,0.0000,0.0000,0.0000,-12.1167,4579.9925,NA,NA,NA
Code.exe,53416,0x267C985BC30,DXGI,0,0,0,Hardware Composed: Independent Flip,4587.9923,NA,4.13170000000000,4.18150000000000,0.02570000000000,8.47170000000000,12.1431,4583.8840,4.1340,4.1083,0.0257,12.1324,0.4476,0.4476,0.0000,-0.0486,4583.8840,NA,NA,NA
dwm.exe,2532,0x0,Other,-1,0,0,Hardware: Legacy Flip,4596.6679,NA,0.34040000000000,4.16250000000000,0.00000000000000,0.97150000000000,7.6296,4596.3275,0.3404,0.3404,0.0000,0.2627,1.0492,1.0492,0.0000,12.1725,4596.3275,NA,NA,NA
Code.exe,53416,0x267C985BC30,DXGI,0,0,0,Hardware Composed: Independent Flip,4592.2637,NA,4.27140000000000,4.16250000000000,0.03090000000000,8.34150000000000,12.0342,4588.0180,4.2766,4.2457,0.0309,12.1645,0.4227,0.4227,0.0000,-0.0285,4588.0180,NA,NA,NA
dwm.exe,2532,0x0,Other,-1,0,0,Hardware: Legacy Flip,4604.6157,NA,7.94780000000000,4.18130000000000,0.00000000000000,0.03120000000000,3.8631,4596.6679,7.9478,7.9478,0.0000,0.0000,0.0000,0.0000,0.0000,-3.8409,4596.6679,NA,NA,NA
Code.exe,53416,0x267C985BC30,DXGI,0,0,0,Hardware Composed: Independent Flip,4596.4535,NA,4.18980000000000,4.18120000000000,0.02550000000000,8.33490000000000,12.0256,4592.2946,4.1844,4.1589,0.0255,12.0498,0.4440,0.4440,0.0000,0.0954,4592.2946,NA,NA,NA
dwm.exe,2532,0x0,Other,-1,0,0,Hardware: Legacy Flip,4605.0642,NA,0.44850000000000,4.18730000000000,0.00000000000000,1.07300000000000,7.6019,4604.6157,0.4485,0.4485,0.0000,0.3670,1.1545,1.1545,0.0000,3.7605,4604.6157,NA,NA,NA
Code.exe,53416,0x267C985BC30,DXGI,0,0,0,Hardware Composed: Independent Flip,4600.4988,NA,4.04530000000000,4.18760000000000,0.02720000000000,8.41130000000000,12.1679,4596.4790,4.0470,4.0198,0.0272,12.0360,0.3951,0.3951,0.0000,-0.0032,4596.4790,NA,NA,NA
Code.exe,53416,0x267C985BC30,DXGI,0,0,0,Hardware Composed: Independent Flip,4604.6529,NA,4.15410000000000,4.12420000000000,0.02110000000000,8.44940000000000,12.1380,4600.5260,4.1480,4.1269,0.0211,12.1720,0.4043,0.4043,0.0000,-0.0772,4600.5260,NA,NA,NA
Code.exe,53416,0x267C985BC30,DXGI,0,0,0,Hardware Composed: Independent Flip,4608.9548,NA,4.30190000000000,4.15750000000000,0.02660000000000,8.31170000000000,11.9936,4604.6740,4.3074,4.2808,0.0266,12.1503,0.4422,0.4422,0.0000,-0.0095,4604.6740,NA,NA,NA
Code.exe,53416,0x267C985BC30,DXGI,0,0,0,Hardware Composed: Independent Flip,4613.0226,NA,4.06780000000000,4.20540000000000,0.02350000000000,8.39830000000000,12.1312,4608.9814,4.0647,4.0412,0.0235,11.9960,0.4435,0.4435,0.0000,0.1020,4608.9814,NA,NA,NA
Code.exe,53416,0x267C985BC30,DXGI,0,0,0,Hardware Composed: Independent Flip,4617.1895,NA,4.16690000000000,4.14050000000000,0.02420000000000,8.44720000000000,12.1048,4613.0461,4.1676,4.1434,0.0242,12.1531,0.4375,0.4375,0.0000,-0.0758,4613.0461,NA,NA,NA
Code.exe,53416,0x267C985BC30,DXGI,0,0,0,Hardware Composed: Independent Flip,4621.3015,NA,4.11200000000000,4.16420000000000,0.02600000000000,8.46320000000000,12.1570,4617.2137,4.1138,4.0878,0.0260,12.1117,0.4393,0.4393,0.0000,0.0034,4617.2137,NA,NA,NA
Code.exe,53416,0x267C985BC30,DXGI,0,0,0,Hardware Composed: Independent Flip,4625.6183,NA,4.31680000000000,4.16050000000000,0.02430000000000,8.31920000000000,12.0007,4621.3275,4.3151,4.2908,0.0243,12.1673,0.4427,0.4427,0.0000,-0.0467,4621.3275,NA,NA,NA
Code.exe,53416,0x267C985BC30,DXGI,0,0,0,Hardware Composed: Independent Flip,4629.6273,NA,4.00900000000000,4.15790000000000,0.02590000000000,8.45790000000000,12.1496,4625.6426,4.0106,3.9847,0.0259,12.0098,0.4328,0.4328,0.0000,0.1572,4625.6426,NA,NA,NA
Code.exe,53416,0x267C985BC30,DXGI,0,0,0,Hardware Composed: Independent Flip,4633.8563,NA,4.22900000000000,4.17220000000000,0.02420000000000,8.36400000000000,12.0928,4629.6532,4.2273,4.2031,0.0242,12.1513,0.4158,0.4158,0.0000,-0.1616,4629.6532,NA,NA,NA
Code.exe,53416,0x267C985BC30,DXGI,0,0,0,Hardware Composed: Independent Flip,4638.0191,NA,4.16280000000000,4.17390000000000,0.02740000000000,8.40330000000000,12.1039,4633.8805,4.1660,4.1386,0.0274,12.1008,0.4411,0.4411,0.0000,0.0534,4633.8805,NA,NA,NA
Code.exe,53416,0x267C985BC30,DXGI,0,0,0,Hardware Composed: Independent Flip,4642.1695,NA,4.15040000000000,4.16620000000000,0.02510000000000,8.42970000000000,12.1197,4638.0465,4.1481,4.1230,0.0251,12.1024,0.4503,0.4503,0.0000,-0.0002,4638.0465,NA,NA,NA
Code.exe,53416,0x267C985BC30,DXGI,0,0,0,Hardware Composed: Independent Flip,4646.2884,NA,4.11890000000000,4.16460000000000,0.02380000000000,9.02870000000000,12.1654,4642.1946,4.1176,4.0938,0.0238,12.9376,0.1849,0.1849,0.0000,-0.0165,4642.1946,NA,NA,NA
Code.exe,53416,0x267C985BC30,DXGI,0,0,0,Hardware Composed: Independent Flip,4650.5029,NA,4.21450000000000,4.15700000000000,0.02170000000000,8.44340000000000,12.1079,4646.3122,4.2124,4.1907,0.0217,12.1885,0.4456,0.4456,0.0000,-0.0394,4646.3122,NA,NA,NA
Code.exe,53416,0x267C985BC30,DXGI,0,0,0,Hardware Composed: Independent Flip,4654.6855,NA,4.18260000000000,4.17370000000000,0.02580000000000,8.42110000000000,12.0990,4650.5246,4.1867,4.1609,0.0258,12.1486,0.4334,0.4334,0.0000,0.0387,4650.5246,NA,NA,NA
Code.exe,53416,0x267C985BC30,DXGI,0,0,0,Hardware Composed: Independent Flip,4658.9380,NA,4.25250000000000,4.15960000000000,0.02390000000000,8.33870000000000,12.0061,4654.7113,4.2506,4.2267,0.0239,12.1284,0.4370,0.4370,0.0000,0.0271,4654.7113,NA,NA,NA
Code.exe,53416,0x267C985BC30,DXGI,0,0,0,Hardware Composed: Independent Flip,4663.0861,NA,4.14810000000000,4.15860000000000,0.03090000000000,8.31150000000000,12.0166,4658.9619,4.1551,4.1242,0.0309,12.0364,0.3993,0.3993,0.0000,0.0920,4658.9619,NA,NA,NA
Code.exe,53416,0x267C985BC30,DXGI,0,0,0,Hardware Composed: Independent Flip,4667.1901,NA,4.10400000000000,4.17220000000000,0.02420000000000,8.40510000000000,12.0848,4663.1170,4.0973,4.0731,0.0242,12.0210,0.4572,0.4572,0.0000,-0.0171,4663.1170,NA,NA,NA
Code.exe,53416,0x267C985BC30,DXGI,0,0,0,Hardware Composed: Independent Flip,4671.4218,NA,4.23170000000000,4.16760000000000,0.02300000000000,8.35730000000000,12.0207,4667.2143,4.2305,4.2075,0.0230,12.1160,0.4488,0.4488,0.0000,-0.0703,4667.2143,NA,NA,NA
dwm.exe,2532,0x0,Other,-1,0,0,Hardware: Legacy Flip,4609.6145,NA,4.55030000000000,4.12460000000000,0.00000000000000,1.00550000000000,7.1762,4605.0642,4.5503,4.5503,0.0000,4.4515,1.1043,1.1043,0.0000,-3.6761,4605.0642,NA,NA,NA
Code.exe,53416,0x267C985BC30,DXGI,0,0,0,Hardware Composed: Independent Flip,4675.5148,NA,4.09300000000000,4.15920000000000,0.02370000000000,8.47060000000000,12.0869,4671.4448,4.0937,4.0700,0.0237,12.0255,0.5151,0.5151,0.0000,0.0713,4671.4448,NA,NA,NA
dwm.exe,2532,0x0,Other,-1,0,0,Hardware: Legacy Flip,4688.7753,NA,79.16080000000001,75.02580000000000,0.00000000000000,0.09890000000000,3.0412,4609.6145,79.1608,79.1608,0.0000,0.0000,0.0000,0.0000,0.0000,-70.4755,4609.6145,NA,NA,NA
Code.exe,53416,0x267C985BC30,DXGI,0,0,0,Hardware Composed: Independent Flip,4679.6980,NA,4.18320000000000,4.21510000000000,0.02780000000000,8.36620000000000,12.1188,4675.5385,4.1873,4.1595,0.0278,12.1143,0.4114,0.4114,0.0000,-0.1214,4675.5385,NA,NA,NA
Code.exe,53416,0x267C985BC30,DXGI,0,0,0,Hardware Composed: Independent Flip,4683.8571,NA,4.15910000000000,4.13010000000000,0.02170000000000,8.44720000000000,12.0898,4679.7258,4.1530,4.1313,0.0217,12.1511,0.4274,0.4274,0.0000,0.0572,4679.7258,NA,NA,NA
dwm.exe,2532,0x0,Other,-1,0,0,Hardware: Legacy Flip,4689.2103,NA,0.43500000000000,4.12990000000000,0.00000000000000,1.02590000000000,6.7361,4688.7753,0.4350,0.4350,0.0000,0.3248,1.1361,1.1361,0.0000,75.0309,4688.7753,NA,NA,NA
Code.exe,53416,0x267C985BC30,DXGI,0,0,0,Hardware Composed: Independent Flip,4688.0115,NA,4.15440000000000,4.14730000000000,0.02580000000000,8.42690000000000,12.0827,4683.8788,4.1585,4.1327,0.0258,12.1158,0.4438,0.4438,0.0000,0.0057,4683.8788,NA,NA,NA
dwm.exe,2532,0x0,Other,-1,0,0,Hardware: Legacy Flip,4701.3848,NA,12.17450000000000,8.34400000000000,0.00000000000000,0.03020000000000,2.9056,4689.2103,12.1745,12.1745,0.0000,0.0000,0.0000,0.0000,0.0000,-7.9090,4689.2103,NA,NA,NA
Code.exe,53416,0x267C985BC30,DXGI,0,0,0,Hardware Composed: Independent Flip,4692.3048,NA,4.29330000000000,4.19650000000000,0.02340000000000,8.27680000000000,11.9859,4688.0373,4.2909,4.2675,0.0234,12.0941,0.4502,0.4502,0.0000,-0.0380,4688.0373,NA,NA,NA
Code.exe,53416,0x267C985BC30,DXGI,0,0,0,Hardware Composed: Independent Flip,4696.4299,NA,4.12510000000000,4.16990000000000,0.02430000000000,8.32530000000000,12.0307,4692.3282,4.1260,4.1017,0.0243,12.0044,0.4226,0.4226,0.0000,0.1210,4692.3282,NA,NA,NA
Code.exe,53416,0x267C985BC30,DXGI,0,0,0,Hardware Composed: Independent Flip,4700.5051,NA,4.07520000000000,4.14960000000000,0.02610000000000,8.43300000000000,12.1051,4696.4542,4.0770,4.0509,0.0261,12.0437,0.4402,0.4402,0.0000,-0.0236,4696.4542,NA,NA,NA
Code.exe,53416,0x267C985BC30,DXGI,0,0,0,Hardware Composed: Independent Flip,4704.7180,NA,4.21290000000000,4.18910000000000,0.02400000000000,8.46330000000000,12.0813,4700.5312,4.2108,4.1868,0.0240,12.4953,0.1548,0.1548,0.0000,-0.1121,4700.5312,NA,NA,NA
Code.exe,53416,0x267C985BC30,DXGI,0,0,0,Hardware Composed: Independent Flip,4708.9272,NA,4.20920000000000,4.12500000000000,0.03350000000000,9.94100000000000,11.9971,4704.7420,4.2187,4.1852,0.0335,13.0076,1.1186,0.3374,0.7812,0.0858,4704.7420,NA,NA,NA
Code.exe,53416,0x267C985BC30,DXGI,0,0,0,Hardware Composed: Independent Flip,4713.1532,NA,4.22600000000000,4.16570000000000,0.02310000000000,8.17880000000000,11.9368,4708.9607,4.2156,4.1925,0.0231,11.9849,0.3864,0.3864,0.0000,0.0530,4708.9607,NA,NA,NA
Code.exe,53416,0x267C985BC30,DXGI,0,0,0,Hardware Composed: Independent Flip,4717.3182,NA,4.16500000000000,4.16830000000000,0.03050000000000,8.12340000000000,11.9401,4713.1763,4.1724,4.1419,0.0305,11.9443,0.3210,0.3210,0.0000,0.0473,4713.1763,NA,NA,NA
dwm.exe,2532,0x0,Other,-1,0,0,Hardware: Legacy Flip,4701.6360,NA,0.25120000000000,4.16960000000000,0.00000000000000,0.61460000000000,6.8240,4701.3848,0.2512,0.2512,0.0000,0.4716,0.3942,0.3942,0.0000,8.0049,4701.3848,NA,NA,NA
Code.exe,53416,0x267C985BC30,DXGI,0,0,0,Hardware Composed: Independent Flip,4721.3042,NA,3.98600000000000,4.17720000000000,0.02370000000000,8.43640000000000,12.1313,4717.3487,3.9792,3.9555,0.0237,11.9455,0.4464,0.4464,0.0000,-0.0048,4717.3487,NA,NA,NA
Code.exe,53416,0x267C985BC30,DXGI,0,0,0,Hardware Composed: Independent Flip,4725.5279,NA,4.22370000000000,4.16280000000000,0.02810000000000,8.15140000000000,12.0704,4721.3279,4.2281,4.2000,0.0281,12.1421,0.2093,0.2093,0.0000,-0.1836,4721.3279,NA,NA,NA
Code.exe,53416,0x267C985BC30,DXGI,0,0,0,Hardware Composed: Independent Flip,4729.6783,NA,4.15040000000000,4.17400000000000,0.02750000000000,9.24070000000000,12.0940,4725.5560,4.1498,4.1223,0.0275,13.1936,0.1694,0.1694,0.0000,0.0541,4725.5560,NA,NA,NA
Code.exe,53416,0x267C985BC30,DXGI,0,0,0,Hardware Composed: Independent Flip,4734.1138,NA,4.43550000000000,4.15460000000000,0.03500000000000,8.22350000000000,11.8131,4729.7058,4.4430,4.4080,0.0350,12.4663,0.1652,0.1652,0.0000,-0.0048,4729.7058,NA,NA,NA
browser.exe,28600,0x19775AF2210,DXGI,0,0,0,Composed: Flip,4709.5880,NA,385.53910000000002,NA,0.04070000000000,0.57150000000000,26.0320,4325.2059,384.4228,384.3821,0.0407,384.5330,0.4206,0.4206,0.0000,NA,4325.2059,NA,NA,NA
dwm.exe,2532,0x0,Other,-1,0,0,Hardware: Legacy Flip,4715.7155,NA,14.07950000000000,27.16000000000000,0.00000000000000,5.99340000000000,19.9045,4701.6360,14.0795,14.0795,0.0000,10.3545,9.7184,8.0161,1.7023,-26.9088,4701.6360,NA,NA,NA
Code.exe,53416,0x267C985BC30,DXGI,0,0,0,Hardware Composed: Independent Flip,4738.4477,NA,4.33390000000000,4.16720000000000,0.04740000000000,8.00440000000000,11.6464,4734.1488,4.3463,4.2989,0.0474,11.8370,0.4663,0.4663,0.0000,0.2758,4734.1488,NA,NA,NA
Code.exe,53416,0x267C985BC30,DXGI,0,0,0,Hardware Composed: Independent Flip,4742.3721,NA,3.92440000000000,4.16610000000000,0.02570000000000,8.12930000000000,11.8881,4738.4951,3.9027,3.8770,0.0257,11.6491,0.3572,0.3572,0.0000,0.1802,4738.4951,NA,NA,NA
Code.exe,53416,0x267C985BC30,DXGI,0,0,0,Hardware Composed: Independent Flip,4746.6450,NA,4.27290000000000,4.15930000000000,0.03080000000000,8.04710000000000,11.7745,4742.3978,4.2780,4.2472,0.0308,11.8961,0.3982,0.3982,0.0000,-0.2566,4742.3978,NA,NA,NA
Code.exe,53416,0x267C985BC30,DXGI,0,0,0,Hardware Composed: Independent Flip,4750.6453,NA,4.00030000000000,4.17010000000000,0.02710000000000,8.22510000000000,11.9443,4746.6758,3.9966,3.9695,0.0271,11.7861,0.4085,0.4085,0.0000,0.1079,4746.6758,NA,NA,NA
Code.exe,53416,0x267C985BC30,DXGI,0,0,0,Hardware Composed: Independent Flip,4754.7474,NA,4.10210000000000,4.17850000000000,0.06400000000000,8.24250000000000,12.0207,4750.6724,4.1390,4.0750,0.0640,11.9405,0.3770,0.3770,0.0000,-0.1819,4750.6724,NA,NA,NA
Code.exe,53416,0x267C985BC30,DXGI,0,0,0,Hardware Composed: Independent Flip,4758.8236,NA,4.07620000000000,4.16150000000000,0.02570000000000,9.43110000000000,12.1060,4754.8114,4.0379,4.0122,0.0257,13.2825,0.1608,0.1608,0.0000,-0.0225,4754.8114,NA,NA,NA
Code.exe,53416,0x267C985BC30,DXGI,0,0,0,Hardware Composed: Independent Flip,4762.9880,NA,4.16440000000000,4.16240000000000,0.03380000000000,8.35100000000000,12.1040,4758.8493,4.1725,4.1387,0.0338,12.1284,0.3613,0.3613,0.0000,-0.1245,4758.8493,NA,NA,NA
Code.exe,53416,0x267C985BC30,DXGI,0,0,0,Hardware Composed: Independent Flip,4767.4987,NA,4.51070000000000,4.15450000000000,0.03070000000000,8.01960000000000,11.7478,4763.0218,4.5076,4.4769,0.0307,12.1108,0.3857,0.3857,0.0000,0.0180,4763.0218,NA,NA,NA
browser.exe,28600,0x19775AF2210,DXGI,0,0,0,Composed: Flip,4715.4536,NA,5.86560000000000,16.73820000000000,0.03310000000000,0.57990000000000,36.9046,4709.6287,5.8580,5.8249,0.0331,5.9761,0.4287,0.4287,0.0000,367.6846,4709.6287,NA,NA,NA
browser.exe,28600,0x19775AF2210,DXGI,0,0,0,Composed: Flip,4719.5652,NA,4.11160000000000,NA,0.03100000000000,0.53370000000000,NA,4715.4867,4.1095,4.0785,0.0310,4.1835,0.4287,0.4287,0.0000,NA,NA,NA,NA,NA
browser.exe,28600,0x19775AF2210,DXGI,0,0,0,Composed: Flip,4724.4258,NA,4.86060000000000,NA,0.03050000000000,0.55760000000000,NA,4719.5962,4.8601,4.8296,0.0305,4.9393,0.4479,0.4479,0.0000,NA,NA,NA,NA,NA
browser.exe,28600,0x19775AF2210,DXGI,0,0,0,Composed: Flip,4735.4166,NA,10.99080000000000,NA,0.51030000000000,3.33300000000000,NA,4724.4563,11.4706,10.9603,0.5103,10.4827,3.8106,3.7905,0.0201,NA,NA,NA,NA,NA
browser.exe,28600,0x19775AF2210,DXGI,0,0,0,Composed: Flip,4736.2010,NA,0.78440000000000,NA,0.04250000000000,3.51170000000000,NA,4735.9269,0.3166,0.2741,0.0425,2.9921,0.7937,0.7937,0.0000,NA,NA,NA,NA,NA
browser.exe,28600,0x19775AF2210,DXGI,0,0,0,Composed: Flip,4738.0185,NA,1.81750000000000,NA,0.02400000000000,4.15360000000000,NA,4736.2435,1.7990,1.7750,0.0240,3.4692,2.4594,2.4594,0.0000,NA,NA,NA,NA,NA
browser.exe,28600,0x19775AF2210,DXGI,0,0,0,Composed: Flip,4742.1917,NA,4.17320000000000,NA,0.04170000000000,3.08760000000000,NA,4738.0425,4.1909,4.1492,0.0417,4.2948,2.9420,2.9420,0.0000,NA,NA,NA,NA,NA
browser.exe,28600,0x19775AF2210,DXGI,0,0,0,Composed: Flip,4746.2241,NA,4.03240000000000,NA,0.02710000000000,2.87290000000000,NA,4742.2334,4.0178,3.9907,0.0271,4.2187,2.6449,2.6449,0.0000,NA,NA,NA,NA,NA
browser.exe,28600,0x19775AF2210,DXGI,0,0,0,Composed: Flip,4750.4519,NA,4.22780000000000,NA,0.02620000000000,2.42880000000000,NA,4746.2512,4.2269,4.2007,0.0262,4.2502,2.3793,2.3793,0.0000,NA,NA,NA,NA,NA
browser.exe,28600,0x19775AF2210,DXGI,0,0,0,Composed: Flip,4754.5596,NA,4.10770000000000,NA,0.03110000000000,1.20440000000000,NA,4750.4781,4.1126,4.0815,0.0311,4.3101,0.9758,0.9758,0.0000,NA,NA,NA,NA,NA
dwm.exe,2532,0x0,Other,-1,0,0,Hardware: Legacy Flip,4720.9489,NA,5.23340000000000,16.73820000000000,0.00000000000000,6.25500000000000,31.4093,4715.7155,5.2334,5.2334,0.0000,5.9934,5.4950,5.4867,0.0083,-2.6587,4715.7155,NA,NA,NA
Code.exe,53416,0x267C985BC30,DXGI,0,0,0,Hardware Composed: Independent Flip,4771.3825,NA,3.88380000000000,4.16540000000000,0.02790000000000,8.29550000000000,12.0294,4767.5294,3.8810,3.8531,0.0279,11.7520,0.3966,0.3966,0.0000,0.3422,4767.5294,NA,NA,NA
Code.exe,53416,0x267C985BC30,DXGI,0,0,0,Hardware Composed: Independent Flip,4775.5417,NA,4.15920000000000,4.17660000000000,0.02550000000000,8.24220000000000,12.0468,4771.4104,4.1568,4.1313,0.0255,12.0368,0.3367,0.3367,0.0000,-0.2956,4771.4104,NA,NA,NA
Code.exe,53416,0x267C985BC30,DXGI,0,0,0,Hardware Composed: Independent Flip,4779.8500,NA,4.30830000000000,4.16550000000000,0.02800000000000,8.16690000000000,11.9040,4775.5672,4.3108,4.2828,0.0280,12.0603,0.3894,0.3894,0.0000,-0.0087,4775.5672,NA,NA,NA
Code.exe,53416,0x267C985BC30,DXGI,0,0,0,Hardware Composed: Independent Flip,4783.8991,NA,4.04910000000000,4.15140000000000,0.02320000000000,8.29710000000000,12.0063,4779.8780,4.0443,4.0211,0.0232,11.9120,0.4062,0.4062,0.0000,0.1594,4779.8780,NA,NA,NA
browser.exe,28600,0x19775AF2210,DXGI,0,0,0,Composed: Flip,4758.7431,NA,4.18350000000000,33.38100000000000,0.02020000000000,2.51340000000000,26.9961,4754.5907,4.1726,4.1524,0.0202,4.2797,2.3861,2.3861,0.0000,11.5810,4754.5907,NA,NA,NA
browser.exe,28600,0x19775AF2210,DXGI,0,0,0,Composed: Flip,4763.1383,NA,4.39520000000000,NA,0.08220000000000,4.03790000000000,NA,4758.7633,4.4572,4.3750,0.0822,4.4753,3.9376,3.1414,0.7962,NA,NA,NA,NA,NA
browser.exe,28600,0x19775AF2210,DXGI,0,0,0,Composed: Flip,4767.2066,NA,4.06830000000000,NA,0.03880000000000,2.36680000000000,NA,4763.2205,4.0249,3.9861,0.0388,5.3571,0.9958,0.9958,0.0000,NA,NA,NA,NA,NA
browser.exe,28600,0x19775AF2210,DXGI,0,0,0,Composed: Flip,4771.2728,NA,4.06620000000000,NA,0.02140000000000,2.63740000000000,NA,4767.2454,4.0488,4.0274,0.0214,4.1771,2.4877,2.4877,0.0000,NA,NA,NA,NA,NA
browser.exe,28600,0x19775AF2210,DXGI,0,0,0,Composed: Flip,4775.3950,NA,4.12220000000000,NA,0.02550000000000,2.46640000000000,NA,4771.2942,4.1263,4.1008,0.0255,4.2241,2.3431,2.3431,0.0000,NA,NA,NA,NA,NA
browser.exe,28600,0x19775AF2210,DXGI,0,0,0,Composed: Flip,4779.7614,NA,4.36640000000000,NA,0.03390000000000,2.61630000000000,NA,4775.4205,4.3748,4.3409,0.0339,4.3244,2.6328,2.6328,0.0000,NA,NA,NA,NA,NA
browser.exe,28600,0x19775AF2210,DXGI,0,0,0,Composed: Flip,4783.7456,NA,3.98420000000000,NA,0.02760000000000,2.40110000000000,NA,4779.7953,3.9779,3.9503,0.0276,3.9948,2.3566,2.3566,0.0000,NA,NA,NA,NA,NA
browser.exe,28600,0x19775AF2210,DXGI,0,0,0,Composed: Flip,4787.9183,NA,4.17270000000000,NA,0.02410000000000,2.32770000000000,NA,4783.7732,4.1692,4.1451,0.0241,4.2437,2.2291,2.2291,0.0000,NA,NA,NA,NA,NA
browser.exe,28600,0x19775AF2210,DXGI,0,0,0,Composed: Flip,4792.0495,NA,4.13120000000000,NA,0.02240000000000,2.34400000000000,NA,4787.9424,4.1295,4.1071,0.0224,4.2538,2.1973,2.1973,0.0000,NA,NA,NA,NA,NA
dwm.exe,2532,0x0,Other,-1,0,0,Hardware: Legacy Flip,4768.3398,NA,47.39090000000000,33.38100000000000,0.00000000000000,4.74050000000000,17.3994,4720.9489,47.3909,47.3909,0.0000,6.2550,45.8764,6.8918,38.9846,-28.1476,4720.9489,NA,NA,NA
dwm.exe,2532,0x0,Other,-1,0,0,Hardware: Legacy Flip,4801.7436,NA,33.40380000000000,NA,0.00000000000000,0.00000000000000,NA,4768.3398,33.4038,33.4038,0.0000,0.0000,0.0000,0.0000,0.0000,NA,NA,NA,NA,NA
Code.exe,53416,0x267C985BC30,DXGI,0,0,0,Hardware Composed: Independent Flip,4788.0516,NA,4.15250000000000,4.18330000000000,0.04500000000000,8.25770000000000,12.0371,4783.9223,4.1743,4.1293,0.0450,12.0095,0.3775,0.3775,0.0000,-0.1390,4783.9223,NA,NA,NA
dwm.exe,2532,0x0,Other,-1,0,0,Hardware: Legacy Flip,4802.3930,NA,0.64940000000000,18.50720000000000,0.00000000000000,0.08930000000000,1.8534,4801.7436,0.6494,0.6494,0.0000,0.0000,29.4020,3.7354,25.6666,62.2875,4801.7436,NA,NA,NA
Code.exe,53416,0x267C985BC30,DXGI,0,0,0,Hardware Composed: Independent Flip,4792.1833,NA,4.13170000000000,4.15800000000000,0.02330000000000,9.29580000000000,12.0634,4788.0966,4.1100,4.0867,0.0233,13.2146,0.1679,0.1679,0.0000,0.0163,4788.0966,NA,NA,NA
Code.exe,53416,0x267C985BC30,DXGI,0,0,0,Hardware Composed: Independent Flip,4796.3924,NA,4.20910000000000,4.16150000000000,0.08780000000000,8.19420000000000,12.0158,4792.2066,4.2736,4.1858,0.0878,12.2357,0.1443,0.1443,0.0000,-0.0515,4792.2066,NA,NA,NA
Code.exe,53416,0x267C985BC30,DXGI,0,0,0,Hardware Composed: Independent Flip,4800.9404,NA,4.54800000000000,4.17510000000000,0.04180000000000,7.99490000000000,11.6429,4796.4802,4.5020,4.4602,0.0418,11.9787,0.4764,0.4764,0.0000,0.0985,4796.4802,NA,NA,NA
browser.exe,28600,0x19775AF2210,DXGI,0,0,0,Composed: Flip,4796.2066,NA,4.15710000000000,18.50720000000000,0.02380000000000,5.10460000000000,8.0398,4792.0719,4.1585,4.1347,0.0238,5.2905,3.9488,2.9396,1.0092,18.9740,4792.0719,NA,NA,NA
browser.exe,28600,0x19775AF2210,DXGI,0,0,0,Composed: Flip,4800.5853,NA,4.37870000000000,NA,0.04780000000000,3.18870000000000,NA,4796.2304,4.4027,4.3549,0.0478,5.2487,2.2949,2.2949,0.0000,NA,NA,NA,NA,NA
browser.exe,28600,0x19775AF2210,DXGI,0,0,0,Composed: Flip,4804.7618,NA,4.17650000000000,NA,0.03020000000000,2.67250000000000,NA,4800.6331,4.1589,4.1287,0.0302,4.0974,2.7038,2.7038,0.0000,NA,NA,NA,NA,NA
browser.exe,28600,0x19775AF2210,DXGI,0,0,0,Composed: Flip,4808.7346,NA,3.97280000000000,NA,0.03180000000000,1.13520000000000,NA,4804.7920,3.9744,3.9426,0.0318,4.1433,0.9345,0.9345,0.0000,NA,NA,NA,NA,NA
dwm.exe,2532,0x0,Other,-1,0,0,Hardware: Legacy Flip,4803.1745,NA,0.78150000000000,4.16150000000000,0.00000000000000,1.31660000000000,5.2334,4802.3930,0.7815,0.7815,0.0000,0.0893,2.0088,2.0088,0.0000,-3.5121,4802.3930,NA,NA,NA
Code.exe,53416,0x267C985BC30,DXGI,0,0,0,Hardware Composed: Independent Flip,4804.8166,NA,3.87620000000000,4.15140000000000,0.02840000000000,8.16270000000000,11.9181,4800.9822,3.8628,3.8344,0.0284,11.8309,0.1662,0.1662,0.0000,0.3506,4800.9822,NA,NA,NA
dwm.exe,2532,0x0,Other,-1,0,0,Hardware: Legacy Flip,4817.1728,NA,13.99830000000000,12.50330000000000,0.00000000000000,-10.88350000000000,3.7384,4803.1745,13.9983,13.9983,0.0000,1.3166,1.7982,1.7903,0.0079,-11.7218,4803.1745,NA,NA,NA
Code.exe,53416,0x267C985BC30,DXGI,0,0,0,Hardware Composed: Independent Flip,4808.8180,NA,4.00140000000000,4.17680000000000,0.02390000000000,8.36740000000000,12.0935,4804.8450,3.9969,3.9730,0.0239,11.9277,0.4127,0.4127,0.0000,-0.3140,4804.8450,NA,NA,NA
Code.exe,53416,0x267C985BC30,DXGI,0,0,0,Hardware Composed: Independent Flip,4813.1524,NA,4.33440000000000,4.16440000000000,0.02530000000000,8.22100000000000,11.9235,4808.8419,4.3358,4.3105,0.0253,12.1098,0.4217,0.4217,0.0000,-0.1675,4808.8419,NA,NA,NA
Code.exe,53416,0x267C985BC30,DXGI,0,0,0,Hardware Composed: Independent Flip,4817.1079,NA,3.95550000000000,4.16380000000000,0.02200000000000,8.43670000000000,12.1318,4813.1777,3.9522,3.9302,0.0220,11.9441,0.4228,0.4228,0.0000,0.1720,4813.1777,NA,NA,NA
Code.exe,53416,0x267C985BC30,DXGI,0,0,0,Hardware Composed: Independent Flip,4821.3980,NA,4.29010000000000,4.15590000000000,0.06710000000000,8.24190000000000,11.9976,4817.1299,4.3352,4.2681,0.0671,12.1533,0.3567,0.3567,0.0000,-0.2037,4817.1299,NA,NA,NA
Code.exe,53416,0x267C985BC30,DXGI,0,0,0,Hardware Composed: Independent Flip,4825.5177,NA,4.11970000000000,4.16500000000000,0.02410000000000,8.30960000000000,12.0429,4821.4651,4.0767,4.0526,0.0241,11.9615,0.4007,0.4007,0.0000,0.1702,4821.4651,NA,NA,NA
Code.exe,53416,0x267C985BC30,DXGI,0,0,0,Hardware Composed: Independent Flip,4829.6826,NA,4.16490000000000,4.16450000000000,0.03150000000000,8.32430000000000,12.0425,4825.5418,4.1723,4.1408,0.0315,12.0538,0.4113,0.4113,0.0000,-0.0878,4825.5418,NA,NA,NA
Code.exe,53416,0x267C985BC30,DXGI,0,0,0,Hardware Composed: Independent Flip,4833.8868,NA,4.20420000000000,4.17640000000000,0.03140000000000,8.29330000000000,12.0147,4829.7141,4.2041,4.1727,0.0314,12.0455,0.4205,0.4205,0.0000,-0.0041,4829.7141,NA,NA,NA
browser.exe,28600,0x19775AF2210,DXGI,0,0,0,Composed: Flip,4812.9135,NA,4.17890000000000,16.66480000000000,0.02820000000000,0.54950000000000,7.9977,4808.7664,4.1753,4.1471,0.0282,4.5558,0.1408,0.1408,0.0000,0.0297,4808.7664,NA,NA,NA
browser.exe,28600,0x19775AF2210,DXGI,0,0,0,Composed: Flip,4817.0011,NA,4.08760000000000,NA,0.02680000000000,0.32820000000000,NA,4812.9417,4.0862,4.0594,0.0268,4.2437,0.1439,0.1439,0.0000,NA,NA,NA,NA,NA
browser.exe,28600,0x19775AF2210,DXGI,0,0,0,Composed: Flip,4821.1716,NA,4.17050000000000,NA,0.02670000000000,0.34820000000000,NA,4817.0279,4.1704,4.1437,0.0267,4.3455,0.1464,0.1464,0.0000,NA,NA,NA,NA,NA
dwm.exe,2532,0x0,Other,-1,0,0,Hardware: Legacy Flip,4817.5712,NA,0.39840000000000,4.16450000000000,0.00000000000000,0.55820000000000,7.5045,4817.1728,0.3984,0.3984,0.0000,0.3115,0.6451,0.6451,0.0000,9.8338,4817.1728,NA,NA,NA
Code.exe,53416,0x267C985BC30,DXGI,0,0,0,Hardware Composed: Independent Flip,4837.9256,NA,4.03880000000000,4.17450000000000,0.02640000000000,8.34250000000000,12.1504,4833.9182,4.0338,4.0074,0.0264,12.0242,0.3257,0.3257,0.0000,0.0296,4833.9182,NA,NA,NA
Code.exe,53416,0x267C985BC30,DXGI,0,0,0,Hardware Composed: Independent Flip,4842.2955,NA,4.36990000000000,4.16120000000000,0.02850000000000,8.21470000000000,11.9417,4837.9520,4.3720,4.3435,0.0285,12.1604,0.3978,0.3978,0.0000,-0.1274,4837.9520,NA,NA,NA
Code.exe,53416,0x267C985BC30,DXGI,0,0,0,Hardware Composed: Independent Flip,4846.3531,NA,4.05760000000000,4.15230000000000,0.02630000000000,8.36190000000000,12.0364,4842.3240,4.0554,4.0291,0.0263,11.9585,0.4325,0.4325,0.0000,0.2197,4842.3240,NA,NA,NA
Code.exe,53416,0x267C985BC30,DXGI,0,0,0,Hardware Composed: Independent Flip,4850.4899,NA,4.13680000000000,4.17730000000000,0.02120000000000,9.14040000000000,12.0769,4846.3794,4.1317,4.1105,0.0212,13.0900,0.1609,0.1609,0.0000,-0.1219,4846.3794,NA,NA,NA
Code.exe,53416,0x267C985BC30,DXGI,0,0,0,Hardware Composed: Independent Flip,4854.6649,NA,4.17500000000000,8.33080000000000,0.03080000000000,13.36680000000000,16.2327,4850.5111,4.1846,4.1538,0.0308,14.0325,3.4881,0.1408,3.3473,-4.1991,4850.5111,NA,NA,NA
Code.exe,53416,0x267C985BC30,DXGI,0,0,0,Hardware Composed: Independent Flip,4858.8636,NA,4.19870000000000,4.15780000000000,0.02560000000000,12.45390000000000,16.1918,4854.6957,4.1935,4.1679,0.0256,16.2414,0.3804,0.3804,0.0000,0.0268,4854.6957,NA,NA,NA
Code.exe,53416,0x267C985BC30,DXGI,0,0,0,Hardware Composed: Independent Flip,4862.9798,NA,4.11620000000000,4.18130000000000,0.03430000000000,12.52870000000000,16.2569,4858.8892,4.1249,4.0906,0.0343,16.2314,0.3879,0.3879,0.0000,0.0122,4858.8892,NA,NA,NA
browser.exe,28600,0x19775AF2210,DXGI,0,0,0,Composed: Flip,4825.4903,NA,4.31870000000000,31.33640000000000,0.02290000000000,2.79900000000000,26.7573,4821.1983,4.3149,4.2920,0.0229,4.3463,2.7447,2.7447,0.0000,-18.9045,4821.1983,NA,NA,NA
browser.exe,28600,0x19775AF2210,DXGI,0,0,0,Composed: Flip,4829.4887,NA,3.99840000000000,NA,0.03200000000000,1.09680000000000,NA,4825.5132,4.0075,3.9755,0.0320,4.1267,0.9456,0.9456,0.0000,NA,NA,NA,NA,NA
browser.exe,28600,0x19775AF2210,DXGI,0,0,0,Composed: Flip,4833.9888,NA,4.50010000000000,NA,0.02980000000000,0.95940000000000,NA,4829.5207,4.4979,4.4681,0.0298,5.0408,0.3867,0.3867,0.0000,NA,NA,NA,NA,NA
browser.exe,28600,0x19775AF2210,DXGI,0,0,0,Composed: Flip,4837.8444,NA,3.85560000000000,NA,0.02360000000000,0.29920000000000,NA,4834.0186,3.8494,3.8258,0.0236,3.9883,0.1367,0.1367,0.0000,NA,NA,NA,NA,NA
browser.exe,28600,0x19775AF2210,DXGI,0,0,0,Composed: Flip,4842.4086,NA,4.56420000000000,NA,0.02520000000000,2.53660000000000,NA,4837.8680,4.5658,4.5406,0.0252,4.4475,2.6297,2.6297,0.0000,NA,NA,NA,NA,NA
browser.exe,28600,0x19775AF2210,DXGI,0,0,0,Composed: Flip,4846.2101,NA,3.80150000000000,NA,0.02350000000000,2.50440000000000,NA,4842.4338,3.7998,3.7763,0.0235,3.8833,2.3974,2.3974,0.0000,NA,NA,NA,NA,NA
browser.exe,28600,0x19775AF2210,DXGI,0,0,0,Composed: Flip,4850.3378,NA,4.12770000000000,NA,0.02970000000000,0.84380000000000,NA,4846.2336,4.1339,4.1042,0.0297,4.2766,0.6714,0.6714,0.0000,NA,NA,NA,NA,NA
browser.exe,28600,0x19775AF2210,DXGI,0,0,0,Composed: Flip,4854.5250,NA,4.18720000000000,NA,0.02320000000000,2.57070000000000,NA,4850.3675,4.1807,4.1575,0.0232,4.3475,2.3807,2.3807,0.0000,NA,NA,NA,NA,NA
dwm.exe,2532,0x0,Other,-1,0,0,Hardware: Legacy Flip,4834.3249,NA,16.75370000000000,27.17190000000000,0.00000000000000,4.86990000000000,17.9227,4817.5712,16.7537,16.7537,0.0000,13.7162,7.9074,6.9173,0.9901,-26.7735,4817.5712,NA,NA,NA
Code.exe,53416,0x267C985BC30,DXGI,0,0,0,Hardware Composed: Independent Flip,4867.3916,NA,4.41180000000000,4.17740000000000,3.57310000000000,12.28800000000000,16.0225,4863.0141,7.9506,4.3775,3.5731,16.2715,0.3940,0.3940,0.0000,-0.0525,4863.0141,NA,NA,NA
Code.exe,53416,0x267C985BC30,DXGI,0,0,0,Hardware Composed: Independent Flip,4871.3429,NA,3.95130000000000,4.14160000000000,3.75700000000000,12.46870000000000,16.2128,4870.9647,4.1352,0.3782,3.7570,12.4914,0.3555,0.3555,0.0000,3.8090,4870.9647,NA,NA,NA
Code.exe,53416,0x267C985BC30,DXGI,0,0,0,Hardware Composed: Independent Flip,4875.7323,NA,4.38940000000000,4.17590000000000,3.57050000000000,12.15050000000000,15.9993,4875.0999,4.2029,0.6324,3.5705,12.4981,0.2848,0.2848,0.0000,-0.0407,4875.0999,NA,NA,NA
Code.exe,53416,0x267C985BC30,DXGI,0,0,0,Hardware Composed: Independent Flip,4879.6467,NA,3.91440000000000,4.16810000000000,3.85010000000000,12.52630000000000,16.2530,4879.3028,4.1940,0.3439,3.8501,12.4874,0.3828,0.3828,0.0000,0.0348,4879.3028,NA,NA,NA
Code.exe,53416,0x267C985BC30,DXGI,0,0,0,Hardware Composed: Independent Flip,4884.0820,NA,4.43530000000000,4.15610000000000,3.51760000000000,12.27390000000000,15.9738,4883.4968,4.1028,0.5852,3.5176,12.4596,0.3995,0.3995,0.0000,0.0379,4883.4968,NA,NA,NA
Code.exe,53416,0x267C985BC30,DXGI,0,0,0,Hardware Composed: Independent Flip,4888.0580,NA,3.97600000000000,4.17780000000000,3.74650000000000,12.36480000000000,16.1756,4887.5996,4.2049,0.4584,3.7465,12.4975,0.3257,0.3257,0.0000,-0.0750,4887.5996,NA,NA,NA
Code.exe,53416,0x267C985BC30,DXGI,0,0,0,Hardware Composed: Independent Flip,4892.2256,NA,4.16760000000000,4.15070000000000,3.74050000000000,12.46060000000000,16.1587,4891.8045,4.1616,0.4211,3.7405,12.6315,0.2502,0.2502,0.0000,0.0542,4891.8045,NA,NA,NA
browser.exe,28600,0x19775AF2210,DXGI,0,0,0,Composed: Flip,4858.7556,NA,4.23060000000000,33.41480000000000,0.02700000000000,3.34530000000000,26.9068,4854.5482,4.2344,4.2074,0.0270,5.0821,2.4706,2.4706,0.0000,-0.0649,4854.5482,NA,NA,NA
browser.exe,28600,0x19775AF2210,DXGI,0,0,0,Composed: Flip,4862.8773,NA,4.12170000000000,NA,0.02380000000000,5.01410000000000,NA,4858.7826,4.1185,4.0947,0.0238,3.6257,5.4831,4.4159,1.0672,NA,NA,NA,NA,NA
browser.exe,28600,0x19775AF2210,DXGI,0,0,0,Composed: Flip,4868.2654,NA,5.38810000000000,NA,0.02740000000000,1.41060000000000,NA,4862.9011,5.3917,5.3643,0.0274,5.1871,1.5878,1.5878,0.0000,NA,NA,NA,NA,NA
browser.exe,28600,0x19775AF2210,DXGI,0,0,0,Composed: Flip,4871.2762,NA,3.01080000000000,NA,0.02710000000000,2.15360000000000,NA,4868.2928,3.0105,2.9834,0.0271,3.0758,2.0612,2.0612,0.0000,NA,NA,NA,NA,NA
browser.exe,28600,0x19775AF2210,DXGI,0,0,0,Composed: Flip,4875.3110,NA,4.03480000000000,NA,0.03350000000000,1.37380000000000,NA,4871.3033,4.0412,4.0077,0.0335,4.7318,0.6497,0.6497,0.0000,NA,NA,NA,NA,NA
browser.exe,28600,0x19775AF2210,DXGI,0,0,0,Composed: Flip,4879.5551,NA,4.24410000000000,NA,0.02080000000000,1.92910000000000,NA,4875.3445,4.2314,4.2106,0.0208,4.3351,1.8046,1.8046,0.0000,NA,NA,NA,NA,NA
browser.exe,28600,0x19775AF2210,DXGI,0,0,0,Composed: Flip,4883.7433,NA,4.18820000000000,NA,0.02440000000000,1.87810000000000,NA,4879.5759,4.1918,4.1674,0.0244,4.2534,1.7921,1.7921,0.0000,NA,NA,NA,NA,NA
browser.exe,28600,0x19775AF2210,DXGI,0,0,0,Composed: Flip,4887.9516,NA,4.20830000000000,NA,0.07720000000000,2.07560000000000,NA,4883.7677,4.2611,4.1839,0.0772,2.4911,3.7684,3.0342,0.7342,NA,NA,NA,NA,NA
browser.exe,28600,0x19775AF2210,DXGI,0,0,0,Composed: Flip,4892.1679,NA,4.21630000000000,NA,0.02620000000000,1.59950000000000,NA,4888.0288,4.1653,4.1391,0.0262,4.2126,1.5260,1.5260,0.0000,NA,NA,NA,NA,NA
browser.exe,28600,0x19775AF2210,DXGI,0,0,0,Composed: Flip,4896.2284,NA,4.06050000000000,NA,0.02250000000000,2.40200000000000,NA,4892.1941,4.0568,4.0343,0.0225,4.1618,2.2745,2.2745,0.0000,NA,NA,NA,NA,NA
browser.exe,28600,0x19775AF2210,DXGI,0,0,0,Composed: Flip,4900.4248,NA,4.19640000000000,NA,0.02590000000000,2.95510000000000,NA,4896.2509,4.1998,4.1739,0.0259,4.3262,2.8028,2.5191,0.2837,NA,NA,NA,NA,NA
browser.exe,28600,0x19775AF2210,DXGI,0,0,0,Composed: Flip,4904.7229,NA,4.29810000000000,NA,0.07700000000000,1.71980000000000,NA,4900.4507,4.3492,4.2722,0.0770,2.9292,3.0628,2.5069,0.5559,NA,NA,NA,NA,NA
dwm.exe,2532,0x0,Other,-1,0,0,Hardware: Legacy Flip,4868.1792,NA,33.85430000000000,33.41480000000000,0.00000000000000,4.58180000000000,17.4832,4834.3249,33.8543,33.8543,0.0000,4.8699,33.5662,7.2801,26.2861,-16.6611,4834.3249,NA,NA,NA
dwm.exe,2532,0x0,Other,-1,0,0,Hardware: Legacy Flip,4901.7417,NA,33.56250000000000,NA,0.00000000000000,4.73820000000000,NA,4868.1792,33.5625,33.5625,0.0000,4.5818,33.7189,6.8966,26.8223,NA,NA,NA,NA,NA
Code.exe,53416,0x267C985BC30,DXGI,0,0,0,Hardware Composed: Independent Flip,4896.3553,NA,4.12970000000000,4.17590000000000,3.75740000000000,12.40600000000000,16.2049,4895.9661,4.1466,0.3892,3.7574,12.6957,0.0995,0.0995,0.0000,-0.0143,4895.9661,NA,NA,NA
dwm.exe,2532,0x0,Other,-1,0,0,Hardware: Legacy Flip,4912.9807,NA,11.23900000000000,31.10340000000000,0.00000000000000,-6.22660000000000,3.7851,4901.7417,11.2390,11.2390,0.0000,4.7382,0.2742,0.2742,0.0000,36.3134,4901.7417,NA,NA,NA
Code.exe,53416,0x267C985BC30,DXGI,0,0,0,Hardware Composed: Independent Flip,4900.5918,NA,4.23650000000000,4.20590000000000,3.81750000000000,12.17270000000000,16.1743,4900.1127,4.2966,0.4791,3.8175,12.5045,0.1473,0.1473,0.0000,-0.0593,4900.1127,NA,NA,NA
Code.exe,53416,0x267C985BC30,DXGI,0,0,0,Hardware Composed: Independent Flip,4905.0386,NA,4.44680000000000,4.12580000000000,3.40730000000000,11.92740000000000,15.8533,4904.4093,4.0366,0.6293,3.4073,12.4007,0.1560,0.1560,0.0000,0.1708,4904.4093,NA,NA,NA
browser.exe,28600,0x19775AF2210,DXGI,0,0,0,Composed: Flip,4908.7755,NA,4.05260000000000,31.10340000000000,0.02470000000000,1.22250000000000,7.9903,4904.7999,4.0003,3.9756,0.0247,4.0463,1.1518,1.1518,0.0000,19.1483,4904.7999,NA,NA,NA
browser.exe,28600,0x19775AF2210,DXGI,0,0,0,Composed: Flip,4912.8954,NA,4.11990000000000,NA,0.02250000000000,2.63040000000000,NA,4908.8002,4.1177,4.0952,0.0225,4.1630,2.5626,2.1413,0.4213,NA,NA,NA,NA,NA
browser.exe,28600,0x19775AF2210,DXGI,0,0,0,Composed: Flip,4917.1340,NA,4.23860000000000,NA,0.02480000000000,1.89760000000000,NA,4912.9179,4.2409,4.2161,0.0248,4.2826,1.8311,1.8311,0.0000,NA,NA,NA,NA,NA
dwm.exe,2532,0x0,Other,-1,0,0,Hardware: Legacy Flip,4913.4055,NA,0.42480000000000,4.12580000000000,0.00000000000000,0.58710000000000,7.4861,4912.9807,0.4248,0.4248,0.0000,0.6069,0.4050,0.4050,0.0000,7.1132,4912.9807,NA,NA,NA
Code.exe,53416,0x267C985BC30,DXGI,0,0,0,Hardware Composed: Independent Flip,4908.8197,NA,3.78110000000000,4.16680000000000,3.83780000000000,12.26530000000000,16.2390,4908.4459,4.2116,0.3738,3.8378,12.4746,0.1645,0.1645,0.0000,-0.1302,4908.4459,NA,NA,NA
dwm.exe,2532,0x0,Other,-1,0,0,Hardware: Legacy Flip,4925.4304,NA,12.02490000000000,8.35780000000000,0.00000000000000,0.04610000000000,3.8190,4913.4055,12.0249,12.0249,0.0000,0.0000,0.0000,0.0000,0.0000,-7.9330,4913.4055,NA,NA,NA
Code.exe,53416,0x267C985BC30,DXGI,0,0,0,Hardware Composed: Independent Flip,4912.9975,NA,4.17780000000000,4.19130000000000,3.83900000000000,12.26810000000000,16.2525,4912.6575,4.1790,0.3400,3.8390,12.4485,0.1596,0.1596,0.0000,0.0203,4912.6575,NA,NA,NA
Code.exe,53416,0x267C985BC30,DXGI,0,0,0,Hardware Composed: Independent Flip,4917.1755,NA,4.17800000000000,4.13390000000000,3.76290000000000,12.27400000000000,16.2084,4916.8365,4.1019,0.3390,3.7629,12.4643,0.1487,0.1487,0.0000,0.0451,4916.8365,NA,NA,NA
Code.exe,53416,0x267C985BC30,DXGI,0,0,0,Hardware Composed: Independent Flip,4921.3691,NA,4.19360000000000,4.16250000000000,3.73940000000000,12.23000000000000,16.1773,4920.9384,4.1701,0.4307,3.7394,12.4851,0.1756,0.1756,0.0000,-0.0606,4920.9384,NA,NA,NA
Code.exe,53416,0x267C985BC30,DXGI,0,0,0,Hardware Composed: Independent Flip,4925.4662,NA,4.09710000000000,4.16670000000000,3.86570000000000,12.68890000000000,16.2469,4925.1085,4.2234,0.3577,3.8657,12.9399,0.1067,0.1067,0.0000,0.0034,4925.1085,NA,NA,NA
Code.exe,53416,0x267C985BC30,DXGI,0,0,0,Hardware Composed: Independent Flip,4929.6984,NA,4.23220000000000,4.17510000000000,3.75370000000000,12.19710000000000,16.1898,4929.3319,4.1202,0.3665,3.7537,12.4221,0.1415,0.1415,0.0000,0.0483,4929.3319,NA,NA,NA
browser.exe,28600,0x19775AF2210,DXGI,0,0,0,Composed: Flip,4921.2482,NA,4.11420000000000,12.48360000000000,0.02650000000000,1.96210000000000,8.0012,4917.1588,4.1159,4.0894,0.0265,4.2261,1.8254,1.8254,0.0000,-0.1247,4917.1588,NA,NA,NA
dwm.exe,2532,0x0,Other,-1,0,0,Hardware: Legacy Flip,4925.8304,NA,0.40000000000000,4.13420000000000,0.00000000000000,0.54140000000000,7.5532,4925.4304,0.4000,0.4000,0.0000,0.5515,0.3899,0.3899,0.0000,7.8907,4925.4304,NA,NA,NA
Code.exe,53416,0x267C985BC30,DXGI,0,0,0,Hardware Composed: Independent Flip,4933.9133,NA,4.21490000000000,4.16070000000000,3.70170000000000,12.19360000000000,16.1356,4933.4521,4.1629,0.4612,3.7017,12.4840,0.1708,0.1708,0.0000,-0.0405,4933.4521,NA,NA,NA
Code.exe,53416,0x267C985BC30,DXGI,0,0,0,Hardware Composed: Independent Flip,4938.1743,NA,4.26100000000000,4.15710000000000,3.59010000000000,12.08730000000000,16.0317,4937.6150,4.1494,0.5593,3.5901,12.4862,0.1604,0.1604,0.0000,0.0058,4937.6150,NA,NA,NA
Code.exe,53416,0x267C985BC30,DXGI,0,0,0,Hardware Composed: Independent Flip,4942.1159,NA,3.94160000000000,4.17320000000000,3.84140000000000,12.28950000000000,16.2633,4941.7644,4.1929,0.3515,3.8414,12.4725,0.1685,0.1685,0.0000,-0.0238,4941.7644,NA,NA,NA
Code.exe,53416,0x267C985BC30,DXGI,0,0,0,Hardware Composed: Independent Flip,4946.2561,NA,4.14020000000000,4.14860000000000,3.87960000000000,12.32010000000000,16.2717,4945.9573,4.1784,0.2988,3.8796,12.4655,0.1534,0.1534,0.0000,0.0443,4945.9573,NA,NA,NA
Code.exe,53416,0x267C985BC30,DXGI,0,0,0,Hardware Composed: Independent Flip,4950.5738,NA,4.31770000000000,4.16510000000000,3.67660000000000,12.16610000000000,16.1191,4950.1357,4.1147,0.4381,3.6766,12.4318,0.1724,0.1724,0.0000,0.0133,4950.1357,NA,NA,NA
Code.exe,53416,0x267C985BC30,DXGI,0,0,0,Hardware Composed: Independent Flip,4954.5751,NA,4.00130000000000,4.18250000000000,3.84990000000000,12.29750000000000,16.3003,4954.2504,4.1746,0.3247,3.8499,12.4707,0.1515,0.1515,0.0000,-0.0678,4954.2504,NA,NA,NA
Code.exe,53416,0x267C985BC30,DXGI,0,0,0,Hardware Composed: Independent Flip,4958.8286,NA,4.25350000000000,4.16160000000000,3.74230000000000,12.23300000000000,16.2084,4958.4250,4.1459,0.4036,3.7423,12.4871,0.1495,0.1495,0.0000,0.0130,4958.4250,NA,NA,NA
Code.exe,53416,0x267C985BC30,DXGI,0,0,0,Hardware Composed: Independent Flip,4962.9526,NA,4.12400000000000,4.16220000000000,3.77860000000000,12.30840000000000,16.2466,4962.5709,4.1603,0.3817,3.7786,12.5215,0.1686,0.1686,0.0000,-0.0163,4962.5709,NA,NA,NA
browser.exe,28600,0x19775AF2210,DXGI,0,0,0,Composed: Flip,4925.3505,NA,4.10230000000000,22.98790000000000,0.02490000000000,2.56830000000000,26.8868,4921.2747,4.1007,4.0758,0.0249,4.1327,2.5114,2.1080,0.4034,-18.8720,4921.2747,NA,NA,NA
browser.exe,28600,0x19775AF2210,DXGI,0,0,0,Composed: Flip,4929.5589,NA,4.20840000000000,NA,0.02480000000000,2.20910000000000,NA,4925.3754,4.2083,4.1835,0.0248,4.2663,2.1263,2.1263,0.0000,NA,NA,NA,NA,NA
browser.exe,28600,0x19775AF2210,DXGI,0,0,0,Composed: Flip,4933.7231,NA,4.16420000000000,NA,0.02560000000000,2.01290000000000,NA,4929.5837,4.1650,4.1394,0.0256,4.2117,1.9406,1.9406,0.0000,NA,NA,NA,NA,NA
browser.exe,28600,0x19775AF2210,DXGI,0,0,0,Composed: Flip,4937.9646,NA,4.24150000000000,NA,0.03070000000000,2.02420000000000,NA,4933.7487,4.2466,4.2159,0.0307,4.4064,1.8337,1.8337,0.0000,NA,NA,NA,NA,NA
browser.exe,28600,0x19775AF2210,DXGI,0,0,0,Composed: Flip,4942.1103,NA,4.14570000000000,NA,0.02500000000000,1.88120000000000,NA,4937.9953,4.1400,4.1150,0.0250,4.1744,1.8218,1.8218,0.0000,NA,NA,NA,NA,NA
browser.exe,28600,0x19775AF2210,DXGI,0,0,0,Composed: Flip,4946.2420,NA,4.13170000000000,NA,0.02170000000000,1.88910000000000,NA,4942.1353,4.1284,4.1067,0.0217,4.1930,1.8028,1.8028,0.0000,NA,NA,NA,NA,NA
dwm.exe,2532,0x0,Other,-1,0,0,Hardware: Legacy Flip,4934.3989,NA,8.56850000000000,18.85370000000000,0.00000000000000,7.17800000000000,17.8384,4925.8304,8.5685,8.5685,0.0000,6.0217,9.7248,8.5413,1.1835,-18.4537,4925.8304,NA,NA,NA
Code.exe,53416,0x267C985BC30,DXGI,0,0,0,Hardware Composed: Independent Flip,4967.0211,NA,4.06850000000000,4.16370000000000,3.90540000000000,12.41130000000000,16.3418,4966.7312,4.1953,0.2899,3.9054,12.5295,0.1717,0.1717,0.0000,-0.0034,4966.7312,NA,NA,NA
Code.exe,53416,0x267C985BC30,DXGI,0,0,0,Hardware Composed: Independent Flip,4971.2062,NA,4.18510000000000,4.15800000000000,3.92010000000000,12.32990000000000,16.3147,4970.9265,4.1998,0.2797,3.9201,12.4579,0.1517,0.1517,0.0000,0.0373,4970.9265,NA,NA,NA
Code.exe,53416,0x267C985BC30,DXGI,0,0,0,Hardware Composed: Independent Flip,4975.4679,NA,4.26170000000000,4.16430000000000,3.78910000000000,12.26910000000000,16.2173,4975.1263,4.1307,0.3416,3.7891,12.4402,0.1705,0.1705,0.0000,0.0355,4975.1263,NA,NA,NA
